Domain,Temperature,MAE,RMSE,Pearson,Spearman,HelixContentError
1a2nA02,320,0.0691344696969697,0.1488297864189041,0.9348223104172764,0.9113148698403278,0.0262750097125096
1a2nA02,348,0.0734700854700854,0.1473146524878188,0.931730018258792,0.896918031450104,0.0276068376068375
1a2nA02,379,0.0779285506160506,0.1385214812341824,0.9389582112699651,0.882773452684436,0.0135000485625486
1a2nA02,413,0.1175322940947941,0.1724639330895162,0.9096138633827022,0.8974836465348599,0.0104244852369851
1a2nA02,450,0.179659625097125,0.2417374358579399,0.7676138803982082,0.7262406410638826,0.0383714549339549
1a39A00,320,0.0564123781455452,0.1434357124666228,0.8550249961884485,0.6793049521855772,0.0404364089775561
1a39A00,348,0.0712854228066198,0.1404750373716434,0.8185244228264502,0.6624802087992563,0.0225436408977556
1a39A00,379,0.0908452178222519,0.1616443583513789,0.7157099025045742,0.6155263652809003,0.0107944462311451
1a39A00,413,0.0889084107912038,0.1538416519329488,0.6083863714323134,0.5668583393355979,0.015593969621401
1a39A00,450,0.072194913676053,0.0958654338903643,0.6293094338160113,0.6190508661032459,0.0477096976652489
1a3dA00,320,0.1205791407472079,0.1905444722078846,0.9019285722659048,0.8795803533307981,0.0394856124267889
1a3dA00,348,0.1266117477293948,0.1826147429438324,0.9037157957452736,0.8813287061681948,0.0128799762329174
1a3dA00,379,0.1739025549613785,0.224875433861293,0.8471079147481385,0.8744592638785899,0.0108627450980392
1a3dA00,413,0.1511211272387743,0.1894408850987193,0.8035534370232871,0.822578999872512,0.0173105848399965
1a3dA00,450,0.0962379254732196,0.1247717830838844,0.7625807034429941,0.7701821138375015,0.0295395127748069
1a48A01,320,0.0942133952133952,0.1737638877519332,0.8715287602905394,0.8301105269556336,0.0572679042679042
1a48A01,348,0.0981005551005551,0.156350337830789,0.8944653100954549,0.8037964448831387,0.016081991081991
1a48A01,379,0.1149936299936299,0.1657168848192513,0.8428915581988082,0.7962870584900805,0.0194014924014924
1a48A01,413,0.1105956995956996,0.1316618825178339,0.7653863919329479,0.8035933649620315,0.0605533195533195
1a48A01,450,0.0893418217371705,0.1091038292898224,0.6579449033489542,0.6354847792253601,0.0811728451495893
1a7gE00,320,0.066630450849963,0.1217948057856652,0.9470863479038184,0.8769171854490101,0.0132234540527224
1a7gE00,348,0.0529900612309892,0.0865628345101134,0.971740384424497,0.8230992990591661,0.0273805394816697
1a7gE00,379,0.0880537078098053,0.1193535601027339,0.9332417851812588,0.8740470834700741,0.0489544222714954
1a7gE00,413,0.0825544284920348,0.1064013892954042,0.8991805831147655,0.7614415258963598,0.0775599713200393
1a7gE00,450,0.1262466124661246,0.1471606913177205,0.8606367074718114,0.7657305754383017,0.1260275930032027
1b06A01,320,0.1401929745213327,0.1629392398180665,0.9291938445152728,0.9385361684297278,0.0198736619930649
1b06A01,348,0.1435374641941806,0.1831127849801919,0.8357859026964171,0.8364239762375405,0.0102032262927784
1b06A01,379,0.1324664556007839,0.1819127334262722,0.7561511884142464,0.7540277503177019,0.0113375546509875
1b06A01,413,0.143472052156071,0.1695064387162256,0.5588671865027818,0.603251556914335,0.0855463811761591
1b06A01,450,0.1372290064827378,0.1542373258577175,0.7413911394826151,0.6811288281042231,0.1349823609226594
1b2rA02,320,0.1008906429565112,0.1860281369046278,0.9111356468969536,0.8759876120264399,0.0110526220286698
1b2rA02,348,0.0974871469182846,0.1647574511310238,0.9286468731223778,0.9103032294096944,0.0118261053650274
1b2rA02,379,0.1332471055070971,0.1953941326635518,0.9072888336757444,0.8957411937858913,0.0490400101840012
1b2rA02,413,0.151223189983669,0.2167831836445972,0.868632780065114,0.8714306544046563,0.0786985423093207
1b2rA02,450,0.1242690376822113,0.1542241585609259,0.8005229966943934,0.7990642908321879,0.0040555253130103
1b5fB00,320,0.099879136189481,0.1607542784773703,0.8392795038791002,0.7872076622713259,0.0950963659584349
1b5fB00,348,0.1157060921198852,0.1669861028034434,0.8189011631259678,0.5974695943638544,0.0953215571146605
1b5fB00,379,0.0845831882038778,0.1132577985169947,0.8397648243384989,0.734357639520816,0.0722395216533147
1b5fB00,413,0.0853599210495762,0.1123026382309056,0.797912644396211,0.7847577092055189,0.0830499245326831
1b5fB00,450,0.1189801462904911,0.1506786433132338,0.6253159670518355,0.6289395285034496,0.1142477650063857
1b97A00,320,0.1052476817353866,0.1775840922711999,0.9016762747605804,0.847640642001299,0.0131188524590163
1b97A00,348,0.1043000082795164,0.1667479213269329,0.911644060045262,0.8628740192600516,0.0205853204172876
1b97A00,379,0.1153205059967354,0.1754289356055136,0.8963895563870415,0.8749159741752667,0.0260713398623234
1b97A00,413,0.1021623212186986,0.1498067606095703,0.8911221363077998,0.8067573016129496,0.007691741485224
1b97A00,450,0.1023378042722305,0.1388527549226675,0.7908413158318018,0.7979701049066059,0.0335920682232157
1b9nA03,320,0.0523848342580737,0.1163867588798294,0.7964966168004436,0.7629932180652733,0.0421745625266752
1b9nA03,348,0.0554952340304452,0.1060685597895653,0.7305654090927721,0.5179339751841587,0.040099587423531
1b9nA03,379,0.0349671361502347,0.0726583468494838,0.7974245057767143,0.5787114532179009,0.0223272158201735
1b9nA03,413,0.0789926020771091,0.1090010722566298,0.5240548004559197,0.71332221608584,0.0642289088063735
1b9nA03,450,0.0732018779342723,0.0935569866702922,0.6871546331276077,0.7016262632541957,0.0693708920187793
1bagA01,320,0.0961383285302593,0.1678836405369787,0.9152542675601576,0.8677108604167426,0.0359051611212994
1bagA01,348,0.1230646345368352,0.1804038284635682,0.897935356807,0.8489063611085238,0.0065033770615411
1bagA01,379,0.1407255789582711,0.19272045695478,0.8992191003882762,0.8179557215794868,0.0252144323741401
1bagA01,413,0.1439507466596803,0.1975987178417052,0.8564630910043864,0.7815784504249493,0.0044066020434896
1bagA01,450,0.1086492392825421,0.1511349208402949,0.7406302963498524,0.6908937450643279,0.0365709885812507
1bgqA00,320,0.1589216935712263,0.252227022254587,0.7775878812611267,0.8549644064042718,0.0359476541112054
1bgqA00,348,0.1364715180494358,0.2354033573740346,0.7939157115045361,0.8511473389044938,0.0412334275157574
1bgqA00,379,0.1512544132917964,0.2264420217944583,0.7559639886110986,0.8042644430114837,0.0198235627301048
1bgqA00,413,0.1414121785440454,0.199515946241187,0.7350057559458801,0.8161600093372376,0.0144339163230205
1bgqA00,450,0.1154715378079864,0.1567417530129123,0.6660714772540782,0.7997352026874005,0.0300637213254035
1bh3A00,320,0.0495863479081472,0.0888070722052317,0.4547816287202693,0.4149902395334413,0.040004718464926
1bh3A00,348,0.0689180634820773,0.0979136102570526,0.398371556422731,0.4568017517496683,0.0559333473139701
1bh3A00,379,0.0830744273831905,0.1029288424301084,0.4187980293866777,0.4480953481511783,0.0761297980204393
1bh3A00,413,0.1048178818847524,0.1238497860648014,0.3225184525411717,0.3744846624674171,0.098928652421048
1bh3A00,450,0.0962122610184894,0.1140886908670974,0.3735574632058173,0.5973350157502216,0.0925296913774422
1bo7A00,320,0.1108951079829796,0.1741710143317176,0.9257416524001726,0.8882977485870993,0.0281037412690342
1bo7A00,348,0.1211435558112773,0.1839387005903078,0.9180461668195352,0.8653780284840127,0.0374640391254315
1bo7A00,379,0.155220080552359,0.2339820333467338,0.8579095902838318,0.8601043146659786,0.0664887802071346
1bo7A00,413,0.1545023014959724,0.2211527712392543,0.8137535064005248,0.8273227872617,0.0504833141542002
1bo7A00,450,0.102912830840046,0.1432605748111432,0.8375172066910206,0.8183540763871819,0.0003265247410816
1c30A08,320,0.0817108309371083,0.1363996990279911,0.9461627984688824,0.9523692522893656,0.0067729853277298
1c30A08,348,0.0966186272845583,0.1393323066270811,0.9450509923747762,0.9342561585479044,0.0114635319413795
1c30A08,379,0.0863740322937403,0.1214675448498986,0.9236249998332868,0.9355443384619756,0.0214723143847231
1c30A08,413,0.1089515593895155,0.1349624427458296,0.9033985331721444,0.9032608319920904,0.0327405441274054
1c30A08,450,0.1075966231659662,0.1269919784937632,0.8820582188809001,0.8657716881010228,0.0811583720415837
1c3gA01,320,0.0491132252760159,0.1374194968704185,0.8127262394151676,0.5319075780212799,0.032938056775266
1c3gA01,348,0.0472430717430717,0.1007075445244589,0.8851319691036531,0.4946272574255159,0.0204492359492359
1c3gA01,379,0.0587104377104377,0.112682305665082,0.8670763978221336,0.5378464527878809,0.0224141414141414
1c3gA01,413,0.0822716912716912,0.1089043794262396,0.8880186370594215,0.6476958673653093,0.065065786065786
1c3gA01,450,0.0823997668997669,0.0988823963871665,0.8330150737116931,0.7194534754539815,0.0820464905464905
1c5eA00,320,0.0407447102604997,0.1011878912529145,0.8784420724289427,0.5017374023060215,0.0361856459330143
1c5eA00,348,0.0525296119085592,0.118465050314882,0.8414100717537287,0.4913804007692156,0.0494540138224348
1c5eA00,379,0.0739432216905901,0.1190781880287864,0.7788703373180809,0.3702119896074289,0.0571461988304093
1c5eA00,413,0.0849544922913344,0.1088686105075847,0.7610178965632444,0.722120774632902,0.0733617224880383
1c5eA00,450,0.0894688995215311,0.1117688166599049,0.6787729829283502,0.7998679511790758,0.0885311004784689
1c5kA02,320,0.0201503759398496,0.0757915622101539,,,0.0201503759398496
1c5kA02,348,0.0223174603174603,0.0621855662405568,0.1313546780926876,0.2352740973589751,0.0223174603174603
1c5kA02,379,0.0335888205361889,0.0739575593741777,0.1669921097567488,0.2635315800665275,0.0335888205361889
1c5kA02,413,0.0726765398344345,0.0976749886132799,0.0890759633195764,0.1541364566215733,0.0726731981468823
1c5kA02,450,0.0967088174982911,0.1192915717487522,0.1684382135576534,0.3120849997815164,0.0967088174982911
1c7sA02,320,0.0736294440467669,0.1448825047674416,0.9315751077820692,0.8159960995756129,0.0377644953471724
1c7sA02,348,0.0808027519287361,0.1466148309094888,0.927757625020818,0.7942467205096458,0.0260932951562872
1c7sA02,379,0.1099176807444523,0.1608519321870337,0.930225237822094,0.8239858633912591,0.0065590551181102
1c7sA02,413,0.1317717602372874,0.1889282722550185,0.8837893386567377,0.8525370122926453,0.0107176237116702
1c7sA02,450,0.1124453193350831,0.1456903588109243,0.7422616137724933,0.8607655918910465,0.0377256820170206
1c7sA04,320,0.016060606060606,0.0314305390962164,,,0.016060606060606
1c7sA04,348,0.0227425772880318,0.0391490808767631,0.2630366826916442,0.2481094411888525,0.0227021732476277
1c7sA04,379,0.0466169268441995,0.0602516031873772,0.7061507336617109,0.6160614931501424,0.0465593816957453
1c7sA04,413,0.0527482399755127,0.0691904739235847,0.3853746637905985,0.6737150633817277,0.0476334557698194
1c7sA04,450,0.0671602387511478,0.0841217860310942,0.727161513031831,0.7189757406826591,0.0667304866850321
1c8uA01,320,0.0658283475783475,0.1173117501867892,0.9304781349226648,0.8485586280779175,0.0478861046361046
1c8uA01,348,0.0715180652680652,0.1196125794245779,0.9003681445248184,0.8587815797388278,0.0336742424242424
1c8uA01,379,0.0730486664498292,0.1115208603785977,0.9161219668726204,0.910306220627614,0.0046634276576137
1c8uA01,413,0.0982000129500129,0.1451047005936632,0.7206554657656089,0.857146627856863,0.035294807044807
1c8uA01,450,0.0875320512820512,0.1066806571436617,0.6928959044086439,0.820521479242832,0.0736684149184149
1ca1A01,320,0.1188304862579281,0.1653206096157523,0.9388923292829352,0.9204717377164856,0.0025604651162789
1ca1A01,348,0.1248287676767676,0.1739261264710906,0.9269547652653908,0.9285827042313104,0.0388937373737374
1ca1A01,379,0.152660606060606,0.208714286630135,0.8990747665021914,0.9180573206456702,0.0834545454545455
1ca1A01,413,0.2107110014430014,0.2724126931980286,0.8277802689472946,0.8541724628240686,0.1357161154401154
1ca1A01,450,0.1891518787878787,0.2555590638709958,0.8676378452094397,0.8590970636793647,0.1177814545454545
1cb5A01,320,0.1293311344698121,0.2002553799516409,0.9093198116067992,0.876758298692209,0.0278426715915311
1cb5A01,348,0.1631614146452051,0.2430543717975127,0.8660990381224629,0.8452424894424418,0.0593074132849693
1cb5A01,379,0.1838023598509012,0.2573210922392303,0.8447960357843883,0.836672701034902,0.0801478597375483
1cb5A01,413,0.2013058263432328,0.2775446503804443,0.8115487433057418,0.8200198703186211,0.0933144411698027
1cb5A01,450,0.1652573112672863,0.2304949789626052,0.7467323646726921,0.7607415515852394,0.0582022217184311
1ceeB00,320,0.1116718027734977,0.1479829954493041,0.888733201457259,0.6785391221199091,0.0445223420647149
1ceeB00,348,0.0892284833810257,0.1133258313800599,0.9236953470654594,0.793528897868463,0.0549552424976153
1ceeB00,379,0.0701540832049306,0.0878833526965593,0.9398196647924668,0.7753777172818792,0.055130970724191
1ceeB00,413,0.0942295839753467,0.1120464273281999,0.8510625741749401,0.8450579428061267,0.0910246533127888
1ceeB00,450,0.0991602465331279,0.1202459454917291,0.8654031517674495,0.6925041418255857,0.0990523882896764
1ceuA00,320,0.1481550802139037,0.2184178480440428,0.7109051021630172,0.7860870537680389,0.0515953654188948
1ceuA00,348,0.1256185383244206,0.1642868043328958,0.6906474991577368,0.7849400119596709,0.0707443058031293
1ceuA00,379,0.1290503069914834,0.1681566607287357,0.4774901981423836,0.6432326234221104,0.0697383640324816
1ceuA00,413,0.1426827094474153,0.17448239307574,0.3418906772592591,0.5873876363968779,0.100632798573975
1ceuA00,450,0.08923192711428,0.1192536443159764,0.6116147545671742,0.7347754236287677,0.0871760744701921
1chzA00,320,0.0426423611111111,0.1167630904143465,0.9386158051889264,0.7474008542257895,0.030122159090909
1chzA00,348,0.0462171717171717,0.1012752515020545,0.9545916133585416,0.6396786400612363,0.0163188131313131
1chzA00,379,0.0768585858585858,0.1219945467136318,0.9462781820938472,0.606946729637617,0.0126196338383838
1chzA00,413,0.114858428030303,0.1758026646392433,0.9284077337032156,0.5676523538435776,0.006232481060606
1chzA00,450,0.0895318813131313,0.1360002015521006,0.9057661170818728,0.5686116947843899,0.013841856060606
1cywA00,320,0.056338034432374,0.1379480621325014,0.9126173953648116,0.7904733458177643,0.0223033479448573
1cywA00,348,0.0598957499523537,0.1286802923182515,0.9105310088114588,0.7899308431267166,0.0286815958325392
1cywA00,379,0.0685047963915888,0.1206724608452124,0.913550392381933,0.801405336101517,0.0272170764246235
1cywA00,413,0.0835568059797236,0.1254477567303392,0.8831798258661152,0.7606121357562203,0.0297870482707113
1cywA00,450,0.0724481926180039,0.0972237861822944,0.7980486619984815,0.8334770722504888,0.0466104440632742
1d0bA00,320,0.1187733442081268,0.2700115689024572,0.7316308426493333,0.8024595204183368,0.1107011104837191
1d0bA00,348,0.1195454386116912,0.2620851489246843,0.7156802955523411,0.8423809934281539,0.1088365733645236
1d0bA00,379,0.1421014492753623,0.2447137094173427,0.5974345373995138,0.7849348805865445,0.0854259991216513
1d0bA00,413,0.1556082564778217,0.228674338586819,0.4122310513704293,0.6704806380658781,0.0497101449275362
1d0bA00,450,0.1188493631971892,0.140194541698664,0.45760137212211,0.6168440299994735,0.0753667105841019
1d2nA02,320,0.1327175809265361,0.1996547952129102,0.8993203493601267,0.844641026855487,0.0654542439318558
1d2nA02,348,0.0916630483943916,0.1280126316560564,0.9438464661154256,0.8626757918530124,0.0186261980142578
1d2nA02,379,0.123880144730891,0.1598462508117301,0.9320776201974534,0.8901562704143761,0.0746092265943012
1d2nA02,413,0.082960952811699,0.0995596786002239,0.933382956263312,0.9312298121275076,0.0041453339363787
1d2nA02,450,0.0956580732700135,0.1160705369901113,0.8570447609806485,0.8591423325361482,0.0910176390773406
1dh3A00,320,0.145047619047619,0.1838710832207544,0.4336839209212065,0.3090527853984562,0.0549759937032665
1dh3A00,348,0.0604593503747837,0.0783816162709677,0.7599324731144621,0.6835059836514411,0.0351635594849125
1dh3A00,379,0.0910269528125833,0.1174031071101134,0.4881072694237921,0.3907526741816621,0.0820251932817914
1dh3A00,413,0.1232231404958677,0.1451981986960686,0.4553312695388312,0.3293872963492669,0.1227272727272727
1dh3A00,450,0.1287714779934653,0.1439128478292258,0.8435036094145658,0.8344937442610681,0.1287714779934652
1dkiA02,320,0.0802004876349704,0.1705077506756537,0.914763932185009,0.8067445878338687,0.0326631835597352
1dkiA02,348,0.102346305782807,0.1650508455091879,0.918769277394982,0.8219011966984812,0.0292449405747975
1dkiA02,379,0.1562051549982584,0.1990150008708301,0.8931717185174266,0.7801467500758411,0.0018411006617903
1dkiA02,413,0.1268022291884361,0.1627878523338999,0.816619846149577,0.803633540200452,0.004920654824103
1dkiA02,450,0.1007556252176941,0.1192355503002077,0.7681430325808316,0.8257367041532698,0.1002288401253918
1dl5A01,320,0.0649663299663299,0.1232075655616254,0.9556230727472071,0.8769020149020196,0.0059396452083018
1dl5A01,348,0.0775861601085481,0.1357533861447124,0.9452289374104184,0.897054881381001,0.019253178551686
1dl5A01,379,0.092727976280215,0.1472799691919545,0.9317040010526924,0.8890960908869351,0.0044182119704507
1dl5A01,413,0.0986296296296296,0.1450559325795958,0.9351176191369868,0.9034997326790498,0.0002183526810392
1dl5A01,450,0.1341310116086235,0.2010809912178543,0.9001122904014875,0.8716847141110405,0.0443719282375998
1dpgA02,320,0.0882727090275069,0.1464967928179146,0.9113612410926142,0.9020321206790944,0.0247327926666378
1dpgA02,348,0.1080138416060746,0.1772238937291728,0.8676065330950825,0.862646443397946,0.0071956737976155
1dpgA02,379,0.1133302377276186,0.1822789141028496,0.8330342667576908,0.8054314027692818,0.0149084301714692
1dpgA02,413,0.1334436598999706,0.2076949335013341,0.7391602098288942,0.7520629307136892,0.0333406884377758
1dpgA02,450,0.1073109738158281,0.1541880157735664,0.6922582754413857,0.7607829587819118,0.0141688731979994
1dy2A00,320,0.0640852573352573,0.1634299611728469,0.8353399259204968,0.7499859153491235,0.0354518999518999
1dy2A00,348,0.0625574795574795,0.1430863834307669,0.8670332046300819,0.7185169197320477,0.0347273929773929
1dy2A00,379,0.063879438989195,0.1297416972464538,0.8821553923134209,0.7717858907433612,0.02139602763993
1dy2A00,413,0.064064935064935,0.1013418646674938,0.930007858180368,0.7625146880700966,0.0189686147186147
1dy2A00,450,0.1033736772486772,0.1362845577118117,0.8644996770530708,0.766118258533872,0.0485588624338624
1e0bA00,320,0.0694121543301871,0.1227971941029283,0.929445104480392,0.8170137440284864,0.0013108130485179
1e0bA00,348,0.0678198261686633,0.1211808817632348,0.9282630875898322,0.901808625114653,0.0170593737604794
1e0bA00,379,0.0568401580204859,0.0849593074491046,0.9423941659428908,0.75197093316925,0.0345127014541534
1e0bA00,413,0.0852667660208643,0.1141835492644152,0.8464219984529812,0.8554951923983981,0.0825742672627918
1e0bA00,450,0.1245543964232489,0.1596110497895468,0.7244353244923377,0.6488534998644779,0.1175678092399403
1eakA01,320,0.0920798460798461,0.1397123942955029,0.9509179249223512,0.9398006849467996,0.0081798941798941
1eakA01,348,0.098758377425044,0.1473679455833579,0.9339569402692782,0.925122102059265,0.0012486772486772
1eakA01,379,0.0803701802073895,0.1167873278440106,0.9378336214053477,0.9542198614081532,0.0235797584557274
1eakA01,413,0.096383517716851,0.1323152746347473,0.8459706554797263,0.9163657184561838,0.0579201539201538
1eakA01,450,0.1143221099887766,0.1397478663500402,0.7856406956935881,0.8484348086558721,0.1085610068943402
1eb6A00,320,0.0796862980083319,0.1422589653050089,0.9521333616386876,0.9453791289998454,0.0073120470239114
1eb6A00,348,0.089695143525652,0.1446409677958431,0.951438062435791,0.938933177093873,0.0236173029732352
1eb6A00,379,0.1644835438871702,0.2165445355029844,0.9219757914420944,0.9294539644162192,0.0762446817405431
1eb6A00,413,0.1813844661302288,0.2471834313922645,0.8841168287286572,0.9114738694776604,0.0924025566398447
1eb6A00,450,0.0857060924010076,0.1065294796737255,0.7883470048006456,0.826638017414927,0.0133143786533616
1eerA00,320,0.1092731518038326,0.1833010047139029,0.908107650437036,0.9234534581902284,0.0140542097919513
1eerA00,348,0.1377098697821589,0.1932633907609505,0.9020519431177032,0.9197236596625284,0.0444839965924303
1eerA00,379,0.1894359255202628,0.2381526417503645,0.8794836063739389,0.8816761777017583,0.1023439211391017
1eerA00,413,0.2200391870512352,0.2871692012806572,0.7884771286052917,0.838975913600504,0.1407078009005719
1eerA00,450,0.1604712068853284,0.2060957127049154,0.7720389390014001,0.7664948736555002,0.077939739224693
1epwA01,320,0.0834547530095475,0.1309794047046021,0.94865128430812,0.8109955088438574,0.0173277293482772
1epwA01,348,0.1021191365711913,0.1476108491644456,0.938531708200946,0.8183911514484293,0.0093835616438355
1epwA01,379,0.1234587444518951,0.176973660754745,0.8919814986235411,0.7647883445890888,0.002042900022352
1epwA01,413,0.1365815691158157,0.200370178477136,0.8485407140540246,0.6914619826001812,0.0134329597343295
1epwA01,450,0.1356548360315483,0.2082660523835268,0.7638667626609348,0.7375874013554351,0.0198038605230385
1eq6A00,320,0.0574200584835505,0.1119429458228971,0.9580947728947236,0.838446218991097,0.022970208509891
1eq6A00,348,0.0690602853936187,0.13268247734272,0.9420599193324088,0.8479698634734574,0.0020214312436534
1eq6A00,379,0.1168920955587622,0.1970441132199493,0.8748444335094985,0.8152970850354199,0.0204115226337448
1eq6A00,413,0.1328634493078937,0.2089124129871875,0.7972119530292339,0.7352335225437276,0.013633263855486
1eq6A00,450,0.1105435305435305,0.1564353724333836,0.7619558335819894,0.7349959993099399,0.0073321575543797
1escA00,320,0.1224653822998193,0.2193099315920382,0.8657535569970988,0.891268050953259,0.0146779048765803
1escA00,348,0.1332674647809521,0.2147073274670527,0.8730067502580168,0.8700549527504791,0.0163032288876256
1escA00,379,0.1763053949319158,0.2449622548787709,0.8716853011563743,0.8566953050933696,0.0557405722090766
1escA00,413,0.2262206502107164,0.3264675808689691,0.7315142336741243,0.7421068440260312,0.1145108368452739
1escA00,450,0.1712416484339436,0.2450521014415785,0.7354096432142607,0.7170855528453126,0.0699789650665922
1ezvC00,320,0.1825643447461629,0.2287547194956458,0.8572323884190338,0.8671533513861358,0.0771216056670601
1ezvC00,348,0.2159049305672682,0.2718757784365609,0.7873962371204832,0.8147190508754937,0.1030237251925563
1ezvC00,379,0.1748979627722374,0.2206040893350613,0.8216552652701788,0.8345032964435679,0.0848435529654098
1ffsB00,320,0.0691916221033868,0.156446537419922,0.928714516176128,0.8689923400938596,0.0312534165181223
1ffsB00,348,0.0642731729055258,0.1418778760989691,0.9366105162024236,0.8407735615872388,0.0291831550802138
1ffsB00,379,0.0792909982174688,0.150583708948257,0.9173492774963508,0.8198100479391465,0.0037853535353535
1ffsB00,413,0.1042495543672014,0.1501242870719709,0.8956637866513373,0.7657088241071524,0.0129304812834224
1ffsB00,450,0.101834703578401,0.1420426611474958,0.8242509005953119,0.8295984247933674,0.1012829374173912
1fgxA00,320,0.0649195632798574,0.123175245476911,0.9455000470418594,0.8162266148029917,0.0032643345216874
1fgxA00,348,0.0722876188354129,0.1197877223099388,0.9479037014131232,0.7961727980055789,0.004040812537136
1fgxA00,379,0.1059359774212715,0.1746419172512138,0.8940230665143549,0.7416520136312309,0.0162881016042781
1fgxA00,413,0.1339846256684492,0.201460889477379,0.8760965613737928,0.7036780312863147,0.0239450386215092
1fgxA00,450,0.1302204025549613,0.2099648862111248,0.7060871237349273,0.709324748215008,0.0129470811051693
1fohA03,320,0.0876226102446198,0.1416897854416876,0.9117129177506104,0.7854444336911665,0.0443115778426783
1fohA03,348,0.1038364867579288,0.1452201755193844,0.914835068289655,0.7526130412246531,0.0312770273752804
1fohA03,379,0.1198249798722432,0.1800827570410223,0.858158162121658,0.7651099706068577,0.00392772514502
1fohA03,413,0.1324184428012179,0.2137750190934526,0.5890768249266164,0.6437584694441065,0.0158199217050891
1fohA03,450,0.0910772937854277,0.1206544512482321,0.6043243854094101,0.7078091997287557,0.0340685736379516
1fwxA01,320,0.0709048731425605,0.1485832022676144,0.8149496623530198,0.6564924580428767,0.0054623321004477
1g86A00,320,0.0280851063829787,0.1183096070510226,,,0.0280851063829787
1g86A00,348,0.0243719464144996,0.0827000449489018,0.0877766112989218,0.3269103756542,0.0243719464144996
1g86A00,379,0.0204129235618597,0.0694374962639091,0.0632639925252043,0.2883512015931875,0.0204129235618597
1g86A00,413,0.0371760154738878,0.0652767752139608,0.3628563420660235,0.4293122064912544,0.0371760154738878
1g86A00,450,0.05634782475208,0.0769259318578483,0.4026854633519953,0.3561054844470838,0.056144883485309
1gccA00,320,0.0718922558922559,0.1244795823340871,0.9558346751207132,0.8591257024711427,0.0087561327561327
1gccA00,348,0.0743722943722943,0.1178105223046006,0.9475017022715556,0.8173609893305974,0.0270707070707071
1gccA00,379,0.0924474907808241,0.1455099152791759,0.893947444840805,0.8504316438654279,0.0355133878467212
1gccA00,413,0.0925690235690235,0.1311104892738451,0.8378730058833029,0.8720561513430624,0.0234835658168991
1gccA00,450,0.110814434488853,0.1435125229822302,0.688235160368827,0.8390629826174004,0.0960326856605926
1gjsA00,320,0.1593909423909424,0.2285754919870139,0.8116774670699833,0.701644962060444,0.0090207922159141
1gjsA00,348,0.1201538461538461,0.1495845486341508,0.9403552044719784,0.90212869805697,0.1001818181818181
1gjsA00,379,0.0955384615384615,0.1203191612842905,0.9257152583160791,0.9429586542796324,0.0815804195804195
1gjsA00,413,0.1104895104895105,0.1409710894510994,0.8234471358759694,0.8420856149319218,0.1041398601398601
1gjsA00,450,0.1176219114219114,0.137082632861085,0.7982311949730048,0.8107264705460012,0.1176219114219114
1gntA02,320,0.1293069985569985,0.164558311265019,0.9372438058453282,0.8603712818397106,0.0947329244829244
1gntA02,348,0.1904470899470899,0.2226541926365682,0.9158670368770035,0.8783718408798002,0.1469963924963925
1gntA02,379,0.1167755839463156,0.1477295247823075,0.8899682167088813,0.90920264368478,0.0559854292049414
1gntA02,413,0.0797821067821067,0.1003171777431175,0.9178310060756086,0.9087447937219376,0.0336560846560846
1gntA02,450,0.1441512690582457,0.1622352517445804,0.8751306067593188,0.9166292050348624,0.1441512690582458
1gqoB00,320,0.1266695627604718,0.1935732673987501,0.8887115765579061,0.9239741120232468,0.007169103623649
1gqoB00,348,0.1202328883237974,0.1804532053777617,0.8996462956188365,0.9325102095701812,0.0146141837960019
1gqoB00,379,0.144404464222646,0.2098641021869701,0.871843682151577,0.9143693110716012,0.0391625344352617
1gqoB00,413,0.1546938616938617,0.2126962864878817,0.8600201717697316,0.87348129796943,0.0441581549763367
1gqoB00,450,0.170250406159497,0.2307097380226842,0.7455156351484385,0.7751697240544365,0.0491000211909302
1gvhA01,320,0.1290305077805077,0.1711737664517227,0.8933563892586244,0.8297145853610296,0.053254641004641
1gvhA01,348,0.1221037825049453,0.1566484703618253,0.8917183761654469,0.8542060828081751,0.0073383346348461
1gvhA01,379,0.1570976658476658,0.2136187620173293,0.8022790974583413,0.7881211235658361,0.062017813267813
1gvhA01,413,0.1073726453726453,0.1325909543075789,0.8392035183599151,0.8372642554904642,0.0247027027027026
1gvhA01,450,0.0881664619164619,0.1084922468354699,0.7419404132084333,0.7017886753350986,0.043313882063882
1gwcA02,320,0.1409239916899491,0.2017109772671279,0.8876894239016032,0.863582398576759,0.0335707428898919
1gwcA02,348,0.1868318647467583,0.232019443076398,0.8530013464619536,0.8389966002848196,0.081258686152303
1gwcA02,379,0.2362937173149939,0.2931844540831042,0.8018306799299865,0.8021701482350817,0.1575297657425316
1gwcA02,413,0.225110967834372,0.2962909416664756,0.7009704143955776,0.7343112264698387,0.1315062683573322
1gwcA02,450,0.1330468248375225,0.2053874787543906,0.5241555864437151,0.6540128861430127,0.0555695816819023
1gyxA01,320,0.0916205808080808,0.1327962174324859,0.9007740916672436,0.8943639973319427,0.0189302398989899
1gyxA01,348,0.1121216856060606,0.1518731921511216,0.8518014273484462,0.8476965149795602,0.0861942866161616
1gyxA01,379,0.0848019255050505,0.1116700697594987,0.9013448976867832,0.8639787954671352,0.0749250315656565
1gyxA01,413,0.0809655934343434,0.0975771314073715,0.9144568359324158,0.8790385945497147,0.074029356060606
1gyxA01,450,0.1288475048449612,0.1527028898176724,0.8411507275708396,0.7951214836140453,0.1273321331042988
1h67A00,320,0.0925628703051183,0.1580812096717584,0.9302782483563152,0.9212994827709536,0.0073076175188578
1h67A00,348,0.0849328469884025,0.1223690839976752,0.9558726602249044,0.913188555562248,0.0146187803965581
1h67A00,379,0.1171240179573512,0.1579763966024079,0.910221075823574,0.9093649306892296,0.0303217358772913
1h67A00,413,0.0945495697717919,0.1216249158438686,0.9137447106816464,0.9167882711413388,0.0479457538346427
1h67A00,450,0.0916543688391233,0.1132305514139395,0.8632379999318655,0.8471868514693431,0.08467520162869
1hk5A03,320,0.1678096562184024,0.2094349383447701,0.8277285800857347,0.7554936670108009,0.0710459371265741
1hk5A03,348,0.1352474747474747,0.1785037807729777,0.8786088306169068,0.8598644874443109,0.0697270531400965
1hk5A03,379,0.1803388638661641,0.2524869710998915,0.6813707179281719,0.7137370245439764,0.1152359081206401
1hk5A03,413,0.0979524593763724,0.1596147519518419,0.5335306701415314,0.6806467201656814,0.0234337944664031
1hk5A03,450,0.0794333552920509,0.102966646361254,0.6304607882633365,0.7471902443077436,0.0446428414580588
1hsjB03,320,0.0865022316185106,0.12139849055278,0.9482985699883646,0.9454736122476703,0.0062215175005871
1hsjB03,348,0.1254016913319239,0.156910381328308,0.903864121071762,0.9296041101462632,0.0312367864693446
1hsjB03,379,0.1038740897345548,0.1273771801802086,0.926852500442688,0.9171227834896192,0.0037206953253465
1hsjB03,413,0.1075448672774254,0.1274321880968311,0.8576557095159937,0.8676347814122644,0.0036677237491191
1hsjB03,450,0.1414820108681655,0.163774230593342,0.8478203594508381,0.8459597117678452,0.1411221423849872
1inlC02,320,0.0662114898989899,0.1236948429793075,0.633403594609304,0.6119641588112653,0.0662114898989899
1inlC02,348,0.0620165719696969,0.100698628764269,0.4918097238471929,0.656952594594828,0.061232481060606
1inlC02,379,0.082717803030303,0.1255075818800465,0.5796306218288803,0.6160383756793752,0.0815672348484848
1inlC02,413,0.0809183576839827,0.1115578653241924,0.3874108484437768,0.4119505907925875,0.0752382981601731
1inlC02,450,0.1017037563131313,0.1353041412882191,0.2552808098155635,0.2423938205032397,0.0899193497474747
1j2rA00,320,0.1065698243836541,0.1790454338746314,0.8965766859505493,0.8669120951812104,0.0490133938165853
1j2rA00,348,0.0972166344294004,0.1542231154236055,0.9210434170587546,0.9054732072525284,0.0377238340855362
1j2rA00,379,0.1060758113045347,0.1528921662754438,0.924391005882498,0.9035408157605388,0.0108339243498817
1j2rA00,413,0.1235563077584354,0.1700309874204902,0.925363788180131,0.9063916423560068,0.0066666666666666
1j2rA00,450,0.1065276165914463,0.1530418178904549,0.8329187224770459,0.892270844109005,0.0041146572104019
1j78A05,320,0.1733102693602693,0.2392523997503772,0.8549816206443173,0.8549574135138995,0.1396739057239057
1j78A05,348,0.1135917508417508,0.158627184599112,0.9342923139711354,0.927109514314241,0.0950978114478114
1j78A05,379,0.134606734006734,0.1706475638617014,0.9152973410931814,0.9131920154263662,0.0847538720538721
1j78A05,413,0.0942112794612794,0.1318254899673122,0.8022176974105292,0.8140428859896188,0.0400338383838383
1j78A05,450,0.0954958382272335,0.1135428269411149,0.8388016098376423,0.8697571406783959,0.0927687221047686
1j7mA00,320,0.034274074074074,0.0622392411899187,0.5139886596272096,0.6077463059307641,0.0316127946127946
1j7mA00,348,0.0409362240289069,0.0642807196498449,0.7151399966854421,0.7743774732793307,0.0409362240289069
1j7mA00,379,0.0463745791245791,0.0746826441370812,0.244766067490558,0.6601268308201811,0.0415732323232323
1j7mA00,413,0.060405772005772,0.0899762117364115,0.3650155575169225,0.7525883524490802,0.0581124098124098
1j7mA00,450,0.0426457481794691,0.0604214972106611,0.4819342482187908,0.706791871111935,0.040822038211573
1jbjA02,320,0.0225599999999999,0.0399654387301738,0.594124975301461,0.7058937748151516,0.0222874074074074
1jbjA02,348,0.0322848484848484,0.0465062127209994,0.7262032711266561,0.5077546711044576,0.0316329966329966
1jbjA02,379,0.0529399326599326,0.0692410224546026,0.6646638646938787,0.6436621107482287,0.0529399326599326
1jbjA02,413,0.0594779863677424,0.0741128776642715,0.2207427565420676,0.3315673912986389,0.0543679526977087
1jbjA02,450,0.0924773063973064,0.1085144276211167,0.6344049607404054,0.7121787477862155,0.0919771043771043
1jj2A03,320,0.0921405076405076,0.1120259429267842,0.7577863507137458,0.7648479281646142,0.0919695674695674
1jj2A03,348,0.0755457135457135,0.0956367132641899,0.7039140723033616,0.7946042816916307,0.0747031857031857
1jj2A03,379,0.0744194509194509,0.0953100681041312,0.7583571829308839,0.7659407894990808,0.0743733488733488
1jj2A03,413,0.0988220668220668,0.1232941068303073,0.8298559935377653,0.8273681476188588,0.0987637917637917
1jj2A03,450,0.0914540274540274,0.1134206381715923,0.7492058193759968,0.7739055664030676,0.0913967883967883
1jswA02,320,0.2021633902369758,0.2508759352572223,0.8664849892169252,0.8729067449274175,0.1022654696917104
1jswA02,348,0.1946556987788331,0.2496746757712429,0.894923806590711,0.9023166069509236,0.130513907734057
1jswA02,379,0.251217071516034,0.3156312733966251,0.8424274475845992,0.833784133511227,0.1744382715027964
1jswA02,413,0.2646556987788331,0.3555926904426437,0.7766767028320097,0.8491828127598873,0.1905206919945726
1jswA02,450,0.2714245763781515,0.3710979300526042,0.6229092531358366,0.7207807935626808,0.1940632592849705
1jw3A00,320,0.0550820749018423,0.1286595879959364,0.953184604947364,0.8033288080956249,0.0120548927816369
1jw3A00,348,0.0706784271284271,0.1314978788422645,0.9560280586287686,0.7708367011559034,0.0102303751803751
1jw3A00,379,0.0917887445887445,0.1536265346368698,0.9507087719086528,0.7492252230664929,0.0280184704184704
1jw3A00,413,0.1453712121212121,0.1992794282278436,0.9308329378378312,0.7363440439962947,0.0197564935064935
1jw3A00,450,0.198988956414481,0.2832198542091874,0.7106049951703703,0.5849511379675022,0.0346133952768098
1k32A01,320,0.0344552139037433,0.1172314730737746,0.4209530091349108,0.3237618589778767,0.034451871657754
1k32A01,348,0.036640772738563,0.095458356145084,0.2885942648654138,0.3844543338512072,0.036640772738563
1k32A01,379,0.0440757151345386,0.101345110738076,0.4606225132248718,0.4829326183589266,0.0440656883965707
1k32A01,413,0.0508156955132385,0.0820616933989186,0.2641112503927346,0.3263080027763266,0.0502060209338724
1k32A01,450,0.0856093657159833,0.1034602065030088,0.3015946619519307,0.1127758233764123,0.0855201648841354
1k70A02,320,0.1303833119468298,0.1983061342513074,0.9077167226269648,0.8971075938445586,0.0222888823084261
1k70A02,348,0.1245558610770337,0.1844959026762474,0.9117411729559324,0.9166659557782292,0.0210473464284539
1k70A02,379,0.137588359161649,0.1923775868471087,0.9177734623910928,0.9132065294871208,0.0654080544862303
1k70A02,413,0.1372766426479781,0.1939732252022313,0.9187081590057116,0.9153736304632936,0.0651126575198236
1k70A02,450,0.1285035768277667,0.203110620266476,0.7855457819218696,0.836419346268845,0.0411286099465423
1khcA01,320,0.0501589077589077,0.1266654659978889,0.5871030865182809,0.4339382560679738,0.0372257076257076
1khcA01,348,0.0477756021756021,0.126839446865294,0.5762800184129139,0.4802846614346321,0.0340158508158508
1khcA01,379,0.0499703185703185,0.1285293600176783,0.3860805349004008,0.7064374051093788,0.0434783216783216
1khcA01,413,0.0644752136752136,0.1050150072712276,0.5745830022825823,0.4782496992760084,0.0590393162393162
1khcA01,450,0.0547145299145299,0.0904610035451363,0.5605615164744709,0.5610552812181797,0.045634188034188
1kx3D00,320,0.1137684289705566,0.1420631115285967,0.923825122157776,0.9435187605165458,0.0107839028583708
1kx3D00,348,0.089704384268214,0.1134557052908488,0.9352861690177748,0.9420123279927064,0.0042393079733504
1kx3D00,379,0.0916157317859445,0.1110760856425559,0.9169277610652624,0.9137967633595492,0.0024111326026218
1kx3D00,413,0.1023165239016303,0.1255072349663167,0.8733179620821085,0.8937164216823827,0.0949715851524362
1kx3D00,450,0.1479617451106812,0.1704748253380011,0.8250725031198838,0.8457071090478298,0.1475581345368579
1l3gA00,320,0.0842312556458897,0.1492247611267201,0.9040362372385906,0.9136878206038492,0.0466320111685965
1l3gA00,348,0.0830339985218034,0.1410280295780047,0.9154904912327771,0.9045128374816134,0.0565594974131559
1l3gA00,379,0.0824761435493142,0.1130108830017594,0.9339897673743168,0.9025651251248152,0.036459719142646
1l3gA00,413,0.0822388108729572,0.1095603906694018,0.9298916370603604,0.8233035243862019,0.0339664942103966
1l3gA00,450,0.0822692781473269,0.1006974438601866,0.8310080761606135,0.7812825846296566,0.0656714297446004
1l3wA03,320,0.0439727095516569,0.0965859401672419,0.0464811414676709,0.2219623747725487,0.0439727095516569
1l3wA03,348,0.0547690944533049,0.107684399410832,0.2161390116015416,0.4181230626110013,0.0547371965266702
1l3wA03,379,0.0536119338750917,0.0895744958696224,0.489501841380586,0.4327597199440191,0.0512949292422976
1l3wA03,413,0.0469593301435406,0.0736791512059943,0.3124711717200127,0.5593313865077434,0.0463227892964735
1l3wA03,450,0.0729956583377636,0.0995998612508093,0.5854729333679137,0.5948716002744348,0.0722168172957646
1lkoA01,320,0.1264835249042145,0.1809139332477952,0.8963733608946928,0.8041915612409798,0.0135878091257402
1lkoA01,348,0.1793076101836326,0.2166553232821564,0.9146877549112664,0.8967470076145632,0.1244558431143836
1lkoA01,379,0.3436994078718216,0.4058772412825723,0.6753890359455317,0.7532343998877661,0.2876943921978405
1lkoA01,413,0.2521340299547195,0.3168954409902821,0.6696782115964633,0.7103286861760995,0.2045862765586903
1lkoA01,450,0.0885452455590386,0.1272564365047397,0.5736306930116533,0.639874839312426,0.0127508881922674
1lucB00,320,0.0849779671717171,0.1350447988272288,0.9627359942115916,0.9177658793411672,0.0282174873737373
1lucB00,348,0.1437267338014289,0.2053225863793841,0.9320187910717808,0.9164300816311576,0.0879503156565656
1mabB01,320,0.0024170471841704,0.0088783803941829,0.8978837073535398,0.8218333986085745,0.0024170471841704
1mabB01,348,0.0057047184170471,0.0207218947501475,0.8226660407291837,0.5031474434959204,0.0056560121765601
1mabB01,379,0.016787602047876,0.032137683153057,0.6934178668771825,0.4186513451268771,0.016787602047876
1mabB01,413,0.0372873944928739,0.0533187194852259,0.4289283589889711,0.420742420503796,0.0372624878926248
1mabB01,450,0.0785631659056316,0.0926639473410084,0.8128208731162352,0.7718024617589029,0.0782222222222222
1mkfA01,320,0.0814983503375463,0.1853389239990805,0.8124123839717325,0.7594923632503634,0.0715475864169331
1mkfA01,348,0.0728286865381641,0.1513839546639585,0.8506186237450206,0.8072914486138544,0.0523456606499729
1mkfA01,379,0.0699269072635906,0.1279304287861597,0.883942426689798,0.7866082387221978,0.0432617633622658
1mkfA01,413,0.0806475305822039,0.1331067908674445,0.8582178489724903,0.7918565903857209,0.0350829399522867
1mkfA01,450,0.0866406273793208,0.1338494871739043,0.7751674961468545,0.8225847462780511,0.0234223135881427
1ng6A02,320,0.1121492114123693,0.158489705881164,0.9357323470295102,0.8353632052807912,0.0447797270955164
1ng6A02,348,0.1197161084529505,0.1516461678569033,0.931609002747126,0.8736266851129343,0.0270994152046782
1ng6A02,379,0.1181520467836257,0.145143690613278,0.8805979711327453,0.8468528826722456,0.0130448343079921
1ng6A02,413,0.149896006165284,0.1704285627062403,0.9222058541114084,0.8888398754915632,0.149896006165284
1ng6A02,450,0.207481658692185,0.2283421349265361,0.8666761785826008,0.8809000775566441,0.207481658692185
1o0sA02,320,0.1339768050879161,0.1705335331695722,0.8905259782886666,0.8996949394931173,0.0270888514777403
1o0sA02,348,0.1394883090160867,0.1691037664579331,0.89952078660856,0.922249727437439,0.0165449869060979
1o0sA02,379,0.1168292181069958,0.1575866576863006,0.753897382095448,0.8055812803403883,0.0061006359895248
1o0sA02,413,0.1109951191501579,0.1350773595382359,0.5688449770910736,0.5946279944422332,0.022702668371919
1o0sA02,450,0.137637392442948,0.158050665527801,0.7216093339187011,0.6040587670944081,0.1356343995510662
1o82A00,320,0.1577943722943723,0.1825576186734741,0.935145020421283,0.9285361775317148,0.1029744588744588
1o82A00,348,0.1487883116883117,0.1732662113139549,0.9291280468754208,0.905919990576249,0.0837738816738817
1o82A00,379,0.1783701298701298,0.2150974971820424,0.8473854161044955,0.8642395074191874,0.1331103896103895
1o82A00,413,0.1182359307359307,0.136517729242327,0.7953332579025395,0.7907296237118139,0.1113002886002885
1o82A00,450,0.1566184422623447,0.1749351977381237,0.613972381616704,0.5512105864737553,0.1565255481645725
1ow4A00,320,0.0857523569023569,0.1484125592945266,0.9399070731243492,0.9305635753410666,0.029526430976431
1ow4A00,348,0.0804222222222222,0.125844890239322,0.95656282908352,0.9537559167748262,0.0010052188552188
1ow4A00,379,0.094695202020202,0.1272465918364807,0.9547330909434324,0.9416883669526608,0.0073847643097642
1ow4A00,413,0.1023627104377104,0.1267358101354548,0.9521620406518037,0.9496524564526202,0.0059335858585858
1ow4A00,450,0.1155243386243386,0.143538136329117,0.9213959453091152,0.9296511202485088,0.0132108946608945
1pqwA00,320,0.0938739226772013,0.2030960865387617,0.8738123562055831,0.9018812522958024,0.0233636048226212
1pqwA00,348,0.0980830711486449,0.1922334105080034,0.875103654177641,0.9013621755842656,0.0140070099906165
1pqwA00,379,0.1212422034553181,0.2173969362245845,0.8200216956573431,0.8990045499580075,0.0138671413589446
1pqwA00,413,0.1305474416294088,0.2094450005016497,0.8036147962227895,0.8953963759595364,0.004167135839267
1pqwA00,450,0.1143260101331012,0.1545752314937546,0.8526902554836489,0.860672998080007,0.0240001720085593
1q2zA00,320,0.1188138888888888,0.1520586799157056,0.9311409453036432,0.8688034091503278,0.0069822390572391
1q2zA00,348,0.1317497474747474,0.1622749598462521,0.9311580930229588,0.8834741865446322,0.0412702861952861
1q2zA00,379,0.1961174242424242,0.2487563453514645,0.8728405886990256,0.8411604187164069,0.1331931818181819
1q2zA00,413,0.157868265993266,0.2058812416802011,0.8477480846793704,0.8508374287330228,0.0916893097643097
1q2zA00,450,0.1330871212121212,0.1628405575288556,0.7604814420309527,0.7867554950391612,0.1299659090909091
1qexA03,320,0.0216920077972709,0.0473910181221836,0.0917889814308425,0.2047079534426196,0.0216608187134502
1qexA03,348,0.0285337327057481,0.0647229960458199,0.1474136500968453,0.5369496652302739,0.0281845671088289
1qexA03,379,0.0317699805068226,0.0571542756004005,0.2091078135907058,0.3169913360020305,0.0316920077972709
1qexA03,413,0.0626213007265638,0.0889108248572414,0.4758127082576845,0.6537601282683202,0.0622798157008683
1qexA03,450,0.0923837497784866,0.110943180182426,0.6818747612297178,0.6710690406437332,0.0921551479709374
1qhhA00,320,0.1391112128087454,0.1988336235717092,0.8528102031540521,0.8550978192059997,0.0218436420357861
1qhhA00,348,0.1559728381374722,0.1944226389020516,0.8525682608950621,0.8707858869051002,0.0185726164079821
1qhhA00,379,0.1349483521300027,0.1735363908143048,0.8568274539875559,0.8565927495329833,0.0183088798609219
1qhhA00,413,0.1030851338111689,0.1245422379282045,0.8218210265118919,0.834359696533374,0.0537657917805393
1qhhA00,450,0.0995968906306399,0.1196071956090003,0.7882404016625738,0.8221415184960513,0.0936814830093332
1qwzA00,320,0.0790361917042768,0.1487152425747958,0.9173538660091468,0.8744526232739098,0.0076625402965828
1qwzA00,348,0.0851095207393079,0.1575238504015439,0.8858679277942423,0.8578974044267463,0.0068150870406189
1qwzA00,379,0.0879019987105093,0.1517250401447711,0.852782919296876,0.8397718799522682,0.0169272297442509
1qwzA00,413,0.0888002149151085,0.1351591639613558,0.861016835836163,0.8522152544405506,0.0153779926928863
1qwzA00,450,0.0736634429400387,0.1004101138423953,0.8007352965903748,0.8290839312301924,0.0305067698259187
1rq2B02,320,0.0525277777777777,0.0968938794161569,0.9715318308102332,0.8831719792514958,0.007287037037037
1rq2B02,348,0.0433399621212121,0.0803840823846447,0.9801982114217708,0.9210152139769402,0.0062454755892256
1rq2B02,379,0.0629896885521885,0.1035866312310406,0.9675543393084012,0.9427525266546558,0.0014774831649831
1rq2B02,413,0.1009833951038483,0.1342223849632681,0.9546781862215504,0.9079212097762324,0.0145107058362687
1rq2B02,450,0.0686438341750841,0.0938825699585456,0.8568190930367282,0.8008916772657563,0.0655083122895623
1rv9A00,320,0.0730099340512563,0.1705668332996169,0.8946554693985371,0.8677851036253512,0.0253734869354703
1rv9A00,348,0.0681089823858419,0.1364838191377398,0.9259902033533224,0.8714230175830949,0.0153940646130728
1rv9A00,379,0.068553547195965,0.1100134344671248,0.9485926467403788,0.8942381292321664,0.0063314899912055
1rv9A00,413,0.0893466900409049,0.134615034172576,0.9081198290249304,0.8002018936658757,0.0026563152182987
1rv9A00,450,0.0894113448534936,0.1333532241248509,0.8449822295507211,0.7932999337576508,0.0246805659904833
1ryuA00,320,0.1465316375133448,0.1793248911909141,0.904377744499497,0.907269763190903,0.0002666584544633
1ryuA00,348,0.1470827441077441,0.1782205125614812,0.8975677850797281,0.9089610126430788,0.0498381313131313
1ryuA00,379,0.0922686026936027,0.1158083480058472,0.9085862187410312,0.9283167480511152,0.0101776936026935
1ryuA00,413,0.0826138211382113,0.108947147137872,0.8397873923203955,0.8855967130423704,0.0160668883961566
1ryuA00,450,0.106069264069264,0.126942229617408,0.7874479146798011,0.7396836411041198,0.0976323953823953
1rzuA02,320,0.0799428253830167,0.1365405422515433,0.9552816370673292,0.9194604320399508,0.0024549320960804
1rzuA02,348,0.0998714416896235,0.1579118841873834,0.9287236787139292,0.918938544882307,0.0086771059881108
1rzuA02,379,0.1358866173698709,0.1937986210296924,0.904146980067484,0.907505766458478,0.0497609588710067
1rzuA02,413,0.1334988159102992,0.2082185232510036,0.858859371915848,0.909841379322328,0.0694119182253153
1rzuA02,450,0.079256343337683,0.102233208271251,0.8831348990846083,0.8759736585404324,0.0167930501184089
1s5lH00,320,0.156483704974271,0.1987027356917127,0.8072455342937185,0.8635712130913111,0.0959519725557462
1s5lH00,348,0.1411867733943206,0.1738091834808089,0.8041205187306504,0.8388153005786695,0.0928867379999456
1s5lH00,379,0.1282588145607013,0.150428246987162,0.8620410628960252,0.852418096204509,0.1192952163140842
1s5lH00,413,0.1782002428851924,0.1989843653019622,0.8346053329817478,0.8662488229322954,0.1772747705222475
1s5lH00,450,0.1338168477225081,0.1665639166440856,0.7821623615153952,0.8133635210384619,0.133816847722508
1sqpF00,320,0.1052455026455026,0.1832502774987289,0.8969205843603261,0.9194716359859044,0.0100670514670514
1sqpF00,348,0.1273944203944204,0.1731046956981374,0.91171029456075,0.914877047418725,0.0089164983164983
1sqpF00,379,0.1684459254784836,0.2102417063517759,0.9027382562333364,0.9223407621287142,0.064869827846572
1sqpF00,413,0.1333419913419913,0.1633451834524161,0.866673603639458,0.8437431460486142,0.0036709956709956
1sqpF00,450,0.0824545454545454,0.099491475609764,0.8370507874866776,0.8538155357925574,0.0630432900432901
1sxrA00,320,0.0504223156419688,0.1085242210495953,0.9621429407534544,0.9203834738749442,0.0040291352834705
1sxrA00,348,0.0535893117800632,0.1057515553280566,0.9587787577747536,0.883891237036408,0.0028730992835039
1sxrA00,379,0.0794498160798738,0.1257629359788259,0.9508744509306084,0.8230051125139878,0.0040278507619548
1sxrA00,413,0.1131298534477725,0.1685241313211322,0.8683316551833407,0.8477304322340004,0.0258482512991183
1sxrA00,450,0.1297739242132305,0.1934997211656871,0.7786820995951933,0.8077059922768387,0.0080707654580487
1sznA02,320,0.0276470588235294,0.0602934002826765,,,0.0276470588235294
1sznA02,348,0.0248663101604278,0.0527841754545353,0.108154435551157,0.2610218889095616,0.0248663101604278
1sznA02,379,0.0437705486234897,0.0703819572598866,0.4578948793278297,0.4188375067564862,0.0437444048326401
1sznA02,413,0.0555486234897999,0.0785767418050475,0.595879429737648,0.6731189413026316,0.0550425826896415
1sznA02,450,0.0777802535155476,0.1033982366058981,0.4964518897439508,0.6986261317240051,0.0764110714993067
1t0iA00,320,0.1030962052962052,0.1705045702260561,0.9192480782359826,0.8816000621519399,0.0241698607698608
1t0iA00,348,0.1042309582309582,0.1620976109329836,0.9216738657865527,0.9032184312434764,0.0185159705159705
1t0iA00,379,0.120643953043953,0.1755003349877257,0.9063077334336744,0.9150428430715926,0.0144490308490308
1t0iA00,413,0.1011082795268841,0.1444974613678112,0.8920126536957462,0.8993262005616384,0.0131803896920176
1t0iA00,450,0.1011786513786513,0.1512215996541301,0.7579882225640031,0.8216166046245862,0.0178851760851761
1tezA01,320,0.0535060763888888,0.0940493447868049,0.9780744826634264,0.9667721287746152,0.0153357796717171
1tezA01,348,0.0781951453877005,0.1327021699158727,0.952399854032814,0.9642863212779408,0.0246836332070707
1tezA01,379,0.0793517203282828,0.122300623701104,0.9613018265372132,0.958937395940824,0.0365853061868686
1tezA01,413,0.0944955808080808,0.1458022575935226,0.9341595287310742,0.9402802254933068,0.0398762626262625
1tezA01,450,0.0980157828282828,0.1355476558198831,0.9304452761399996,0.927619098769004,0.0339865845959595
1tltA02,320,0.1065320951449983,0.1845994978104066,0.8842991101192731,0.900620898090411,0.0175150273859951
1tltA02,348,0.1186943086781796,0.203145860803477,0.8592403420879973,0.8834915066127081,0.0367986857825567
1tltA02,379,0.1184632344954925,0.1603255756291005,0.8767588591449549,0.8378195952647558,0.0018023243184533
1tltA02,413,0.1063224177256435,0.134429491320196,0.8888058505084007,0.7898548527247236,0.0151000868904094
1tltA02,450,0.0891773107418268,0.1035325997959562,0.8164034754184775,0.7400490129225412,0.0753769414575866
1tuaA01,320,0.0876035868893011,0.1775947528146437,0.9212709805690926,0.9200167142861664,0.0535000343571772
1tuaA01,348,0.0856037758537758,0.1678880384215395,0.9288266649980128,0.9211202746575402,0.0535741943241943
1tuaA01,379,0.0984840067340067,0.1540752699129942,0.9331176393759658,0.93376493445626,0.0176234968734968
1tuaA01,413,0.0861202501202501,0.1277914363682492,0.946743562168781,0.9177556779251428,0.0057243867243867
1tuaA01,450,0.0884024771524771,0.1147853572906069,0.9429784554369908,0.9140730075792552,0.0793822751322751
1tvjA00,320,0.0721309306490029,0.1279384769119617,0.9433297546344692,0.8853696621037326,0.0136265407952154
1tvjA00,348,0.0829326396495071,0.1298149471050421,0.9455730530927756,0.8618847911402003,0.0044769989047097
1tvjA00,379,0.1254234598719048,0.1924140560537841,0.89395906691678,0.827959258246755,0.0401731931248602
1tvjA00,413,0.1591653540569203,0.2396815809843994,0.7790688393563566,0.8333043448623102,0.0553648359672455
1tvjA00,450,0.1211586345381526,0.168117987111026,0.7204160763303062,0.7700003230314871,0.0147995010344408
1tyeA00,320,0.0356654437979299,0.0878740493804238,0.8206633000389469,0.4118479793864235,0.0138956227223874
1tyeA00,348,0.0447355412532403,0.1060922967463304,0.7030979119459296,0.4889676213426422,0.0166182175739697
1tyeA00,379,0.0690877284888398,0.1215728231347025,0.4984310871274229,0.481597758387881,0.0384322438212127
1tyeA00,413,0.0870955796907124,0.1345094638271054,0.3345811768483069,0.4227964380483569,0.0544740994010905
1tyeA00,450,0.0880910878698489,0.1238254307222559,0.2682405785728626,0.2359098401482804,0.0635723735458248
1u60A00,320,0.1018810761335033,0.1652652934143925,0.9355157103988568,0.9250083218515056,0.0166915105750058
1u60A00,348,0.121496028243601,0.1756997354634056,0.9333546693019668,0.9131015766459538,0.0366504854368932
1u60A00,379,0.1817681671079729,0.2428460657835183,0.9038781282604544,0.9127861819421768,0.0892350691379816
1u60A00,413,0.2331860024190121,0.310202418242805,0.8180894034123818,0.8731628958648494,0.1270383119218071
1u60A00,450,0.1994258768918963,0.2713352767760755,0.7210891944309337,0.7329479121311162,0.0908752574286555
1uapA00,320,0.0427238029146426,0.0928178841642454,0.9811942476654608,0.6818290812104638,0.017718636749171
1uapA00,348,0.0406792350990824,0.0922302265176625,0.9660579427463106,0.7100886103653119,0.0124886267252679
1uapA00,379,0.0627258076952733,0.1414903140711393,0.8944345048553308,0.7171385993600523,0.0220719407818644
1uapA00,413,0.0598400801912252,0.1212774254327464,0.7361273685461119,0.692478710901193,0.0026807001310818
1uapA00,450,0.0507675225537821,0.0732731265823069,0.6690522742842241,0.6832480127653878,0.0463644074331097
1um8A02,320,0.0946903293302238,0.143807086077879,0.9404458931803064,0.9044230698077712,0.0105871106170794
1um8A02,348,0.1100880974695407,0.1548643672662684,0.9370145897798928,0.915276414724513,0.0534278871186088
1um8A02,379,0.1049089718986626,0.1419739324107429,0.9284813131989856,0.9112789511770272,0.0312164353401466
1um8A02,413,0.1512104550661251,0.2091573603054462,0.8689478767736061,0.8827514080913198,0.0904302822034781
1um8A02,450,0.0699493908153702,0.0873479567869266,0.8830633775073004,0.8539554305908477,0.0461332916796834
1beoA00,320,0.0686575963718821,0.1298513676362198,0.9579310742168544,0.9172171605187492,0.0407664399092969
1beoA00,348,0.1004730153702279,0.163467485034923,0.9268868501181536,0.8689321117497903,0.0502088907994831
1beoA00,379,0.0831514120799835,0.1181367752806329,0.9475115796287924,0.9510945982893088,0.0477477839620695
1beoA00,413,0.1083935031376891,0.1426580140905906,0.8934697458442084,0.9065090014094418,0.0963270579549649
1beoA00,450,0.1210752422180993,0.1392084427767363,0.7838148817859615,0.7928249806485972,0.117147804576376
1eysL01,320,0.178468899521531,0.2140123717198193,0.88403964069542,0.882680408136467,0.0119510898458267
1eysL01,348,0.1740324295587453,0.2175993770860131,0.8263250837767826,0.7976965753250695,0.0014912280701753
1eysL01,379,0.149903201744083,0.1969666128014685,0.7972354438063981,0.8292674459131509,0.0268405639421551
1eysL01,413,0.1411396420343789,0.1836106239808827,0.8060974250697183,0.8252886463277382,0.0137937858113296
1eysL01,450,0.1055809008073389,0.131266581694514,0.7727679994013301,0.8378154827074817,0.0532467885711459
1ezjA02,320,0.0848445761555517,0.1125546008155965,0.8162365354415778,0.8264464479016622,0.0215659645232815
1ezjA02,348,0.125541958041958,0.1499873908665148,0.8751552244068065,0.8773604533516159,0.125034965034965
1ezjA02,379,0.0967834200683037,0.1258179687317667,0.7648837923849287,0.7610750074613881,0.0577132460562693
1ezjA02,413,0.0905533420068303,0.1149838128906783,0.8537051838107602,0.7898021740306226,0.0882074321027809
1ezjA02,450,0.1286069193963931,0.1475242445919825,0.7833537008232792,0.8191852359560399,0.128295914611704
1ezvC00,413,0.1842218734702105,0.2379218343209961,0.8026061002232932,0.8253077800689895,0.0966749503268349
1ezvC00,450,0.161101342631998,0.2106331956562044,0.7828539650445827,0.802688193114984,0.0652525191510392
1f3vA00,320,0.0864579520339014,0.1712447454370854,0.9275471297914486,0.9314136388561942,0.0055109412387894
1f3vA00,348,0.1008238552733695,0.1851805346430142,0.9159097444525564,0.9263388212738188,0.0257239007680574
1f3vA00,379,0.1362778417082214,0.2075159315341821,0.9024430714586864,0.915474890005835,0.049827643523846
1f3vA00,413,0.2230669991049738,0.301166724324779,0.8433709063624265,0.8840254995517891,0.1296247282956144
1f3vA00,450,0.2526731236414781,0.3379185112037524,0.7429730437362365,0.8102928342111837,0.1500321570131697
1ffvC03,320,0.0689014708488392,0.1290497649343154,0.9486150137915564,0.953512720671384,0.038923267765373
1ffvC03,348,0.0778453632137842,0.1418299090427199,0.913263398851327,0.8993554161670466,0.0385530609741135
1ffvC03,379,0.0809779372674109,0.1271071247759268,0.9346970030610242,0.912963535248716,0.0421943115364167
1ffvC03,413,0.0829330143540669,0.1199949514248821,0.7354913340788509,0.7852774672870567,0.0025897572213361
1ffvC03,450,0.0483234095339358,0.0669499282293325,0.8721479819994183,0.8274147025223975,0.0319519758993443
1fwxA01,348,0.0666264356628382,0.1296425036653266,0.8441337811678972,0.711186575027447,0.0024372201674128
1fwxA01,379,0.076003503990656,0.1400617928648559,0.7768531711753053,0.6510385844271704,0.0144130815651158
1fwxA01,413,0.0964771362235717,0.1600403519280072,0.5907225424284278,0.4887947173301319,0.0347513021266089
1fwxA01,450,0.1040807909783558,0.1563250755317298,0.4352074627547151,0.2665033665169687,0.0508904391758831
1g7uA00,320,0.0911357031075341,0.1580238376906537,0.9308793894794556,0.9215261885323484,0.0085597727780826
1g7uA00,348,0.1024614810072556,0.1679749351552275,0.9109973888955758,0.921332274661062,0.0033170792431356
1g7uA00,379,0.1265713218706176,0.1803165092581192,0.9148755283122234,0.9273064598872632,0.0381815895372232
1g7uA00,413,0.1591877222933561,0.2277829113601309,0.8906798850532378,0.9148558192701944,0.0795339308578745
1g7uA00,450,0.1322148954332053,0.1970322255719543,0.753774622452019,0.800639605202978,0.0327361644615165
1gcyA02,320,0.0696937889346425,0.1363533077356548,0.7835041711933335,0.5863475851360697,0.0648973137296308
1gcyA02,348,0.0553299062049062,0.0955296383337691,0.9135501975211572,0.7221097098052611,0.0552494588744588
1gcyA02,379,0.0825303659518775,0.1154195013646696,0.3750216920746969,0.0662724206002842,0.0670433529648645
1gcyA02,413,0.0973712121212121,0.1232090114237328,0.352161929636974,0.2198133934626178,0.0966969696969697
1gcyA02,450,0.1117691197691197,0.1280036106838342,0.4748297650594743,0.5221496723941456,0.1117691197691197
1ghsA00,320,0.0889163438611683,0.1783902709921383,0.9193651043063472,0.8666547502259943,0.0477013408135159
1ghsA00,348,0.0983767412688981,0.172712347600649,0.918744580362507,0.8940774566009202,0.0231700336700336
1ghsA00,379,0.1454285667128804,0.2139315108853506,0.8748013819898982,0.8725188602538491,0.013304581765366
1ghsA00,413,0.1865181224004753,0.2678601276156904,0.8236312310405158,0.8374686096551248,0.077243018419489
1ghsA00,450,0.1659506833036244,0.2452507406347288,0.7679727597814467,0.7855372276085594,0.0377124183006535
1gwyA00,320,0.036488023088023,0.1113739448354294,0.917755426831926,0.7384027618866488,0.0107129004329004
1gwyA00,348,0.0379598268398268,0.0994565995428097,0.9389689993045058,0.6715865003347308,0.0024875036075036
1gwyA00,379,0.0519959018759018,0.0974848765464454,0.9254688002496312,0.7021729247721684,0.0215741991341991
1gwyA00,413,0.0943283694083694,0.1395009670615153,0.8279762171542542,0.719476158513874,0.0320278787878788
1gwyA00,450,0.0742392496392496,0.0905034704787611,0.7251030785064311,0.7066997235783881,0.0644107936507936
1gxmB00,320,0.0965112571498113,0.162608351176278,0.9370707545699238,0.8863322322963858,0.0364154801022271
1gxmB00,348,0.123591965263652,0.1731846638582142,0.93217422194046,0.8623723565387333,0.0143671439002764
1gxmB00,379,0.1729747474747474,0.2306226850437259,0.8949664057654362,0.8348918714065844,0.0395108312036022
1gxmB00,413,0.2301384093527412,0.3038360092821678,0.8277957671855654,0.7715434282429077,0.0949406277314963
1gxmB00,450,0.2217174331214778,0.3072873268357671,0.796876053143736,0.7321310710171716,0.1106961482292807
1gz1A00,320,0.0993800993359004,0.1732754131462935,0.9154862860787268,0.8899830438923753,0.0231699871644622
1gz1A00,348,0.1234090909090909,0.1876963608116154,0.9110416855629248,0.8827467766493748,0.0221885986941235
1gz1A00,379,0.1472908365422177,0.2307105617034296,0.8621990373231418,0.8597421107337093,0.0571864222333835
1gz1A00,413,0.1839383821068888,0.2800414975477537,0.8069322756136027,0.7781442551048436,0.095744515948541
1gz1A00,450,0.1775841285786037,0.2606215941936301,0.701495072716616,0.7077758204954834,0.0693043696634856
1h7zA00,320,0.0412485195311202,0.1003090511717168,0.6688387941750527,0.5164215432916944,0.0382874710824302
1h7zA00,348,0.0468526098683166,0.1050443983181324,0.5627125935511157,0.5835588218162941,0.0424105981278756
1h7zA00,379,0.0447388545137236,0.0900717485211206,0.4994945516954853,0.6539052800607491,0.0445669909862044
1h7zA00,413,0.0725242741551642,0.0994344592428195,0.4301611634694008,0.5887891552824424,0.0713553069966682
1h7zA00,450,0.0953603652323973,0.1142661355784257,0.6602813769770898,0.6365935142670438,0.0952075992922212
1hpgA02,320,0.0388383838383838,0.0575305934212161,0.5584315049302759,0.6886741840093266,0.0380119375573921
1hpgA02,348,0.0538670835337502,0.0737439130568401,0.6204943462002929,0.694395462356725,0.0524238780299386
1hpgA02,379,0.0792400775431078,0.0939138490851904,0.6530323423875323,0.6825000779641349,0.0777141108050199
1hpgA02,413,0.0892244170623311,0.1040793012193219,0.625201839334797,0.4919484372304682,0.0888204430966939
1hpgA02,450,0.1094788286909499,0.12449536151912,0.5707978712337951,0.5504137318436341,0.1086585042342618
1ihvA00,320,0.0465384615384615,0.1691835598486948,,,0.0465384615384615
1ihvA00,348,0.0439176379176379,0.168716071524584,-0.0565132911847152,0.2798381406786451,0.0435695415695415
1ihvA00,379,0.0519230769230769,0.1324618958272674,,,0.0519230769230769
1ihvA00,413,0.065040404040404,0.1078135926916165,0.0595602475227273,0.3187753840065252,0.065040404040404
1ihvA00,450,0.0700629228495082,0.095286697844629,0.465733766435944,0.5051964848823206,0.0681204872363409
1iq8A02,320,0.1367875901875901,0.1861805753347441,0.7889220465292994,0.7787428976384915,0.0609292929292929
1iq8A02,348,0.1157434343434343,0.1567934709834403,0.7303465199153022,0.7135740483380865,0.086802886002886
1iq8A02,379,0.0917093795093795,0.1206132509138394,0.6688686931051344,0.6906303561489938,0.0771841269841269
1iq8A02,413,0.120578107606679,0.1492227302433757,0.6029158349668164,0.6311225377727698,0.1170707482993197
1iq8A02,450,0.1221168831168831,0.143408087550774,0.7033514472316976,0.653122551067895,0.1202207792207791
1iyuA00,320,0.0097137194732131,0.0257016426528551,0.9032148773685528,0.7620916283252648,0.0097137194732131
1iyuA00,348,0.0199789356621855,0.0478693077979524,0.6981009059965276,0.6393660143212412,0.0199789356621855
1iyuA00,379,0.0317473468865873,0.0446141551798541,0.4382149212407097,0.2178747144741815,0.031724843370413
1iyuA00,413,0.0764033072216763,0.0977122252065687,0.4304798303757079,0.2926765721372092,0.0764033072216763
1iyuA00,450,0.1079565272982994,0.1233774952583221,0.0176795927686323,0.0537017637349161,0.1079565272982994
1jbiA00,320,0.0229185858585858,0.0572341903020981,0.977335278750784,0.6618615097340084,0.0101842424242424
1jbiA00,348,0.0252968686868686,0.058382571191379,0.9762126285517884,0.8666639715733488,0.0109639393939394
1jbiA00,379,0.0377422222222222,0.0729985624752761,0.9634425871740124,0.80261882006728,0.0181866666666666
1jbiA00,413,0.0582703053793751,0.0883128862494538,0.9536220620477516,0.8531946993510393,0.0304079516091144
1jbiA00,450,0.0649148484848484,0.0833581247665483,0.8976270696485557,0.7962521486641144,0.0579481818181818
1jl5A00,320,0.0417304110343836,0.1178660795455124,0.8806626360406449,0.535795724387646,0.005182968095874
1jl5A00,348,0.0621650345784941,0.1470889285735666,0.803994070632519,0.4972430490204514,0.0013710168778226
1jl5A00,379,0.0885822817409219,0.1654267539832643,0.7521657517088358,0.4845754324894067,0.0124349729590522
1jl5A00,413,0.1274523728242682,0.208907029416817,0.4554884914321314,0.3258853327597682,0.0285212909496459
1jl5A00,450,0.1194050991501416,0.1528371292232554,0.2272762612725671,0.1748410340405734,0.0719134689672933
1k8kF00,320,0.082932861549628,0.1269257962551553,0.9535281269395998,0.9602513368246448,0.0120587647819231
1k8kF00,348,0.0864724431403269,0.130840788499321,0.950556309382068,0.9585742399769208,0.0075721948564068
1k8kF00,379,0.1106505171475231,0.1541898748100462,0.9414108585824916,0.9433250176085536,0.03147795318454
1k8kF00,413,0.1332856274765479,0.1712961723872606,0.9144377774368808,0.9147357188837384,0.0365770151029864
1k8kF00,450,0.0859910777115392,0.1086731767901672,0.8595426516394892,0.8596596283854687,0.0359124765989086
1l7yA00,320,0.0496505980137845,0.0984862409047867,0.9680787259944966,0.8989096123069844,0.03033613222777
1l7yA00,348,0.0397275348188685,0.0752932541865324,0.9804347332071192,0.8820177646608176,0.0230931263858092
1l7yA00,379,0.0513612722974425,0.0757250644903529,0.981485322029892,0.8942578519704472,0.0177792821835374
1l7yA00,413,0.0694381719220907,0.0984520755533216,0.9680498895297583,0.8699252101833632,0.0083885115379425
1l7yA00,450,0.0714272512357618,0.0969822803395278,0.8996691133099541,0.8985463432163223,0.0282944336986889
1lm8V01,320,0.125280303030303,0.1681799121332779,0.8424130549725649,0.8528493392696451,0.0933012820512821
1lm8V01,348,0.1089733877233877,0.1479819775768901,0.7919779522752172,0.8094588226993188,0.0127367909867909
1lm8V01,379,0.1388117993117993,0.1649134012711112,0.8712477221296218,0.9238948601550604,0.138603008103008
1lm8V01,413,0.1278923853923854,0.1742107373978401,0.6854257114653851,0.7584375032858403,0.1271402486402486
1lm8V01,450,0.0927152292152292,0.1141963938864308,0.8334462752743459,0.8504678838149229,0.0918512043512043
1lucB00,379,0.1870582386363636,0.2665080727015275,0.8814742247920062,0.9010064049800126,0.1294303977272727
1lucB00,413,0.2095383522727273,0.291897266303426,0.7438485952654197,0.8044856607533944,0.1290298295454545
1lucB00,450,0.112997159090909,0.174427009853775,0.7321188870189059,0.7713682410591465,0.0245624999999999
1mnmC00,320,0.081266168175259,0.1113810765157138,0.9594146538203018,0.9254400181899742,0.0141167519349337
1mnmC00,348,0.083765971402335,0.0998824732567524,0.9656591181679944,0.9512992168979836,0.0293435655253836
1mnmC00,379,0.085067821067821,0.1118296191379116,0.885198727996697,0.9041613942708286,0.0656623376623376
1mnmC00,413,0.1331643709825528,0.1675844768604806,0.7320946534754255,0.8495412887075819,0.1328613406795225
1mnmC00,450,0.120804932441296,0.1412182399386625,0.7441359319047954,0.8368345820381918,0.1203730814639905
1mzvA00,320,0.0681465114104003,0.128389496870121,0.9506180039116324,0.8874817203386756,0.0211791526374859
1mzvA00,348,0.0705548540965207,0.112901150820237,0.9600982062637604,0.8624469172857107,0.0173591002618779
1mzvA00,379,0.0664208286569397,0.1074376301179939,0.9634303579560178,0.9149917749293792,0.0017641694725027
1mzvA00,413,0.0922209128320239,0.1261136831163267,0.9416941467038644,0.8757452119924847,0.003701365506921
1mzvA00,450,0.0888994107744107,0.1199049824372797,0.8891107621857186,0.8294591480553956,0.0212100168350168
1n3kA00,320,0.1171608391608391,0.1648868401577746,0.9224863403043708,0.892418050910215,0.0032167832167831
1n3kA00,348,0.1406490287490287,0.1901623268171845,0.9213354777447644,0.8997296533966761,0.0642148407148406
1n3kA00,379,0.1673554001554001,0.2145023220755942,0.8576229882598095,0.8409546026673906,0.0494066822066823
1n3kA00,413,0.1868758352758353,0.2398091605359577,0.7806105741895357,0.8110960631892342,0.071425641025641
1n3kA00,450,0.1127417249417249,0.1348275309667516,0.7875891544805176,0.8159592115403779,0.1083351981351981
1nycA00,320,0.0774063154063154,0.1445719592018992,0.8368830050274834,0.5154659616955293,0.0612090272090272
1nycA00,348,0.0899675129675129,0.1556643358812646,0.8093919226741725,0.4408896299946731,0.0724909454909454
1nycA00,379,0.1193993993993994,0.1848670522657376,0.5654136628089896,0.4877529847592297,0.0587196287196287
1nycA00,413,0.13703367003367,0.2046353331663286,0.3189765135173106,0.4529872909746694,0.064969241969242
1nycA00,450,0.1114575484575484,0.1309804371824712,0.3213426085327607,0.5338703050892831,0.0942923832923833
1oygA01,320,0.0750114316273081,0.1511633255349768,0.7676797243362723,0.6849607318189797,0.0114231672029505
1oygA01,348,0.0808211143695014,0.1666287911921496,0.6489959419266594,0.6598724655124009,0.0008315877670715
1oygA01,379,0.0726445328864683,0.125822224378755,0.5980991419827486,0.5988304851931212,0.0159708839547549
1oygA01,413,0.0566992235071754,0.0964366398660951,0.4861836464466531,0.7022132600954856,0.0336575539988893
1oygA01,450,0.0672318810222036,0.0844895695086248,0.4024022464830214,0.4421404571312084,0.0646281943862589
1pe4A00,320,0.0592620232172471,0.101697117291141,0.9431542878481908,0.5679215982971147,0.0252888587366199
1pe4A00,348,0.0823671038745665,0.1245638707729906,0.8432981701168918,0.577597782184181,0.0452173978591888
1pe4A00,379,0.0718178802954922,0.0994245859214951,0.734125051650541,0.4907909896173808,0.0380226142017186
1pe4A00,413,0.0757901402080506,0.0941301833851184,0.8476338976181484,0.5647944463012913,0.0674846977235037
1pe4A00,450,0.070670737222976,0.0837515105119771,0.7641655790237358,0.7206366576363495,0.0674326850595507
1pv4B01,320,0.0384451089845826,0.102482317037721,0.9449756872689532,0.8360738705076901,0.006517942583732
1pv4B01,348,0.036074827219564,0.0908265434561541,0.9564596740156612,0.7391162242996199,0.0034102870813397
1pv4B01,379,0.0409816207184628,0.0726631500424438,0.968095259894704,0.7375962424241111,0.0127358927622085
1pv4B01,413,0.0451569643806485,0.0650560135144978,0.9460419504746654,0.6722421858822057,0.0338648325358851
1pv4B01,450,0.0722280701754386,0.0990842645912569,0.8192482210816964,0.7684342063894986,0.0716461988304093
1q5zA00,320,0.1359816091954023,0.1909756197956216,0.9240670817715976,0.9062328884323982,0.0232521072796935
1q5zA00,348,0.1860446534308603,0.2360804389459973,0.8911537049753777,0.8857428268126297,0.066263392546151
1q5zA00,379,0.2636254266805991,0.3193692669237526,0.8601264947256219,0.870038565204032,0.1657292232671542
1q5zA00,413,0.2777556451211623,0.3500248151847286,0.7422945989232409,0.7832923981642314,0.1905560829974622
1q5zA00,450,0.1412912574016022,0.1769745571492571,0.727371355651341,0.768024522960424,0.0317256704980843
1ry9A00,320,0.0798676236044657,0.1534790893513184,0.9241074372128992,0.9041797154537266,0.0371471861471862
1ry9A00,348,0.0899502985794295,0.1506837356024052,0.9168102504943172,0.9123508863776028,0.0217670215001915
1ry9A00,379,0.1133763990667295,0.15877159794922,0.9095881404794433,0.8949919681481558,0.0028206297985979
1ry9A00,413,0.1377726398448553,0.193517167999887,0.8580735897478647,0.8908730754708656,0.0285834582933726
1ry9A00,450,0.0987344294492397,0.1350456573445174,0.873495758816856,0.858781925093619,0.002486123695426
1sk7A00,320,0.1573458110516934,0.2028296295664259,0.8886476593962209,0.8929102640995702,0.0189996759034192
1sk7A00,348,0.1979637551990493,0.2300583098373467,0.8901183489593743,0.904130049676548,0.1111863555339491
1sk7A00,379,0.2282918412544081,0.2757760430627664,0.8214969778061254,0.8496234748466883,0.1486910510760778
1sk7A00,413,0.2670867900494812,0.3446392679206647,0.7587127099022855,0.7908545095398369,0.2049720724217678
1sk7A00,450,0.1271367147409928,0.1643004248541656,0.7580425766412495,0.7411021016440377,0.0481069518716577
1sknP00,320,0.1146090714289806,0.1493933309913945,0.8879632983650154,0.8955720372471545,0.017774266944715
1sknP00,348,0.0911137046137046,0.1151876332963662,0.9348653283642128,0.8623146410451329,0.0323850668850668
1sknP00,379,0.071063063063063,0.0914321159759076,0.9187832748522694,0.8986149651819988,0.0458138138138138
1sknP00,413,0.0899159159159159,0.1124274504260202,0.8779608694790434,0.831586376452522,0.0878894348894349
1sknP00,450,0.1195995085995086,0.1345321897367489,0.7877540519915244,0.8054122704516594,0.1194084084084084
1sr8A02,320,0.0282658612266455,0.0824398826475396,0.980034324397714,0.9516181792776414,0.0122175348253779
1sr8A02,348,0.0477600845051825,0.0885030226109068,0.9780542920083356,0.8774782102904497,0.000716049382716
1sr8A02,379,0.0642942496864065,0.1121893555284034,0.965012996380048,0.9273233316253336,0.0100927576417772
1sr8A02,413,0.0870730837789661,0.1327190153033828,0.9592790087812934,0.9281390036839772,0.0171208820228427
1sr8A02,450,0.0924355412198549,0.1289969038129061,0.9320398358904068,0.8762272781606567,0.0051458751850908
1svpA01,320,0.0406671328671328,0.0947624831843039,0.7826147117041964,0.764857641938974,0.0008828282828282
1svpA01,348,0.0425863247863247,0.0861069204912861,0.7721384580559292,0.6747536585110774,0.0220884226884226
1svpA01,379,0.0745642507363437,0.0995131835421844,0.7070791257927684,0.5579140834129642,0.056749393758696
1svpA01,413,0.0932655788655788,0.1165410479963284,0.4448591728087905,0.5313338876743815,0.077901787101787
1svpA01,450,0.0754500388500388,0.0963727020946542,0.7833973277787967,0.7927592288676713,0.0731765345765345
1ti2A01,320,0.0225341291704928,0.0402272183014125,0.7368331759881614,0.7226875572433356,0.0186008570554025
1ti2A01,348,0.043732782369146,0.0584805840664002,0.7343780219408729,0.710119718075051,0.0430440771349862
1ti2A01,379,0.0503351698806244,0.0682777336437076,0.4957089925860116,0.4301250028670392,0.0469430670339761
1ti2A01,413,0.0861216712580349,0.1036561909089086,0.2696344447431956,0.2983137546683446,0.084824456688093
1ti2A01,450,0.0931176920722375,0.1111946313875523,0.6232104564048301,0.6275133385133773,0.0923591980410162
1uh4A02,320,0.1290883062301502,0.199334827021381,0.8595980861826813,0.8032795948779734,0.0327494567423645
1uh4A02,348,0.1603708479595004,0.2213551575782112,0.8220567268198713,0.780774814532426,0.0035166320414547
1uh4A02,379,0.1629448349609221,0.2274306673883686,0.8002678274186737,0.7100120995957984,0.0219964303124655
1uh4A02,413,0.1241931029306915,0.1817606549464405,0.7918915877735365,0.7627060688515079,0.0055743179856654
1uh4A02,450,0.0926188599947465,0.1184906328356106,0.6575913865626493,0.7218690862368446,0.038475057907682
1ulvA04,320,0.0518896658896658,0.1312781654228989,0.6980830372597957,0.6065612035703427,0.0350123093280988
1ulvA04,348,0.0590104690631006,0.1286644107322891,0.5617065492790962,0.555008687491535,0.0369915756757862
1ulvA04,379,0.0566808980493191,0.1192073633032759,0.5584103815652186,0.5368628417873076,0.0292571054676318
1ulvA04,413,0.0585204269414795,0.1042378618189401,0.4621240115040467,0.6065635310982888,0.0378726536621273
1ulvA04,450,0.0679182104445262,0.0959732890853712,0.4657114873939979,0.6585910649429861,0.0635182595182595
1uoyA01,320,0.0746432748538011,0.1050486938051846,0.1016253363018812,0.1703649230137585,0.0746432748538011
1uoyA01,348,0.0841169590643274,0.1206678118405303,0.1180928636656075,0.2156207972283647,0.0841169590643274
1uoyA01,379,0.1050143540669856,0.1253493858126957,0.2770209607576442,0.316078017803565,0.1050143540669856
1uoyA01,413,0.073181109339004,0.0906299672161482,0.1819672347705478,0.1522914419997506,0.0730520999468368
1uoyA01,450,0.0744412546517809,0.0915494311802888,0.54036794197694,0.473855912513453,0.0743090554669502
1a1zA00,320,0.1915557310284124,0.2405451072475151,0.8425180569176882,0.8843671718032473,0.1154025149222682
1a1zA00,348,0.1762267250821468,0.2091344363951304,0.8529441615187445,0.8797608384208919,0.0792168674698794
1a1zA00,379,0.2209023974686625,0.2662665716951979,0.7659273690991153,0.8042515268998035,0.1280059632469271
1a1zA00,413,0.1158588292564196,0.1449005753145784,0.7995124046638756,0.7579613740152072,0.0060270171595472
1a1zA00,450,0.1674315443592552,0.191614491135674,0.8238854861250731,0.812829874196408,0.1670700985761226
1a9vA00,320,0.0325750823198355,0.1271832145152388,0.7438650186487968,0.1337518307836159,0.0318086136463901
1a9vA00,348,0.0358949964763918,0.135901383534207,0.9597628767725224,0.548258956255426,0.0358527131782945
1a9vA00,379,0.0292624696578184,0.1010893666712237,0.9432662808588056,0.4565610900707365,0.0291779030616239
1a9vA00,413,0.0504215465843372,0.1087065506127585,0.8314573181755482,0.6035438856312422,0.050255825139546
1a9vA00,450,0.0548171638869313,0.0964458226405549,0.755035508601294,0.5990199623804797,0.0544718502858037
1adnA00,320,0.128201581027668,0.1722398077779908,0.8922723178732529,0.6825352274776388,0.0659189723320158
1adnA00,348,0.1064624505928853,0.143477127719305,0.8997998882863145,0.7299335114678274,0.0656056894728051
1adnA00,379,0.0993769545812013,0.1430600964349314,0.8442135766713621,0.7386096738799818,0.0576695264066346
1adnA00,413,0.1194318181818181,0.1527502467780833,0.6276824582094347,0.6934605643217487,0.0718922924901186
1adnA00,450,0.0959578086221159,0.1174375500850529,0.6746144877850061,0.7209632174461507,0.0877950638845482
1ak2A00,320,0.0841050836056121,0.1572533066500621,0.9362401666657648,0.9128776941456264,0.0127258793004036
1ak2A00,348,0.1241818181818181,0.1957097219524793,0.9056754739890854,0.8912888250859177,0.033694214876033
1ak2A00,379,0.1539132231404958,0.2184897534247666,0.889427159978666,0.90389955501692,0.071793388429752
1ak2A00,413,0.181383287419651,0.2559918911319458,0.8304916636611747,0.8677455469141033,0.1060753902662992
1ak2A00,450,0.1500867768595041,0.2349038919799282,0.608560346236965,0.8165119789172182,0.0407231404958677
1aocA00,320,0.0757182683982684,0.120740932694118,0.9108134238887864,0.8067878480116283,0.0555881673881673
1aocA00,348,0.0775610389610389,0.1277648694493416,0.8737343741933637,0.86047428178227,0.0349064935064935
1aocA00,379,0.0908805194805194,0.1353904450439874,0.8603576262207222,0.8052968276613686,0.0201584415584415
1aocA00,413,0.0826,0.1246659905867388,0.7301855922660351,0.842508379961259,0.0264701298701298
1aocA00,450,0.0849714285714285,0.1092784427055111,0.5816009702055679,0.7110810555890456,0.0501142857142857
1b1yA00,320,0.0926125369978858,0.1538215321610563,0.9416548001611345,0.8701566378397302,0.0059434038054968
1b1yA00,348,0.1336315644820296,0.2021260386676259,0.9160537340350648,0.8577747056038325,0.0501858562367864
1b1yA00,379,0.1624590909090909,0.2411345625843115,0.878940381437578,0.8246444327986246,0.0746045454545454
1b1yA00,413,0.1743958441558441,0.2539771939312651,0.858587175040704,0.8373248938495206,0.0892066666666666
1b1yA00,450,0.1449399999999999,0.2212439549531371,0.8032270010487924,0.7601705610126969,0.0600072727272727
1b4aA01,320,0.0480040849965958,0.0768923559679677,0.9808689477292816,0.9215634447836678,0.0015379653850287
1b4aA01,348,0.0668373566170176,0.0958171481390712,0.965375665011315,0.905729211325397,0.0046678650915938
1b4aA01,379,0.0875935627461051,0.1096998500250704,0.9716683664362676,0.936455389069078,0.0134360554699538
1b4aA01,413,0.0803490840609484,0.0998347859438838,0.9267356755428938,0.9099796043952436,0.0304295497346344
1b4aA01,450,0.0994488957370313,0.1215930103946817,0.7993300836649312,0.8857436405790278,0.0993876048621811
1b4rA00,320,0.012983207070707,0.0253850874386706,0.5833095838367095,0.5521832192292477,0.0129150252525252
1b4rA00,348,0.0303352272727272,0.0560430536608807,0.7101574529516186,0.501062993071551,0.0303352272727272
1b4rA00,379,0.035320707070707,0.0563368739638939,0.2824201593518223,0.3337173864398587,0.035320707070707
1b4rA00,413,0.0689286616161616,0.086737806509643,0.3724082007949813,0.384313120121354,0.0689286616161616
1b4rA00,450,0.0728048072185267,0.0960102510256648,0.5835965804447194,0.6624681854632744,0.0715256805863513
1bf6A00,320,0.1362161824429865,0.243857516772638,0.840890669554659,0.8588992996682681,0.0542309694887014
1bf6A00,348,0.125401546028494,0.2203212482353402,0.8654824162433887,0.8657510228646274,0.0411967553744106
1bf6A00,379,0.1365124084699141,0.2127528995082426,0.858705845386566,0.8480395295044004,0.0048370935911796
1bf6A00,413,0.1894111215245235,0.2727948070606392,0.7957223018720324,0.8495171579099868,0.0896422992814745
1bf6A00,450,0.183168413940411,0.2543962265252452,0.7625590903785238,0.7706158415037565,0.0715631016470143
1bkcE00,320,0.0780661695075757,0.1370141727060697,0.9438766660788632,0.8672103774101189,0.0282196575126262
1bkcE00,348,0.0981039693813131,0.1472019673412325,0.937171195102492,0.8645815649059898,0.0222651120580808
1bkcE00,379,0.1326571575126262,0.1795003773480168,0.9064642230741646,0.8682035123672273,0.0013547585227272
1bkcE00,413,0.1272282986111111,0.1930228343457569,0.870871876250426,0.8447244506526708,0.0233072916666666
1bkcE00,450,0.0995214646464646,0.1378737231860152,0.7096658367343098,0.8053122681889702,0.0222829071969697
1c01A00,320,0.0323684210526315,0.1100478364884538,,,0.0323684210526315
1c01A00,348,0.0318421052631579,0.094395584196452,,,0.0318421052631579
1c01A00,379,0.0347368421052631,0.0699623959145572,,,0.0347368421052631
1c01A00,413,0.0762923976608187,0.0924887152205332,0.0166083012223579,0.0297750489420969,0.0762923976608187
1c01A00,450,0.1105433280170122,0.1228879856331746,-0.0279690403242056,-0.0583093087442586,0.1105433280170122
1c16A01,320,0.0632598376402057,0.1122040135310734,0.9512397583966355,0.8585142311390667,0.0374016235979426
1c16A01,348,0.0681111111111111,0.1118514555676142,0.9441193438716148,0.8635832445500021,0.0045145318212802
1c16A01,379,0.0866311582078453,0.1347144394374871,0.9027715020048628,0.8538017234287949,3.538452004708814e-05
1c16A01,413,0.0837951205592809,0.1284360422271442,0.880478270007168,0.7541342312662618,0.0011740748907249
1c16A01,450,0.0698529624969915,0.0909771107770169,0.8602439395629546,0.7638268537335472,0.0532471612976677
1c8jA00,320,0.144400725602276,0.2023873020870022,0.910543655721675,0.9025189726519895,0.0303860047503456
1c8jA00,348,0.1818065930624069,0.2436507880887628,0.8897668381104097,0.8675264943536849,0.0838296661707514
1c8jA00,379,0.2292440946937071,0.3039254349226898,0.816746775692458,0.8315897907397206,0.124805183619137
1c8jA00,413,0.2488933782267115,0.3358337683547476,0.7851569649003525,0.8276326742825968,0.1602042648709316
1c8jA00,450,0.2003453049008605,0.2822981172589255,0.7254381349051692,0.6935223050200741,0.1141777029554807
1c9bA02,320,0.1193743091290261,0.2104092351333444,0.8919030549448186,0.8806951814318399,0.0307901658090338
1c9bA02,348,0.1404344852651127,0.2160267867265494,0.8942635849168951,0.897507543024454,0.0603779346780662
1c9bA02,379,0.2013171608265947,0.2554271058323534,0.8703702475511406,0.9063750786385834,0.1158083258460617
1c9bA02,413,0.2685479321517057,0.3199812712266348,0.8629294239084002,0.91000973988361,0.2002902611015818
1c9bA02,450,0.1345094428266872,0.1722320616910691,0.7997401627819646,0.810171840329075,0.0542681532304174
1cz4A02,320,0.0334301035041775,0.0661551430499077,0.972319649897638,0.8788471162310597,0.0198154383339568
1cz4A02,348,0.040119965082928,0.0727811364737094,0.96329541507997,0.6996270063760004,0.0222865693976805
1cz4A02,379,0.0431137298915076,0.0673290674611159,0.9679987200414129,0.7642791012140183,0.0267822671156004
1cz4A02,413,0.0512738496071829,0.0772281346211571,0.9699778427568132,0.8443208532180694,0.0501739618406285
1cz4A02,450,0.073129104092067,0.0951271439218964,0.9135070790212864,0.8292349998222855,0.0727853134519801
1dkyB02,320,0.2320629827688651,0.2650745671217595,0.8722710535828476,0.755126655444942,0.1912673796791444
1dkyB02,348,0.3012964943553178,0.3407800324139996,0.8815570790198755,0.7825351697465831,0.2713294711824123
1dkyB02,379,0.2704774212715389,0.3051914595224376,0.8135111210655739,0.8779645152568708,0.2452091503267973
1dkyB02,413,0.0737170231729055,0.0932127072985382,0.7810593938308006,0.7932204948811316,0.0060236185383243
1dkyB02,450,0.1095888294711824,0.1340361539838833,0.6555502446204812,0.6338583536678151,0.1074940582293523
1e1gA00,320,0.1209339549339549,0.2003840437574388,0.8886668227959903,0.90676116723208,0.003737567987568
1e1gA00,348,0.2050962509712509,0.255930197081965,0.887094805398828,0.9273640933075176,0.1142699106449105
1e1gA00,379,0.1875702214452214,0.2461323283071056,0.8224177949236781,0.8340281386813857,0.0608089549339549
1e1gA00,413,0.1800754662004662,0.2218492307089846,0.8509152875332133,0.8572080088467193,0.0605160256410256
1e1gA00,450,0.1026840659340659,0.1220179325318614,0.848145418839324,0.8743093727644811,0.1017711177711177
1e6vA03,320,0.1327675450153711,0.2095059779303518,0.87348482294348,0.903064433885194,0.0101598155467721
1e6vA03,348,0.1472339920948616,0.1919068383791947,0.9038513697861869,0.9221110727009484,0.0218506807202459
1e6vA03,379,0.1792317083882301,0.2200729744278968,0.8954370964643359,0.9097911245609768,0.0834697408871321
1e6vA03,413,0.2060953008344312,0.2672988896300159,0.8399509713191291,0.8728926972119148,0.1218272288098376
1e6vA03,450,0.1766070267896354,0.2334188047917679,0.7605375042077561,0.7853525288564518,0.0646960913482652
1e9rA02,320,0.1475502815768302,0.2059011423764392,0.8816324833604935,0.9306320818009648,0.0431417716992937
1e9rA02,348,0.1336845445606507,0.1699189245768744,0.9196648623824428,0.9332293963485097,0.0616670242245463
1e9rA02,379,0.1714300860009854,0.2161701432225847,0.9220850131710788,0.9430867778442192,0.1316102702264464
1e9rA02,413,0.0999233038348082,0.1249383313463688,0.9273000750154105,0.9055773221065668,0.0531518727093948
1e9rA02,450,0.085863949226781,0.109393315514739,0.8729322284395312,0.8994886036161394,0.0771148654688478
1ebfA02,320,0.0685714285714285,0.1174393058345443,0.9613389265158608,0.9101573182869211,0.0058545454545454
1ebfA02,348,0.0841361616161616,0.128649401780284,0.9496789726282716,0.9095637225534972,0.0102898124098124
1ebfA02,379,0.1200262274311055,0.1768549377992082,0.9313525198228392,0.8861024846632783,0.0558485904339562
1ebfA02,413,0.122600808080808,0.1717337073253984,0.891565117211415,0.8414292391543916,0.0556884848484848
1ebfA02,450,0.07747804576376,0.0939911621761609,0.7088886842614464,0.7505015897811496,0.042995670995671
1eovA02,320,0.0953071794431567,0.1502811288280744,0.948521379460356,0.9178585585218352,0.0258411308552951
1eovA02,348,0.1287329384496523,0.1881901778549446,0.9390534739949562,0.9045584118793464,0.0562588264887494
1eovA02,379,0.1471194952356425,0.217410731550746,0.9151783322665308,0.8904822684081607,0.0656258047901107
1eovA02,413,0.1741758949266031,0.2674541004615957,0.8488867655189903,0.7933758068348225,0.0917731135719804
1eovA02,450,0.1731657778671842,0.2550112852258765,0.6905866088980245,0.6235275364431395,0.0511448074369564
1ex0A03,320,0.0296350345560871,0.0857082207258115,0.8414774792656725,0.6218394564337815,0.0222898281056175
1ex0A03,348,0.0397416267942583,0.0818771080413332,0.764061424574058,0.4691298087278578,0.0397416267942583
1ex0A03,379,0.0473803827751196,0.0744811325367588,0.8414640280649913,0.5639726035070163,0.0472687400318979
1ex0A03,413,0.0939852029062555,0.112547762940899,0.7394254868763878,0.2864907826266131,0.0939692539429381
1ex0A03,450,0.1179116402102042,0.1364598560815831,0.2550450547407214,0.2415097385895835,0.1167768981573203
1eysL02,320,0.1748181818181818,0.2199906459318683,0.7006927723486807,0.7430725328026426,0.0166181818181817
1eysL02,348,0.1444318181818182,0.1796998358144367,0.7124622684399309,0.7433460564623885,0.0057227272727273
1eysL02,379,0.1165373964131107,0.1738663104398763,0.6389567947327238,0.6715356090211676,0.021512049062049
1eysL02,413,0.0985285412262156,0.1269608533996765,0.6431786503282342,0.7036396844248646,0.0465355179704017
1eysL02,450,0.1389954545454545,0.1635596600531262,0.5211412736744814,0.5559692245087385,0.1327590909090908
1eyuA00,320,0.0725378787878787,0.1216544068781024,0.9557958872767884,0.9411964003236232,0.0096299533799533
1eyuA00,348,0.0803375420875421,0.1389229562819644,0.944805758104775,0.9411982769948256,0.0330316627816627
1eyuA00,379,0.1143968531468531,0.195041253426678,0.8758528538120024,0.8886563645693065,0.0628467365967365
1eyuA00,413,0.0963614932944201,0.1380111612629147,0.8920076433258888,0.926672624390632,0.0274312812300617
1eyuA00,450,0.1023656436156436,0.1394166678330333,0.8252973250341996,0.8966020047002901,0.009817599067599
1fb1A01,320,0.0804757575757575,0.1121298306209221,0.9457906467167636,0.9413696883035764,0.0398222222222222
1fb1A01,348,0.1542479797979798,0.1912908168013419,0.8338976295908191,0.8716189824129238,0.0600183501683502
1fb1A01,379,0.0905671717171717,0.1090364318008024,0.8793302844522413,0.9201301300979238,0.0502867003367003
1fb1A01,413,0.1334907407407407,0.1662027994412896,0.8001892383500854,0.8526105361023886,0.1326186868686868
1fb1A01,450,0.1642299154334038,0.1913333926888128,0.7494019242808434,0.784170894973081,0.1641527484143762
1fcdA03,320,0.0664796614796614,0.0959773966420001,0.9280825736163644,0.8160353228214131,0.0416524706524706
1fcdA03,348,0.0582088452088451,0.0882922337813145,0.9330272997435032,0.7683338190969067,0.0402590772590772
1fcdA03,379,0.0591764946764946,0.0790654542407508,0.8987494202576041,0.8655882435202712,0.0500330915330915
1fcdA03,413,0.1017252252252252,0.1293665664888136,0.6632070897497286,0.7675199120227492,0.0997618072618072
1fcdA03,450,0.0941073875143642,0.1132894439588827,0.7307397873845435,0.8382034534349943,0.093961865671168
1fjkA00,320,0.1104263791763791,0.134976351910034,0.8086458915375231,0.7441088346975453,0.0573995726495726
1fjkA00,348,0.1421853146853146,0.1723221694093074,0.7401393247420973,0.5975029505490073,0.1167132867132867
1fjkA00,379,0.1986653069153069,0.2366539019995706,0.6179313334495105,0.6625456707456004,0.1866070318570318
1fjkA00,413,0.1730689949585298,0.2048045959991253,0.6805329644982631,0.6489735520875034,0.171353675394373
1fjkA00,450,0.1383828671328671,0.1555015290100889,0.7601361574956702,0.7131760535714537,0.136826923076923
1ft9A02,320,0.1380103567318757,0.2151013141869487,0.8919912777740514,0.8702555656603976,0.052385500575374
1ft9A02,348,0.1645926352128884,0.2324818537814759,0.8731766787145758,0.8558010989625392,0.0681906405830455
1ft9A02,379,0.1913222094361334,0.2556927835874623,0.8949219759470747,0.8979912358114834,0.1178397903081446
1ft9A02,413,0.1799434854877893,0.2234072700720179,0.7960201070424218,0.8282983392586326,0.0769078123002173
1ft9A02,450,0.1077395473724587,0.1338473531141888,0.730907769830909,0.7795850953234126,0.096733537910753
1g2rA00,320,0.0614731356114334,0.121524393018084,0.9598846866418628,0.8865126153404232,0.0199429400386847
1g2rA00,348,0.06677304964539,0.1110415329597032,0.9694273993160988,0.8618233914401745,0.0294278959810874
1g2rA00,379,0.1165688802922845,0.1685006128979571,0.9664982126822592,0.8660260558301027,0.0636110036535568
1g2rA00,413,0.0916342144852782,0.1359063651336411,0.9472468540859978,0.8537054186469414,0.0373894261766602
1g2rA00,450,0.0820952073930797,0.115158306890776,0.8753434014074642,0.8573102616875758,0.078632065334193
1g5aA03,320,0.0620535914702581,0.0913299427764558,0.941709800983251,0.8345822017311413,0.043253086419753
1g5aA03,348,0.0516843434343434,0.0779390527728274,0.9054046588970032,0.8190502102437844,0.023655162738496
1g5aA03,379,0.0641104096520763,0.0863847560747214,0.8413018763600153,0.8146206180010288,0.0435422278338945
1g5aA03,413,0.07591189674523,0.0949127683316485,0.7191238676971821,0.6523224109625905,0.0683111672278339
1g5aA03,450,0.1038551666536162,0.1305720969216637,0.8446893618115745,0.7688510295593655,0.1037810925795422
1gakA00,320,0.1560252156602521,0.2082190211409977,0.90109919577331,0.92004607506203,0.0839084273390842
1gakA00,348,0.1821433311214333,0.2183367628599564,0.8930746066015905,0.925349719264012,0.1126079143889363
1gakA00,379,0.231194204821942,0.2772691972606124,0.8652351042286287,0.9022942754171138,0.1735826144658261
1gakA00,413,0.1894606650446066,0.2310575334636677,0.8240093306479901,0.840667658403743,0.1316880483668804
1gakA00,450,0.0853417385534173,0.1052147870530117,0.7543396149714374,0.7926851231424275,0.0202587923025879
1gtvA00,320,0.1129778554778554,0.1959478496312257,0.8922304182237566,0.9082550999204436,0.0053622766122766
1gtvA00,348,0.1391728826728826,0.207660202852827,0.8855397136703336,0.9159982081851096,0.0547987567987567
1gtvA00,379,0.1726206779331779,0.2418850971689109,0.8515193776425078,0.9066719728875688,0.0999217657342658
1gtvA00,413,0.1729498348873348,0.2462275066806484,0.7981315640152872,0.8742165679734764,0.1063208527583527
1gtvA00,450,0.086406857031857,0.1298642487606143,0.8732637280039973,0.825863626426138,0.0015027195027195
1gxcA00,320,0.0507480842911877,0.1491382706219726,0.69498179743081,0.5522999099879743,0.0401019679554162
1gxcA00,348,0.0395943921978404,0.1079461034379881,0.7743725506013241,0.5375933397959074,0.0348782654127481
1gxcA00,379,0.0440017415534656,0.0826031287260745,0.6487619812887777,0.4768903921255912,0.0387746429815395
1gxcA00,413,0.068357607753558,0.1013662350735055,0.848813005593132,0.6010441586725792,0.068357607753558
1gxcA00,450,0.1002000174155346,0.1194578316416526,0.2136884903988543,0.2176224520524523,0.1002000174155346
1gxeA00,320,0.0473373719303951,0.1132523508629998,0.3497532731598158,0.6592091047207432,0.0473373719303951
1gxeA00,348,0.0291223776223776,0.0739558918217862,0.4119704285086142,0.7984163062878612,0.0279265734265734
1gxeA00,379,0.0400959505610668,0.07359593174515,0.449615062099662,0.5095861987495544,0.030027972027972
1gxeA00,413,0.0491923076923076,0.0800648477637052,0.736076083563201,0.6928137127749913,0.047597902097902
1gxeA00,450,0.063508547008547,0.0903256888140191,0.5829692177833279,0.7249515355128128,0.0625033411033411
1hcnA00,320,0.0742421478809987,0.1855343547441441,0.2416924341685762,0.5893810085553497,0.035681101023919
1hcnA00,348,0.0442676173499703,0.1145598614167748,0.3747596493538736,0.4978537397903683,0.0426062982768865
1hcnA00,379,0.0533888294711824,0.0825556159401498,0.6356966684982622,0.6184605751691925,0.0533781342840166
1hcnA00,413,0.0709044563279857,0.0977851518202181,0.4844608100200382,0.5684253536719004,0.0704669043374925
1hcnA00,450,0.0723554367201426,0.0933138537712438,0.7343366924669996,0.7118874475017073,0.071574688057041
1hf2A02,320,0.0191945873832666,0.0674081370308606,0.3848089569638429,0.5594726789893234,0.0191945873832666
1hf2A02,348,0.0146595197255574,0.0453515449159411,0.5112008463360236,0.4459981615877546,0.0146400800457404
1hf2A02,379,0.0161421764817991,0.0438533835250153,0.4801113423092483,0.4353646429802729,0.0161421764817991
1hf2A02,413,0.0296702197173895,0.057531401166398,0.6379154558951883,0.3724037237910601,0.0296702197173895
1hf2A02,450,0.0555438345721364,0.0720138955759493,0.3851212009341427,0.1532952135813759,0.0555438345721364
1hufA00,320,0.1288125153978812,0.1859426540413306,0.9284130371430508,0.8643123554408144,0.0297296542662396
1hufA00,348,0.1528350989570501,0.2051004973199582,0.9164768697706236,0.8423196901807023,0.0531015028332101
1hufA00,379,0.1948846185431551,0.251821097476073,0.8941343575923892,0.8276919900226427,0.0833730803974706
1hufA00,413,0.2583656072924365,0.3228237792230189,0.780998120597936,0.7118186865079525,0.0972167200459883
1hufA00,450,0.1042276422764227,0.1206961439687491,0.796749770628539,0.8461506972934373,0.0681373080397471
1hxnA00,320,0.050296151996152,0.1223946251600845,0.84622766708197,0.7450791299322616,0.0498107263107263
1hxnA00,348,0.0528268398268398,0.1220388500151749,0.7898314660695107,0.7072431520410344,0.0499220779220779
1hxnA00,379,0.0426863876863876,0.0931591409502208,0.8507042837117855,0.6891956128644472,0.0422324194324194
1hxnA00,413,0.0500136123136123,0.0831654759367523,0.7868246170506967,0.624170754601982,0.0421756957328385
1hxnA00,450,0.0658045896394733,0.0851202729892178,0.6759351377645553,0.6699957553614507,0.0600816951351834
1hyoA01,320,0.1201989809600429,0.1947120122181719,0.8669534260257965,0.9358624471117976,0.0819022079199069
1hyoA01,348,0.1187730401358719,0.1967334340923675,0.8446985024119021,0.9174731216036208,0.0954588361491016
1hyoA01,379,0.0930197550728524,0.1280651183302464,0.8899777623132965,0.9217524018179456,0.0409037275408957
1hyoA01,413,0.0819789934745686,0.1110053131246904,0.8739247832819074,0.8947464239582466,0.0775813891123625
1hyoA01,450,0.1074781442746044,0.1362078216897388,0.6988278284734434,0.7823551771709446,0.1063019576293912
1i2nA00,320,0.0902747410817031,0.1556598768273213,0.939139778510334,0.9153304753166362,0.0073403337169158
1i2nA00,348,0.1281537089639827,0.1973833204851259,0.9063752653143204,0.906031647571188,0.0597483997211698
1i2nA00,379,0.1712834185243664,0.2322140415361333,0.9070307073722462,0.9047639549146314,0.1158356303690421
1i2nA00,413,0.2215925482377499,0.308562869544801,0.8254454142164882,0.8432755853814027,0.1632645449193137
1i2nA00,450,0.1472065592635213,0.2071790027686194,0.7218747935291407,0.7646285988527569,0.0717894131185269
1i5gA00,320,0.096146955667789,0.1860290554006517,0.8751586853796288,0.8965790074473632,0.0394445145903479
1i5gA00,348,0.1032535774410774,0.1935341448858112,0.8480887240440925,0.8711725513069173,0.053356411335578
1i5gA00,379,0.1119964225589225,0.1838659866284896,0.8316914060991021,0.8695961379801938,0.0167359006734006
1i5gA00,413,0.0992932229269438,0.1646004906366424,0.7925682057280401,0.8857666657561873,0.0089985611933286
1i5gA00,450,0.0839741161616161,0.1174085308117103,0.7296710308683709,0.8139819715767063,0.0353203563411897
1i7xB00,320,0.1130542264752791,0.1527386288213701,0.8221222568804638,0.843101885824378,0.1071850079744816
1i7xB00,348,0.098655679603048,0.1391517473415943,0.7424018691302534,0.7939137961015102,0.089257841573631
1i7xB00,379,0.0785710841585994,0.1133510382636808,0.674110198440047,0.8511488455754392,0.0641769593115982
1i7xB00,413,0.0822921892469016,0.1139806805106813,0.8305199435949859,0.8567582652816228,0.0819287236178301
1i7xB00,450,0.0625996810207336,0.0868844365876543,0.8394165724039346,0.9151836070191448,0.0620893141945773
1ig0A01,320,0.0933889158969372,0.1602497613171148,0.9280458811438956,0.9360396147384216,0.0187436396046021
1ig0A01,348,0.0963766542429644,0.1604426425822777,0.9170071611137254,0.937138774229146,0.0236089774752876
1ig0A01,379,0.101629320188579,0.1422464019556176,0.9223468985778448,0.954442183021436,0.0209995025494341
1ig0A01,413,0.0932294854110427,0.1302452315911085,0.9226710579920328,0.9256730496850089,0.0015884078821342
1ig0A01,450,0.1109344784745854,0.1519846771281847,0.7971927515988444,0.7487380496302205,0.024383406255064
1igqB00,320,0.0213974836080099,0.0417602342621679,0.6685090091657822,0.4998081649205341,0.0189898989898989
1igqB00,348,0.0255532518164097,0.0433540335596555,0.6953384090445749,0.5884058073784335,0.0255532518164097
1igqB00,379,0.0317442849548112,0.0538978777209776,0.5698372666072876,0.5687112531101121,0.0292388800283537
1igqB00,413,0.0575080960564436,0.0788795938175684,0.6136116720350057,0.4405758599248234,0.0555327901619211
1igqB00,450,0.0531979716190242,0.0667034551816502,0.7650854162245431,0.6209942988876161,0.0504311127469022
1irzA00,320,0.1412207341269841,0.1923336893607413,0.9312779231088444,0.9267256713586254,0.0542485119047619
1irzA00,348,0.1516609775076345,0.1897654184152349,0.9290794785199572,0.9208331381952912,0.0453431113460183
1irzA00,379,0.1265596333979328,0.1580192917611462,0.9257400095349112,0.8959689710635783,0.0610882994186046
1irzA00,413,0.1125730084272962,0.1334197491738591,0.8524383633252559,0.8557533433558978,0.1110004808256988
1irzA00,450,0.1514815340909091,0.1725664250252724,0.7031269188207117,0.7488421363641543,0.1508811553030303
1j0tA00,320,0.1599097384097384,0.208341051677483,0.8839195920960535,0.8344477892768287,0.0500742035742035
1j0tA00,348,0.1582745402745403,0.2216971927523931,0.8464157101115607,0.8506484138119382,0.0791680911680912
1j0tA00,379,0.0950094535094535,0.1457092781401307,0.9132222352320376,0.897336592442966,0.0472257187257187
1j0tA00,413,0.1366034706034705,0.1651153419384763,0.8921699094348465,0.9138107411758036,0.0238409738409738
1j0tA00,450,0.1030211085211085,0.1288530254708286,0.8870372574428662,0.90111408812448,0.016653328153328
1j5sA02,320,0.127000333000333,0.2184496513736758,0.856685553266384,0.8945662558500139,0.0493406593406594
1j5sA02,348,0.1192281052281052,0.1881186743116079,0.884056441322108,0.9189046715622532,0.0497735597735598
1j5sA02,379,0.1279459429459429,0.176111848039529,0.8664124175314392,0.8783937043885743,0.0039421689421689
1j5sA02,413,0.096022533022533,0.1251288314863267,0.9089151155054288,0.9112192259851886,0.0004514374514374
1j5sA02,450,0.0831893661893661,0.107420977217898,0.8851275719306556,0.8561809083817647,0.0733805083805083
1j8mF01,320,0.0858762336003715,0.1101657992171841,0.970549670274782,0.8763557981538601,0.0423130152095669
1j8mF01,348,0.1192625101590618,0.1563335086213359,0.940963769178366,0.8558782294074898,0.0683717636131427
1j8mF01,379,0.1490617670962498,0.1865181719125046,0.9247973628651333,0.8847218835693634,0.0951899454313248
1j8mF01,413,0.2039796818762335,0.2614107182364965,0.817204531199791,0.8216155985502234,0.139749100197376
1j8mF01,450,0.1738397770811564,0.2253474847986394,0.7096597371746477,0.7238079486909211,0.1059189597120632
1jeyA03,320,0.1187253487253487,0.1437554862472803,0.2809594721941953,0.3698623125435467,0.0866714766714766
1jeyA03,348,0.095034151034151,0.1165497395175674,0.7036039510960294,0.7528231932294674,0.093069745069745
1jeyA03,379,0.1282039442039442,0.1501208824092733,0.726676700577107,0.7881720243170444,0.1278037518037517
1jeyA03,413,0.1120848164181497,0.137264206840433,0.7243101713821638,0.7496842763493616,0.1119860509860509
1jeyA03,450,0.0883913740580407,0.1090441058469791,0.8238231880149224,0.8705513129927082,0.0883544973544973
1ji3A00,320,0.1274969801103821,0.1941874732733698,0.8883183829946738,0.8541916057231391,0.0029786525044256
1ji3A00,348,0.1535819275226491,0.2320920435907213,0.8481766854541886,0.8430947479150872,0.044587446631261
1ji3A00,379,0.1744745639701008,0.2510252602439815,0.8410098480491545,0.8282202120793735,0.0682896255743251
1ji3A00,413,0.1691129894869809,0.2455586307065512,0.8107871567465649,0.7444588903556003,0.0718664428914877
1ji3A00,450,0.1003891044223098,0.1539086472926082,0.8023307947537114,0.7947088534296354,0.0059092543754495
1jqpA01,320,0.0265247239840263,0.0633175885931885,0.9328129729719924,0.5150460422183589,0.0097739773146749
1jqpA01,348,0.0392290586768748,0.087935060414444,0.8733681058561703,0.4590264024827074,0.0128163958685796
1jqpA01,379,0.0570730211522894,0.0996839575979405,0.8137620549556341,0.4238531643943617,0.03117168197656
1jqpA01,413,0.0571435852426706,0.089764822983921,0.8347396574012078,0.5352761858584243,0.034160637296308
1jqpA01,450,0.0988443320245645,0.1452795079766986,0.2405516020444896,0.4194039854841931,0.0609945426021007
1js2A00,320,0.08027113834979,0.1389969793937806,0.7843942739296587,0.7962958645326668,0.0653609124957439
1js2A00,348,0.0759516513449097,0.1108016096637318,0.7985233797190782,0.6804295241526518,0.0623738508682329
1js2A00,379,0.1050615140165702,0.126103382112748,0.7835103568148192,0.8152410986875583,0.1044057428214731
1js2A00,413,0.108719668596073,0.1292498420457471,0.7717842893949526,0.734309364051666,0.1085408012711383
1js2A00,450,0.116187492906594,0.1365715734293511,0.872464745374243,0.8590030401015524,0.116187492906594
1k8iB01,320,0.0899170829170829,0.164900867588615,0.8892394387151518,0.8791211953791948,0.0122654012654012
1k8iB01,348,0.1142706182706182,0.1846787579181293,0.8061031947790624,0.8419602942293601,0.0137609057609058
1k8iB01,379,0.1235803085803085,0.2022961294096303,0.6840073291258186,0.7616846913523534,0.0029860139860138
1k8iB01,413,0.0717252747252747,0.0913111064288655,0.8276687823240305,0.7626704766758547,0.045059052059052
1k8iB01,450,0.0865734265734265,0.112643192355079,0.7532405898114383,0.8178325698769371,0.0846753246753246
1kfwA02,320,0.0448274811608144,0.0854047365955911,0.9374249428267636,0.6380870512497604,0.0445199615199614
1kfwA02,348,0.0493139068797983,0.0799124705381895,0.9391724722280742,0.6831887311955733,0.0483826899485813
1kfwA02,379,0.0727696492425174,0.1073465237130744,0.8795645188365662,0.6813246936875623,0.0710730374993941
1kfwA02,413,0.0832849355230307,0.1327406038606194,0.9463883158837396,0.8409978991715397,0.0826491445062873
1kfwA02,450,0.0872451499118165,0.1219491449922249,0.8876284310596047,0.8549278465951874,0.0863139329805996
1koyA00,320,0.176704138155751,0.2199609118584601,0.8976818779321487,0.8749023260498231,0.117117953730857
1koyA00,348,0.2469032258064515,0.3021063186987159,0.8525723013713775,0.8446798268406395,0.2007956989247311
1koyA00,379,0.2183869338546757,0.2571570377138112,0.8079377109708984,0.8304148447331322,0.1549594330400782
1koyA00,413,0.1069245682632779,0.1247710044850279,0.722843328334334,0.7447235300502123,0.0137564353209514
1koyA00,450,0.1451026392961877,0.1701182018851499,0.8381658563905823,0.8320962203641591,0.1432844574780059
1kplA00,320,0.2184429175475687,0.2601919273059255,0.8515111066491705,0.7853305487899525,0.1273456659619449
1kplA00,348,0.2871522198731501,0.3322349984219553,0.8218413958522388,0.7713021731073348,0.2163213530655391
1kplA00,379,0.3327906976744186,0.3852312930496745,0.7459643486011467,0.734325528822146,0.2599830866807611
1kplA00,413,0.2919382129498409,0.3617190126238574,0.7497192088445418,0.7439951996968268,0.2377554499763801
1kplA00,450,0.2298551797040169,0.308824509778139,0.5668602761070922,0.6208423967169802,0.1584852008456659
1ks9A02,320,0.1319289644411595,0.2078089823003173,0.8613732670820798,0.8405077127298775,0.0007542908762423
1ks9A02,348,0.2103364865095192,0.2805299768902683,0.7527598828111821,0.7653321367468602,0.0629324538528404
1ks9A02,379,0.1542395499712573,0.1968777660127699,0.8545240109337002,0.8376062736444929,0.0540491910979716
1ks9A02,413,0.1567166789849716,0.2020076440356521,0.8178689986776024,0.8254294801274296,0.0931361583312802
1ks9A02,450,0.0933527141332019,0.1127088545177637,0.7319225322939924,0.7445861319294025,0.0451232651720456
1kx3G00,320,0.1383278152299653,0.1769234087896621,0.9296246485179444,0.8821483956716019,0.0280296381985719
1kx3G00,348,0.1046269296740994,0.1343991355306044,0.9403847006106584,0.9208341088160382,0.0072255574614065
1kx3G00,379,0.1201586620926243,0.1438016004107042,0.8814621754934543,0.8734103243540103,0.014163807890223
1kx3G00,413,0.0571955403087478,0.0733127962917058,0.922321961573782,0.9066417130774164,0.0305831903945112
1kx3G00,450,0.092331830813621,0.11024911447578,0.7983685143271737,0.8326019175738115,0.0890415215908853
1l5jA04,320,0.0797149621212121,0.1282972067396369,0.9438020845887514,0.8934312829096569,0.0153319128787878
1l5jA04,348,0.0921226325757575,0.1334296478169371,0.9376116442574935,0.8517474493460652,0.012450284090909
1l5jA04,379,0.0900667613636363,0.1161825852560262,0.883896410265409,0.8767227946156635,0.0289603851010101
1l5jA04,413,0.0837105429292929,0.107780516566607,0.8463312074916952,0.8434463072863556,0.0783895202020202
1l5jA04,450,0.1019430239898989,0.1273908202699356,0.8511223647734354,0.8615878635748119,0.1016347853535353
1l5oA02,320,0.0909411764705882,0.1674073875529553,0.934103996335392,0.9200341042286,0.0028992127153891
1l5oA02,348,0.0979028891859774,0.1673418604197799,0.9315584566840268,0.9113682386186552,0.000470105466429
1l5oA02,379,0.1674978089720736,0.2284551067811741,0.882365919877257,0.8882355666296433,0.0640278149138443
1l5oA02,413,0.2071942587641117,0.2773606230683497,0.8223901625943351,0.8243852954591167,0.1077284239453357
1l5oA02,450,0.1525199792038027,0.2288156015593037,0.8307836336594833,0.8453813296379727,0.0646019756387404
1lcsA00,320,0.0632294642396741,0.1220958859881498,0.8222416775423365,0.6340617074231605,0.0495893879234775
1lcsA00,348,0.0795406328089254,0.1355731915654452,0.710914199642616,0.4341425927108615,0.048262654418752
1lcsA00,379,0.0775912958283917,0.1299483216467083,0.6811231070320705,0.6643471873028189,0.043687309854071
1lcsA00,413,0.089155584398416,0.1423311193201716,0.4650654785010966,0.6880523514523441,0.0423429800683816
1lcsA00,450,0.0784356738112835,0.0949287675740202,0.5732900556288447,0.616551829946638,0.0641945306725794
1lf6A02,320,0.0907244915936776,0.1675957004567912,0.9320520064088924,0.8828921748943751,0.0277794371095866
1lf6A02,348,0.114209853638425,0.1674592755086944,0.9413921563423482,0.8895812630193197,0.0150364357864358
1lf6A02,379,0.1589769635126778,0.223669942139402,0.8964428488391656,0.8964513205660389,0.0559769635126777
1lf6A02,413,0.242973433312719,0.3221696098274504,0.8082252200501917,0.8114719485908577,0.1251087662337662
1lf6A02,450,0.2924131880024737,0.4035331185619989,0.6160322158487824,0.6972821800297115,0.1897464698000412
1lfwA03,320,0.0582636593204775,0.0957520380647123,0.9768778153279356,0.8778617588927418,0.0010056244260789
1lfwA03,348,0.0784506427915518,0.1098719272137491,0.9727150163158814,0.8658450459605699,0.0069113865932047
1lfwA03,379,0.114087924701561,0.1451918028425003,0.9556234962235216,0.8850430429532473,0.0206960514233241
1lfwA03,413,0.1323713963098212,0.1616270923782211,0.8946733780262179,0.8390462350030029,0.0127873315608516
1lfwA03,450,0.117112258953168,0.1382532207825126,0.8588376834329098,0.8090031821214231,0.1150493572084481
1ll8A00,320,0.0762333864965444,0.147624041983023,0.8387663812161923,0.905352606869698,0.0329043062200957
1ll8A00,348,0.0870022194560063,0.1602558995462254,0.7829847571806653,0.8290341613441944,0.0051461448027558
1ll8A00,379,0.0803874712032606,0.1388389967288551,0.8170028953347215,0.8148109178248453,0.0059098883572568
1ll8A00,413,0.116259347864611,0.1645591781888078,0.7313896829013173,0.7509174969836193,0.0136068580542264
1ll8A00,450,0.1106385787701577,0.1509546094413569,0.5960332240920166,0.676060381497683,0.0274275208222576
1lujB01,320,0.0794312396199188,0.1200577743636612,0.9671261622583044,0.961989222971193,0.0535064390536088
1lujB01,348,0.0577249679772716,0.0804131158144267,0.9753154089396642,0.9641180770026776,0.0046638610767614
1lujB01,379,0.0859479702687249,0.1196808886948472,0.9417464920459416,0.9611374789925172,0.0210766152086906
1lujB01,413,0.1003697350867162,0.1213741105335798,0.9358831731246868,0.9389290271551342,0.0960884314846578
1lujB01,450,0.1385320591358327,0.1656681230555657,0.8671018037535082,0.9105721780474748,0.1377601350431539
1m2dA00,320,0.1402879287928792,0.2811119084893947,0.7711646803199174,0.8758745854815486,0.1174652465246524
1m2dA00,348,0.1439612333326356,0.289700898044146,0.7570516543340574,0.8402089096094364,0.1202855169237853
1m2dA00,379,0.13100200020002,0.2684746832409188,0.7788103677235647,0.8579673256743197,0.1157204720472047
1m2dA00,413,0.1311960196019602,0.2554459033577704,0.7672490293108372,0.8947518259642384,0.0941264126412641
1m2dA00,450,0.1297900790079008,0.2402443910661892,0.732362917738401,0.9072252810388266,0.0725465546554655
1mtyG02,320,0.0773323647433236,0.131812580508026,0.9587293721862632,0.9402729700383194,0.0331796042617958
1mtyG02,348,0.1397895392278954,0.1751324465477869,0.951337332666827,0.917060700353424,0.0813644665836447
1mtyG02,379,0.2150802546008025,0.2513842821826944,0.9282634141761716,0.9298609634127292,0.1662907153729071
1mtyG02,413,0.0879025875190258,0.1052627035870104,0.7785423322794702,0.7883233532766114,0.0191050228310502
1mtyG02,450,0.0923759512937595,0.1099313851278844,0.8226157566824898,0.7658178944427584,0.0885325861353258
1mu5A02,320,0.1088654403305566,0.230419357850095,0.8775051035078328,0.8780137786616632,0.0539972112297691
1mu5A02,348,0.0941588966588966,0.2071634494652867,0.8970619462068837,0.8788494097248442,0.0494785029785029
1mu5A02,379,0.1011203056203056,0.2175455619631307,0.8845973991499212,0.8679370013827036,0.0526196581196581
1mu5A02,413,0.1156208883708883,0.1937388679516049,0.8994894714053455,0.8835079821849688,0.0235710308210306
1mu5A02,450,0.1174401709401709,0.1725836543296593,0.9164676998663964,0.9114919679355766,0.0112536907536907
1mzbA02,320,0.0887965933848287,0.149628550422452,0.9781616162812856,0.7859279560674174,0.0560867498514557
1mzbA02,348,0.0975662507427213,0.159957031765094,0.9472257632641672,0.901350599872557,0.0513412556941968
1mzbA02,379,0.0846191325014854,0.1195157775788824,0.9394046358048376,0.8358347364961953,0.0098617548029312
1mzbA02,413,0.0407707891237302,0.0541885155516668,0.9236152813562204,0.8473131069834643,0.0241117052881758
1mzbA02,450,0.085697761933056,0.1054117113864082,0.8269209814178019,0.8715456289812525,0.0849387997623291
1neiA00,320,0.1394414141414141,0.2016219696301819,0.7591656479370562,0.9083861686838944,0.0776558922558922
1neiA00,348,0.1415769119769119,0.1990302733993278,0.7094482827905743,0.8268589607393068,0.08058177008177
1neiA00,379,0.119130303030303,0.1510422539782198,0.8137249547957833,0.8616890847088641,0.1189373737373737
1neiA00,413,0.1173420875420875,0.1598056985093468,0.7427741544518246,0.7954833075853831,0.1158659932659933
1neiA00,450,0.1256292929292929,0.1496241708894966,0.7971604683869867,0.8024873406569822,0.1256292929292929
1nijA02,320,0.0436953152211772,0.0894712919392557,0.9668183197380604,0.9063376664294788,0.0337095959595959
1nijA02,348,0.0508079937304075,0.0955157481693948,0.9675159919715012,0.9304176876166348,0.0465504179728318
1nijA02,379,0.0499249390456287,0.09506233690213,0.9609236980611012,0.8799241582100845,0.0447216997561825
1nijA02,413,0.0712980243493475,0.1020773518978054,0.95319386805518,0.8718006735747348,0.0207641126582586
1nijA02,450,0.0730997039359108,0.1052168601965747,0.923865935181826,0.793343387785175,0.0447601010101009
1nktA02,320,0.1104436992879615,0.1894382116980532,0.8935105092767105,0.8343884502805738,0.020965474416294
1nktA02,348,0.1361915052160953,0.1918895367249839,0.888171765001667,0.8330603946485802,0.0099043715846994
1nktA02,379,0.1948987415134956,0.2475379411849338,0.8204175589393152,0.8283671064333008,0.021125765855274
1nktA02,413,0.1807698294419606,0.2237102867790789,0.7669335076855307,0.7310586336130098,0.0277171717171716
1nktA02,450,0.1018479052823315,0.1256666408351848,0.7288746517165511,0.7572617547176576,0.095741099519788
1o0uA02,320,0.0695702843412094,0.1427127254949829,0.9445913688807176,0.8861938154162443,0.0214318960530414
1o0uA02,348,0.0736871356739198,0.1426279561388353,0.9435768352927196,0.8990416272146006,0.0098583633693766
1o0uA02,379,0.1086818404307391,0.1773073989648319,0.9157896771628328,0.8551490720186892,0.02228839051306
1o0uA02,413,0.1549322216560204,0.2280014863371089,0.8548131881298934,0.8847044704982224,0.0717516087595997
1o0uA02,450,0.1431140034708316,0.2001057508541323,0.8169638672897033,0.8568656397471663,0.063435989854492
1o75A03,320,0.033925505050505,0.0785109646494307,0.9397462058484404,0.5864414069408996,0.0250309343434343
1o75A03,348,0.0409577135686129,0.0861902023782739,0.9298348562239396,0.6003276431245471,0.0303550558943089
1o75A03,379,0.0635520833333333,0.1031203674604837,0.8591026334969688,0.6677326206325068,0.0274826388888888
1o75A03,413,0.0979532039141414,0.1313350635184322,0.701749502906073,0.6569313993230895,0.0534309501262626
1o75A03,450,0.0994481534090909,0.1242053180550394,0.4352015932640588,0.6515351797934164,0.0936089804292929
1o9iA02,320,0.0801803751803751,0.1121375470726278,0.7959305723195218,0.8749123774218438,0.0799639249639249
1o9iA02,348,0.0868310793427072,0.1153188637626667,0.6811319481056347,0.8393983975432997,0.0863463576331793
1o9iA02,379,0.1097891614558281,0.1469516577109576,0.6910982080567094,0.7325863577793703,0.1097891614558281
1o9iA02,413,0.1071468654801988,0.1309064224983237,0.8034042872280804,0.8775218512600771,0.1071468654801987
1o9iA02,450,0.0966746833413499,0.1174538557068757,0.8276498813725272,0.8449649625139206,0.0966317139650472
1otvA00,320,0.1872556225133591,0.2486678624862016,0.829014052540445,0.841774619080408,0.0023320320953538
1otvA00,348,0.226651557693766,0.267652948997117,0.8411364721207321,0.8677011376602207,0.0951126565046177
1otvA00,379,0.2471698480871709,0.3070358887642215,0.78254330761868,0.7918698739284593,0.1607661258251808
1otvA00,413,0.2077362204724409,0.2740225371191617,0.6928034874323522,0.7226896591795665,0.1247190408017179
1otvA00,450,0.1144537614616354,0.1570941697826347,0.7275211413152567,0.7649480118926499,0.0206997648021269
1pf5A00,320,0.0505282828282828,0.1214721324926765,0.9541248263043652,0.9036265800608244,0.0312283605283605
1pf5A00,348,0.0566532689532689,0.1258565970336355,0.947152148915153,0.89047057780491,0.0059900876900876
1pf5A00,379,0.0855662727453425,0.1422348229947928,0.9430648320435968,0.846485522159721,0.0169531034856615
1pf5A00,413,0.1171757575757575,0.1749069090561211,0.8937222850661989,0.8360549278230862,0.0095802641802641
1pf5A00,450,0.084137296037296,0.1091323422605377,0.7577773429130774,0.8202779272566115,0.0690089355089354
1pgjA02,320,0.1397022271440876,0.1845984650133603,0.9077992140649024,0.9267362039508472,0.0406308265378032
1pgjA02,348,0.1583941824955886,0.1975085442092135,0.9094360547357828,0.922205925821878,0.0729884303645796
1pgjA02,379,0.1701118622678925,0.2193359711190324,0.8870763934715249,0.9015013846272644,0.0833543083621504
1pgjA02,413,0.1844009866102889,0.2318307421047011,0.8417299187800429,0.8618434457757622,0.1129844961240309
1pgjA02,450,0.1006818181818181,0.1342360121961972,0.8538538123605318,0.834137748292725,0.0211680761099365
1pi2A00,320,0.0058718330849478,0.0154000969492159,-0.0901362863832816,-0.1073246249610328,0.0026527570789865
1pi2A00,348,0.0103964232488822,0.0212456041182725,-0.1348392437126282,-0.1561047162499064,0.0086199701937406
1pi2A00,379,0.0123407848981619,0.0220647232194664,0.347621833048738,0.2607460953731849,0.0113386322238781
1pi2A00,413,0.0315929789700281,0.0492546957420916,0.398313450904403,0.6152760240858407,0.0315237622122868
1pi2A00,450,0.0407165093558536,0.0562302614209133,0.4296336904985107,0.6133983587959687,0.0401167411823149
1pjqA03,320,0.1482022422022422,0.1984102305111355,0.9028289640964708,0.7601345102565995,0.1159713175713174
1pjqA03,348,0.2290735042735042,0.2835560485487234,0.8387474912638456,0.6498121424380351,0.1955282051282051
1pjqA03,379,0.1842251748251748,0.2419530179069379,0.712576166415609,0.7249151755775234,0.1225692307692307
1pjqA03,413,0.072860606060606,0.0886264787232519,0.7828410684471003,0.7655053332600513,0.0470881118881119
1pjqA03,450,0.1667406371406371,0.1916658574007339,0.8442416250844412,0.7976890891516365,0.1666986790986791
1pytA00,320,0.0800509348807221,0.1489964666727151,0.9205405781986872,0.9069009289255704,0.0158160326670966
1pytA00,348,0.0721808510638297,0.1444863129133939,0.9181143728760124,0.8888714245997131,0.0136508704061895
1pytA00,379,0.0730260354302907,0.134289568041314,0.9371652411114056,0.950389324486274,0.0483489914340977
1pytA00,413,0.1019438941130448,0.1446358904129922,0.9249909258586,0.9458743583281723,0.0155298446138165
1pytA00,450,0.0964239200515796,0.1307708069315834,0.7975163637178192,0.9200868611436944,0.02159370298732
1qrjA01,320,0.1011380995608429,0.1695530949252223,0.92316118492427,0.8981122003301765,0.0191245864239557
1qrjA01,348,0.1263346173600411,0.1754391393578826,0.9287691989236484,0.8827586392478238,0.0525443417223078
1qrjA01,379,0.222060606060606,0.2801577639994561,0.825785988270499,0.8906796562561298,0.1600587228214348
1qrjA01,413,0.1688062831706899,0.1997343469832737,0.842638710600404,0.845738496587247,0.1073517377161444
1qrjA01,450,0.0837905045727276,0.1080546236486702,0.8134855565028294,0.7701583744089353,0.0520638330486576
1qwjB00,320,0.0766821048917118,0.1269138329086127,0.9513310989522252,0.8585241245013259,0.0214876273653566
1qwjB00,348,0.0863341714084072,0.1378026107220776,0.9396081048485532,0.7971211516948528,0.0130726478761413
1qwjB00,379,0.0843949980150853,0.1299299336583743,0.9518146567814392,0.8485336418229367,0.0045684354461646
1qwjB00,413,0.1122387946842095,0.1697155441251203,0.9153061226638236,0.8742460014943909,0.0186759674095918
1qwjB00,450,0.1443103524326231,0.2116944074492194,0.8293298655121178,0.7157421351265776,0.0206881919633011
1r3fA02,320,0.0291905964836197,0.0701749557210186,0.9734335985732764,0.7156096029198424,0.0046138956650584
1r3fA02,348,0.0413128205128205,0.0773540756401229,0.9759296343992212,0.6420013417144352,0.0051126651126651
1r3fA02,379,0.0512979686979686,0.0915686139215558,0.9608662501838642,0.7336759069380796,0.0092898434898434
1r3fA02,413,0.0785084693084693,0.1505417007987267,0.9275848518447616,0.6873159014751494,0.0141805749805749
1r3fA02,450,0.1058525252525252,0.1711067966337666,0.9017075542391528,0.5396004896103344,0.0006242424242424
1reoA03,320,0.1119676967696769,0.1515659979322978,0.9199571066193032,0.91410180909535,0.0303499349934994
1reoA03,348,0.1387047704770476,0.194823933306522,0.8384168118376787,0.8591377360847307,0.0102567256725673
1reoA03,379,0.094054305430543,0.1197622142937188,0.861337192028188,0.8894086071406468,0.0406003600360036
1reoA03,413,0.0781710612921757,0.100321247094338,0.8178969369655358,0.8478688865088644,0.0336372218617211
1reoA03,450,0.1249341134113411,0.1477507069333394,0.7244744891108543,0.7628686029060064,0.1249165116511651
1rjlC00,320,0.0269788781326113,0.0615248200605013,0.9559173261550312,0.536494091439584,0.0137889915062497
1rjlC00,348,0.0369907496012759,0.0774634639502478,0.9293217519352112,0.4896065679795822,0.0168140350877193
1rjlC00,379,0.0475346092503987,0.0635936628716825,0.9539040097546936,0.6365175763060511,0.0358788942052099
1rjlC00,413,0.0812106326422116,0.0959079011599996,0.7253754609363904,0.5521883509416707,0.0780559276980329
1rjlC00,450,0.0885414141414141,0.108605479349442,0.7450025182483381,0.5151773932781762,0.087724827219564
1ruyH02,320,0.0554416144200627,0.1246674369422232,0.8996018059212153,0.7098355347182589,0.0322757314524555
1ruyH02,348,0.0657614071752002,0.1244929726076489,0.9022973805585492,0.6420280510164269,0.0170696621386276
1ruyH02,379,0.0962191670701973,0.167420793264208,0.8316176438764528,0.6231580822411409,0.0120645957047344
1ruyH02,413,0.1046626175548589,0.1615680729040246,0.7626556558232447,0.673046044412211,0.0263471351445489
1ruyH02,450,0.1080478603193118,0.1600036636284593,0.4957616222604018,0.6949215081020758,0.0455819421156229
1rwrA00,320,0.0181266877529503,0.0631183783205245,0.1847246307402606,0.490288672087005,0.0180960786314321
1rwrA00,348,0.0345386865285855,0.0708145756964156,0.3323344509484257,0.57894251984504,0.0345386865285855
1rwrA00,379,0.0508233853688399,0.0801735185852444,0.3431711292379391,0.5698507746678143,0.0508142026323844
1rwrA00,413,0.0816691494065231,0.1008137894929684,0.4086611807779265,0.4418471090948498,0.0815995646702717
1rwrA00,450,0.1024278815086895,0.1213367553765378,0.2545984258987578,0.3067104738801698,0.1022551100227867
1rzmA01,320,0.0548191919191919,0.1334260026621855,0.937889613526524,0.8664604373124556,0.0323888888888888
1rzmA01,348,0.0602703282828282,0.1476886493107757,0.9229470829793636,0.90579631226156,0.0309887626262626
1rzmA01,379,0.051677904040404,0.112810855346558,0.9510911818672,0.8876258072502813,0.0105359848484848
1rzmA01,413,0.0456797979797979,0.0887109080331207,0.9704325898872656,0.9199241505078476,0.0099434343434343
1rzmA01,450,0.0880990221987314,0.1214488757662866,0.9567802306618676,0.8620011989925357,0.0143626996711299
1s0pA01,320,0.1196443971882568,0.1879193235221925,0.886185040019926,0.7658992930611414,0.0087006911217436
1s0pA01,348,0.1473335105440368,0.1991313703602764,0.8745368041175499,0.8594280345597466,0.025715813101778
1s0pA01,379,0.1780487329434698,0.2211974311451839,0.8565389358376275,0.8356114580871092,0.1096415027467658
1s0pA01,413,0.2028117431626203,0.2604833273073377,0.8097144739152597,0.8326708058945055,0.145973654675409
1s0pA01,450,0.0894488747120326,0.1132458107139928,0.7510880262513259,0.7767181103025352,0.0249636718057771
1s5lB02,348,0.0993523092193612,0.1471093159960936,0.9113457681687128,0.8622144020411648,0.0151205114731126
1s5lB02,379,0.0930780054884101,0.1320505520801538,0.8829445616996631,0.8652180127667067,0.0260516727973375
1s5lB02,413,0.087561650922452,0.1140509239909451,0.8922942526846979,0.8362907832624067,0.0421160400890203
1s5lB02,450,0.0998845682256087,0.1208174448496487,0.8210760755237277,0.7991585973148313,0.09792415484323
1st0A02,320,0.1306100269712835,0.2346756396008397,0.8162390028945742,0.8478059604793545,0.062560315193823
1st0A02,348,0.1263425353006504,0.2095252969354847,0.8298810393363392,0.8437252224121772,0.0447050081971548
1st0A02,379,0.127980197691022,0.2147813071075851,0.7895777667165993,0.8186758316968158,0.0007110124746798
1st0A02,413,0.1355711565920989,0.204870266721807,0.7315021888420414,0.7926741000785676,0.0045335554497858
1st0A02,450,0.0763778623935692,0.0964956611378808,0.8640182579435427,0.7402966046489988,0.0653943095880269
1st6A03,320,0.1929257180313339,0.2383526010436279,0.8567044081584521,0.8220412428154963,0.1472852306963202
1st6A03,348,0.2170894534868334,0.2652479379293062,0.8471753701622348,0.8814457319476221,0.1831649684619118
1st6A03,379,0.2361988884477967,0.2860041080371745,0.8226374053254725,0.8766378796310986,0.2042219134577213
1st6A03,413,0.2872267644455112,0.3372427151682327,0.7672318063149166,0.8603261571049996,0.2616384757496769
1st6A03,450,0.1373056327466807,0.1797686814187125,0.9178722784069532,0.8868739993079863,0.0657553702968548
1sumB02,320,0.1941335188702157,0.2381951402712435,0.9170934727584296,0.8212966802729593,0.1412662852410585
1sumB02,348,0.2531161616161616,0.3079569716353005,0.8701509400983664,0.864500029389646,0.2023519089197051
1sumB02,379,0.235035439137134,0.2846724413779574,0.7605397661478739,0.7929533657691419,0.1680073617531243
1sumB02,413,0.156306796781373,0.1986741689108777,0.7433154875958466,0.7255671386751287,0.0991465502482452
1sumB02,450,0.0848113336757404,0.1109079198268922,0.7466975777717509,0.7351392304841363,0.0558198938537921
1sxjE02,320,0.0621875,0.0923831761446201,0.986306595682942,0.964461600116457,0.0404652777777778
1sxjE02,348,0.0991488095238095,0.1228392014759505,0.9721514357651464,0.9579086731429848,0.0366349206349206
1sxjE02,379,0.1177717032241014,0.140634621418099,0.9632012270971446,0.9435996122266872,0.0548987513213531
1sxjE02,413,0.1056163855120977,0.1303401656793318,0.9466187932141576,0.9362252590515416,0.1047709544573643
1sxjE02,450,0.1534006358225108,0.1757227910477982,0.8467968099301423,0.8522094291840417,0.1532499774531024
1t4lB00,320,0.0585406766073432,0.0980995724595824,0.970418934073388,0.9427614612192784,0.0177670995670995
1t4lB00,348,0.0663575757575757,0.0985305582375175,0.9670945418550122,0.9354851500278432,0.0196386083052749
1t4lB00,379,0.0991355780022446,0.1360037223249946,0.9418841595255932,0.8951982157847801,0.0144527497194162
1t4lB00,413,0.0817399551066217,0.1049081813290392,0.8571075359551885,0.8881278940653506,0.0257882154882155
1t4lB00,450,0.1108696969696969,0.1321030990743389,0.8088852416751902,0.8585966987685879,0.1083682379349046
1tdpA00,320,0.1023535353535353,0.1507401245883739,0.925183607895118,0.8588883186730771,0.0122223132223132
1tdpA00,348,0.1192751842751843,0.1577708130148181,0.9277754977031666,0.9140500153240022,0.0645659295659293
1tdpA00,379,0.2061992901992902,0.2631281035647287,0.8581281747237831,0.875623033137854,0.1593442533442534
1tdpA00,413,0.1295225225225225,0.1679948751618686,0.921520241302385,0.927541861026538,0.088037219037219
1tdpA00,450,0.1192871052871052,0.1426420801106685,0.7171008313215361,0.752639363774985,0.1139726999726999
1tg0A00,320,0.0324242424242424,0.1429977609242584,0.8532658323631038,0.497743426693345,0.0320936639118457
1tg0A00,348,0.0333333333333333,0.141078100012122,,,0.0333333333333333
1tg0A00,379,0.0278512396694214,0.1048402240412036,0.5955133425252177,0.5092717307434087,0.0278512396694214
1tg0A00,413,0.0555192837465564,0.0958936549569621,0.6916638390886682,0.4167362638487572,0.0526683501683501
1tg0A00,450,0.0668686868686868,0.0928831213069342,0.5884229077492206,0.5508324216999226,0.066060606060606
1tifA00,320,0.06695219108377,0.1486138522256272,0.914306258042687,0.8586388409423077,0.0434788866104656
1tifA00,348,0.0544318181818181,0.1105546044485038,0.9456420061533846,0.8345493214331936,0.0157135832004252
1tifA00,379,0.0699484378670425,0.122808069673012,0.9335698844808644,0.8123804959721328,0.0386719891695412
1tifA00,413,0.0951530910609858,0.1403676121678899,0.9163334935290396,0.8951872177737371,0.0478368459026354
1tifA00,450,0.0982282499744436,0.1473827850720122,0.8867972538998199,0.8546624876408548,0.0222924720682057
1tujA00,320,0.0939581998850291,0.1619756054333987,0.9198045152537944,0.8942385319974957,0.0337103555884044
1tujA00,348,0.1040382688675371,0.1475384645197469,0.9225453152759012,0.913748277042094,0.0162268210560893
1tujA00,379,0.1082146669951547,0.1341091703431826,0.9295143574952528,0.8875865492021893,0.009373901617804
1tujA00,413,0.1619419397224275,0.2170970867506581,0.7202999066115096,0.704674913390986,0.0702664859981932
1tujA00,450,0.1230705428266403,0.1429095881273027,0.6500008439776043,0.6899776371021834,0.0635392953929539
1tvfA02,320,0.0254685990338164,0.0526723941523776,0.5424401145267884,0.5160642975866245,0.0254685990338164
1tvfA02,348,0.0336747181964573,0.1039281858389394,0.1835861046653306,0.7795526079514198,0.0327600644122383
1tvfA02,379,0.0537701332876306,0.0929241884448163,0.3894087514422509,0.5687462761798366,0.0536633032338228
1tvfA02,413,0.0588161629779425,0.0887782760018828,0.541838945160291,0.5558615851244652,0.0551150058045912
1tvfA02,450,0.0857949055775142,0.1075806888821166,0.6636238027700471,0.6747462535228159,0.0837896354852876
1twfA04,320,0.0694846098489509,0.1588635499270498,0.9066077183008228,0.9821455614452212,0.0583043763586399
1twfA04,348,0.0694351451018117,0.1362135116061434,0.926922223690248,0.9215668656374162,0.0558407888407888
1twfA04,379,0.0634672118005451,0.1125287668467039,0.9395985596326174,0.8860049129838106,0.0558475228475228
1twfA04,413,0.0614715408048741,0.082583738042285,0.9561970047761722,0.8207099323775727,0.0493211479878146
1twfA04,450,0.1129983737602785,0.1439674230051949,0.9586401135911532,0.761356792073334,0.1129983737602785
1txlA00,320,0.0851786169463062,0.161725193941792,0.9087427203239836,0.8780917025756663,0.0177716052159397
1txlA00,348,0.0738066301310982,0.1413059614829554,0.8968865942693188,0.8684771672738678,0.0046555448098001
1txlA00,379,0.0768706748334407,0.1382070307005762,0.8793314218205852,0.8703893694970626,0.0156274983881366
1txlA00,413,0.0598471416290565,0.1024862542590585,0.854479239721643,0.8652406922441543,0.0034551364710939
1txlA00,450,0.0591323339780786,0.0829686131869876,0.6308672569970797,0.7517345151254501,0.0406855254674403
1tyjA00,320,0.0404227569815805,0.1155500866261499,0.7828572433959905,0.4084212827164432,0.0350691027926322
1tyjA00,348,0.0536811051693404,0.1088691820803501,0.7451355161526925,0.3542354044243025,0.0391825906120023
1tyjA00,379,0.0695473559120617,0.1017869835559851,0.5471411108551008,0.5348259859258025,0.0603807486631016
1tyjA00,413,0.0864089720736779,0.1136599640561878,0.3426422905317036,0.4817445650603355,0.0751585858585858
1tyjA00,450,0.0968522875816993,0.1182252086603737,0.7040676465238063,0.7482329355954853,0.0966238859180035
1u0bB02,320,0.1235697358197358,0.1637816061794488,0.9418465467123271,0.934653332261994,0.0691981999481998
1u0bB02,348,0.1504986402486402,0.1985877553140165,0.917274770921741,0.9155643116136046,0.0889470991970993
1u0bB02,379,0.1671853146853146,0.206768761965792,0.8997605346805702,0.9058648020013488,0.0867363377363377
1u0bB02,413,0.1892337840569548,0.2497554448402457,0.8398682653830718,0.8513168051102181,0.0800187285614115
1u0bB02,450,0.1574017094017094,0.2046528875859044,0.6506769658977543,0.7559142622071207,0.0353843563843563
1u0mA01,320,0.0977973960186716,0.1456513211892182,0.9352997796133776,0.920037968790808,0.0153364871370858
1u0mA01,348,0.1160676567656765,0.1704243804432634,0.9251337641959484,0.91485072109864,0.0566944194419442
1u0mA01,379,0.1563208820882088,0.2223006370539594,0.853043049955054,0.8672573918623917,0.0669464446444644
1u0mA01,413,0.1314126912691269,0.1883998126834099,0.8188201946656073,0.8467322580104021,0.0412785778577858
1u0mA01,450,0.0756278127812781,0.1090560578518846,0.7013950257588638,0.7736237470462228,0.01254500450045
1u0vB01,320,0.1011323411102172,0.1568808594880903,0.9373706448184304,0.8876207933926108,0.0112329042638776
1u0vB01,348,0.1203051475861724,0.1737942110624198,0.9288556344742452,0.9039996937828464,0.0254603963071754
1u0vB01,379,0.1382350464929184,0.1979170057885985,0.8965387241151881,0.8742124680825083,0.045119366124717
1u0vB01,413,0.1357642799678197,0.1945044871941334,0.8806119767611559,0.8569139948153655,0.0533748994368463
1u0vB01,450,0.0966588242997998,0.147083682881044,0.8859381298437491,0.8548649296766078,0.0176924264251903
1uaiA00,320,0.0377783213298908,0.1157038024935322,0.6945028192557423,0.4987108869905807,0.0377783213298908
1uaiA00,348,0.031867735652489,0.074426125965614,0.7051805886990531,0.4993509462221646,0.031682927934049
1uaiA00,379,0.0363745074058975,0.0662853548781078,0.6136389518847346,0.5623881285807113,0.0340211985324093
1uaiA00,413,0.0429937491506998,0.0631197927723042,0.6294161709238911,0.6317842287063005,0.0428892059609548
1uaiA00,450,0.0750880554423155,0.090700815579073,0.3997299965694925,0.3991052349102632,0.0750595189563799
1a0hA01,320,0.0495327458013635,0.1104008536493905,0.9205697307848394,0.7813279720724613,0.0483376487635698
1a0hA01,348,0.0502032741777877,0.0909571603396962,0.8166899786044934,0.6601148087889129,0.0490396178834107
1a0hA01,379,0.0582774940415389,0.0933306589704206,0.7112351833506297,0.7539408421491927,0.0512533197139938
1a0hA01,413,0.0656735898308931,0.0845520149914239,0.6091234753525177,0.739965677806261,0.0618712972420837
1a0hA01,450,0.088387924185677,0.1069857344366357,0.7686998338292179,0.7438533483723898,0.0877414595392123
1cfbA02,320,0.0286011053935582,0.1060891482373108,0.9645769443254626,0.4658016669357687,0.0286011053935582
1cfbA02,348,0.0217396607585286,0.059555833286785,0.9439380891589508,0.3770352847626069,0.0217396607585286
1cfbA02,379,0.0334008004574042,0.0617133254590709,0.7431986570590434,0.5102370851003377,0.0330409757956927
1cfbA02,413,0.0555562226033924,0.0777161319080021,0.7353193748022825,0.5619405299667627,0.0554454926624738
1cfbA02,450,0.067091671431294,0.090700811256315,0.3860041967626803,0.5717750886876074,0.0600768057937869
1cukA01,320,0.0285806550352004,0.0710687065302526,0.9760107875573056,0.5880968450440559,0.0285806550352004
1cukA01,348,0.0360451484542393,0.0830758666447561,0.9631326839913436,0.7073578415648774,0.0360451484542393
1cukA01,379,0.0412408403983456,0.0937357778523669,0.9386773110295756,0.8644067552612703,0.0407021198596251
1cukA01,413,0.0634967076530269,0.1043570526289952,0.903601573548071,0.8967169269321571,0.0634967076530269
1cukA01,450,0.0656934496479951,0.085208395687461,0.8626164949177191,0.8897896475097956,0.065639577594123
1h19A02,320,0.0866503176090804,0.1574798768384759,0.8934823374639204,0.8925201459352943,0.0372351348536915
1h19A02,348,0.0748830573779027,0.1118063234168456,0.9262667713712116,0.9482601741407434,0.033730084348641
1h19A02,379,0.0924215349369988,0.1339848611233133,0.8059928570537329,0.8916830013079561,0.0472025408726439
1h19A02,413,0.0706292825158804,0.0884220469263139,0.8614079333484752,0.8901044984348224,0.0669591794230969
1h19A02,450,0.111302717900656,0.1316435193548206,0.7473471769039208,0.7606544174034199,0.1111808809746954
1hn0A04,320,0.0116582215598609,0.0333133547940544,0.7501471955117869,0.6800547513717903,0.011592647789369
1hn0A04,348,0.0131329690346083,0.0384730342353151,0.680477100411833,0.7526956515553903,0.0131329690346083
1hn0A04,379,0.0124813710879284,0.03220191218895,0.966792816314752,0.5733555078890563,0.0124143070044709
1hn0A04,413,0.0188642987249544,0.0362534618592858,0.6755323037831724,0.6725345211642649,0.0184908925318761
1hn0A04,450,0.0450845338632223,0.0736296000113332,0.526802934262503,0.6696753961580345,0.0450699619142242
1ibcB00,320,0.0803743112947658,0.100772129901804,0.960056293961945,0.8896524331510034,0.0365063131313131
1ibcB00,348,0.0927315998248873,0.1242710345677838,0.91497244667648,0.8343548551576138,0.0646803259871442
1ibcB00,379,0.1038870603497982,0.1391912274827471,0.8616378894133404,0.8317410200497031,0.0836621900826446
1ibcB00,413,0.1259601698806244,0.1570189505350928,0.8137337394670945,0.8394541897474276,0.1188786730945822
1ibcB00,450,0.1164901552523117,0.1384034955184946,0.8696718192909362,0.8977981509885377,0.1161645845345634
1j7gA00,320,0.0467300785634118,0.089102340604832,0.972357528404194,0.8370666387181016,0.0309443041526374
1j7gA00,348,0.0491461139169472,0.0870017369468759,0.9700369923031232,0.8579485204248481,0.0202876683501683
1j7gA00,379,0.0669625420875421,0.0995268829609805,0.9528254532072687,0.7816747160067806,0.0258250561167227
1j7gA00,413,0.0809888468013468,0.1190701719808671,0.9308641042646248,0.8051051118240649,0.0304950196408529
1j7gA00,450,0.0729702891316263,0.0854778473713398,0.9173230045967302,0.8089301801046924,0.0484793428470754
1k8kD01,320,0.1162597115908374,0.1642462589562227,0.8979296703786293,0.9128148129011532,0.0327727129382758
1k8kD01,348,0.1001053582179409,0.1484640820439799,0.8726610737370311,0.8915276064133439,0.0028988561107765
1k8kD01,379,0.086592270863794,0.1190368124788062,0.8999578553229106,0.9225919967996408,0.0105012757661764
1k8kD01,413,0.0761830222757375,0.1012913987351338,0.8471581578596236,0.9050591599537458,0.0461408789885611
1k8kD01,450,0.0841484535793792,0.1090557012281062,0.7545408270887329,0.8431923919253967,0.0748546686641558
1m55A00,320,0.0948670644266499,0.1978385466674554,0.8860222248692078,0.8952730154515885,0.046792013398231
1m55A00,348,0.1013006751452347,0.1900542876423195,0.8877071332929983,0.8857834211313271,0.0309947139791699
1m55A00,379,0.0974352854974616,0.1422336728499599,0.9269595819127662,0.8946742901654775,0.0136113466268906
1m55A00,413,0.1271865055202601,0.1796137160471081,0.871318809943348,0.9074074211787354,0.0242795514860471
1m55A00,450,0.1009521410027495,0.1424256511735349,0.8010117822537703,0.7792248503357558,0.0045233270163984
1mixA01,320,0.149183879612451,0.2021178506066142,0.9071561831826854,0.9045023375452232,0.0142187177901463
1mixA01,348,0.2123495155638013,0.2719370360386726,0.8194936356936855,0.8917638896898605,0.0734346526489383
1mixA01,379,0.2219917542774685,0.2837305223332645,0.7812887600994172,0.8261731289710705,0.1151715110286538
1mixA01,413,0.0841757369614512,0.1106954313772947,0.8850925195242421,0.9098967037219916,0.0418314780457638
1mixA01,450,0.1359410430839002,0.156696888418405,0.8681427723371008,0.8803542643480485,0.1359410430839002
1on2A02,320,0.1789730639730639,0.2470980054240261,0.7282206075752999,0.7240472426924056,0.1068136924803591
1on2A02,348,0.1843829546852802,0.2250571509737027,0.69335465690922,0.695740076912998,0.0535392649268617
1on2A02,379,0.1355969215969216,0.1894841136664495,0.7965410929448892,0.7407578919765767,0.1154785954785954
1on2A02,413,0.158365239698573,0.1869996417240595,0.8754599426550953,0.809099308998757,0.1558630751964085
1on2A02,450,0.2002942577704482,0.2428751551409104,0.7288681495434142,0.735114694852119,0.1986794704413752
