Domain,Temperature,MAE,RMSE,Pearson,Spearman,HelixContentError
1a1zA00,320,0.2489498062723055,0.3007768866124102,0.7607303867607398,0.8250163637601698,0.164077213717449
1a1zA00,348,0.2210460021905804,0.2653664621899358,0.7640010387252153,0.8087093354432258,0.1281325301204818
1a1zA00,379,0.2242347572106608,0.2672510526147587,0.8041650076667034,0.8529230798252545,0.1521023487890958
1a1zA00,413,0.1015090665693075,0.1250697087660454,0.8555567390127985,0.8130867926784243,0.008430814165754
1a1zA00,450,0.169709748083242,0.2043824651825137,0.7583131386915822,0.8615932015210698,0.1670700985761226
1a39A00,320,0.0741747902969848,0.1335437232970062,0.8597202317249966,0.658605509896882,0.0317082294264339
1a39A00,348,0.0738358648832464,0.1319483288752146,0.8473547448071195,0.6486997900574807,0.0301745635910224
1a39A00,379,0.0848458926679074,0.1459878826387116,0.7740385186748252,0.6376441717794313,0.0214178876276539
1a39A00,413,0.0862355474948991,0.1464105840745023,0.6669178698077317,0.6623540638417085,0.0211301292223985
1a39A00,450,0.0732364157872231,0.1012837073932388,0.5662411293496751,0.5905239696121679,0.0479590742238524
1adnA00,320,0.1384090909090909,0.1759540622316242,0.8969139482351084,0.787281598230243,0.0702667984189723
1adnA00,348,0.0897976395924956,0.117158735884612,0.9396735042006814,0.730666827008821,0.0464752546901965
1adnA00,379,0.1071126175812727,0.1515844195733467,0.8165410579532199,0.7488729129860568,0.048321700319678
1adnA00,413,0.1203903162055336,0.1439643042379531,0.7622829598452007,0.6614600473316529,0.0905879446640316
1adnA00,450,0.1071178417133927,0.1257810706662744,0.5718869554298449,0.7444879236635963,0.0967081073628091
1ak2A00,320,0.0831983951566404,0.1432895755859377,0.9495999972605424,0.913180365705632,0.0043650297905054
1ak2A00,348,0.1229380165289256,0.1878718951459345,0.914366338010235,0.9007812986486632,0.0270578512396694
1ak2A00,379,0.1190330578512396,0.172569077187085,0.930602409207206,0.929866402186338,0.0483388429752065
1ak2A00,413,0.1526078971533516,0.2114922077211812,0.8589023584585871,0.8831813867711275,0.0582572084481174
1ak2A00,450,0.1295867768595041,0.1965924688229341,0.7588421179950691,0.8751240079557873,0.0215413223140495
1aocA00,320,0.062664531024531,0.0944068837348867,0.9438547640587982,0.7964554321441581,0.0416453102453102
1aocA00,348,0.0786415584415584,0.1190735538062783,0.9017868068285336,0.7493331716742074,0.0239350649350649
1aocA00,379,0.0848337662337662,0.1302356550870851,0.8846059718160357,0.7612284568683112,0.0169584415584415
1aocA00,413,0.0908233766233766,0.1239723423853293,0.7481270089592557,0.7277518703691643,0.0306987012987013
1aocA00,450,0.0877714285714285,0.1085797874741606,0.5569145833408136,0.6472980889971878,0.0453142857142857
1b2rA02,320,0.1025387407004173,0.1920638041330341,0.9060338452631632,0.8924415646652161,0.025184358555616
1b2rA02,348,0.0943743422246416,0.1793250748518637,0.9119682018329088,0.8920239721333334,0.030209822778685
1b2rA02,379,0.0936530251688307,0.1554603931895891,0.9296106834165776,0.932633088703127,0.0127563970016275
1b2rA02,413,0.0926858404403314,0.1337004759789047,0.935769048298558,0.9169255121337302,0.0004631343373858
1b2rA02,450,0.0947255791447408,0.1172013903666781,0.8974119673624229,0.8722776202724287,0.0249265106151334
1b5fB00,320,0.0755426680599094,0.1459234885437647,0.8936419641198988,0.7055950722801727,0.0723377452687797
1b5fB00,348,0.0789498930188585,0.1247007224969282,0.866333444002406,0.6484863635849524,0.0629077640112122
1b5fB00,379,0.0621758969000348,0.0967652507969191,0.8727369432245264,0.6742841751267508,0.0407452687797515
1b5fB00,413,0.1000772088703123,0.149422831860916,0.63824837249129,0.624331274197529,0.0938545222338325
1b5fB00,450,0.1263490073145245,0.1610251659082121,0.7378994260793185,0.734369835778741,0.1234431673052362
1b97A00,320,0.1008149114091737,0.1697076703278532,0.9059450184147644,0.8593028018424943,0.0067991803278688
1b97A00,348,0.1038014985924821,0.1775308530634209,0.8804901717232991,0.8254914108367611,0.0046985842026825
1bagA01,320,0.1211894157715483,0.1835304428169581,0.8995910650098634,0.8470038095562613,0.0327351323028556
1bagA01,348,0.1234059247142117,0.182057145618567,0.8954742001398712,0.8459005164351142,0.022295884266152
1bagA01,379,0.1307205829489859,0.1769485491437949,0.911065138849451,0.8243236397654299,0.0075199078784629
1bagA01,413,0.1262824207492795,0.1764336327906829,0.9000766948385103,0.870247626867056,0.0092481006025673
1bagA01,450,0.102196527728966,0.1538412938636642,0.7170297633327164,0.7357388443384738,0.0378390001086282
1beoA00,320,0.086,0.1402306777531905,0.9464008682416032,0.9209800797721028,4.988662131522048e-05
1beoA00,348,0.1001038785063175,0.1453256742691558,0.9364696129486776,0.8653021020320624,0.0130660336566259
1beoA00,379,0.1151839826839827,0.1438542260266731,0.9089115043533416,0.9004027001887833,0.0263192125334982
1beoA00,413,0.0978272425249169,0.1138185246603466,0.8865126621924605,0.9124871963087688,0.0506127722406792
1beoA00,450,0.1525549371263657,0.1794538561282691,0.8415430539364781,0.8398871739618948,0.1514335188620902
1bf6A00,320,0.1341209344302128,0.2427758658349354,0.8499151977273655,0.8652590951175654,0.0712756430282203
1bf6A00,348,0.1321514715604862,0.2155115768534915,0.8744621570955139,0.8742201674747493,0.04971909214417
1bf6A00,379,0.1370977438452922,0.2081740244782723,0.8678639446876676,0.8708553895843917,0.0192700832819013
1bf6A00,413,0.1349999999999999,0.1920282887466426,0.881197478894121,0.8903443222495675,0.003622305529522
1bf6A00,450,0.1560275495303066,0.2150944219101067,0.8346997312368863,0.8437069762023867,0.0440029641899697
1bgqA00,320,0.1563933257811762,0.2636466774649197,0.7762615870255907,0.8601061478755915,0.0694055980364392
1bgqA00,348,0.1417182035525873,0.2318607189915342,0.8025927648632637,0.8599038965559563,0.0521680069550097
1bgqA00,379,0.1250649485509298,0.1948902277785221,0.8319853562382861,0.838013201043167,0.0368329085244973
1bgqA00,413,0.104697194189444,0.1579786968800359,0.849688324044686,0.874493199399861,0.0249946639865719
1bgqA00,450,0.102340696686491,0.1430128806068319,0.7530604195883411,0.8328424695189137,0.045858113848768
1c30A08,320,0.0683416648234166,0.1084951385150032,0.9680155261125872,0.9492778171640937,0.0244372189043721
1c30A08,348,0.0708732838485002,0.1033045431229602,0.9712176075390132,0.9664085058161018,0.0256167600294234
1c30A08,379,0.0836342254663422,0.1311762824049784,0.934481764027426,0.9580380752272054,0.0592825333628253
1c30A08,413,0.0846449900464499,0.115113963480913,0.9289586639645084,0.9449691084389776,0.053178500331785
1c30A08,450,0.1095662464056624,0.141842260451824,0.8807710619327302,0.9172554037337258,0.0994065472240655
1c5eA00,320,0.0653135566188197,0.135977800478512,0.8201016758289087,0.4659249829129085,0.0612382775119617
1c5eA00,348,0.0796249867091972,0.1303243205987098,0.7510437857249905,0.4579076343883017,0.0564013822434874
1c5eA00,379,0.1164219032429558,0.1410419183518653,0.756946360218981,0.5856775157122839,0.0923040935672514
1c5eA00,413,0.1137965975544922,0.1346079509426869,0.630278363526664,0.6355730258656821,0.095045933014354
1c5eA00,450,0.1066842105263157,0.1245847474077239,0.7838955569174724,0.8555257532563582,0.1066363636363636
1c5kA02,320,0.0264661654135338,0.07404530212591,,,0.0264661654135338
1c5kA02,348,0.0293099415204678,0.0707298887548861,0.0784157949059001,0.1721951154102744,0.0293099415204678
1c5kA02,379,0.0299112933849775,0.0714740431649885,0.2020207304480775,0.2302036189136928,0.0299046100098731
1c5kA02,413,0.0538077010708589,0.0830680999287532,0.0595860756201328,0.1338025171394171,0.0538010176957545
1c5kA02,450,0.0942720437457279,0.1143111883620808,0.1953481164533767,0.1836582217810833,0.0942276144907724
1c7sA04,320,0.0263636363636363,0.062812853345908,,,0.0263636363636363
1c7sA04,348,0.0348233853688399,0.0573626286361011,0.0957850891835122,0.3407008065762082,0.0348233853688399
1c7sA04,379,0.0484188858279767,0.061053864149652,0.6521136222635457,0.4198372797916369,0.0483775635139271
1c7sA04,413,0.075084940312213,0.0927319929054506,0.6897794356860507,0.589466310392511,0.0749061830425466
1c7sA04,450,0.0863077747168656,0.1014925098366979,0.7774478079871805,0.766739545721781,0.0858213957759412
1ca1A01,320,0.1077646088794926,0.1581368100309613,0.9444748757178236,0.9289971037766536,0.0210404651162789
1ca1A01,348,0.0921336565656565,0.1318743053772522,0.95676642348819,0.9396760784264652,0.0160662626262626
1ca1A01,379,0.1244557575757575,0.1615906691384656,0.9443434944816022,0.9431282609568308,0.0606545454545454
1ca1A01,413,0.1282764386724386,0.1635672073408333,0.9332853138317228,0.9301613228152004,0.0553961154401154
1ca1A01,450,0.1139482424242424,0.1476546871649229,0.945019784558607,0.9112272806100284,0.0354614545454545
1ceeB00,320,0.1215639445300462,0.1536722020362384,0.8862346067357203,0.8097500846636985,0.0489291217257319
1ceeB00,348,0.0851188641866608,0.1191537033257153,0.8987246555445114,0.7482525551675181,0.0488535475823611
1ceeB00,379,0.1032203389830508,0.1399908697721196,0.7973035231560518,0.7347720328301813,0.0754699537750385
1ceeB00,413,0.0834129429892141,0.100956952932557,0.8794969212942484,0.76670977446115,0.0798382126348227
1ceeB00,450,0.0914560862865947,0.1113673783214603,0.8701109988525046,0.8124350945100068,0.0909167950693374
1chzA00,320,0.0501934974747474,0.1037794407067791,0.953891883798428,0.6873345339399519,0.035434659090909
1chzA00,348,0.0639412878787878,0.0927776194338619,0.9724623603786612,0.6257787882236848,0.0272563131313131
1chzA00,379,0.1072105429292929,0.1461041821924585,0.945576874340132,0.6093588948721306,0.0226196338383838
1chzA00,413,0.136420928030303,0.1968906784690316,0.9031402631373172,0.5741494051702031,0.0022050189393939
1chzA00,450,0.1056328914141414,0.1403715551993377,0.8970036672047973,0.6622276060977149,0.036966856060606
1cukA01,320,0.0144380165289256,0.0545854408524481,0.9574868039582914,0.7991775873912474,0.0122170186715641
1cukA01,348,0.0180482093663911,0.0651297731035474,0.9521363073336702,0.58451080498967,0.0178633302724211
1cukA01,379,0.0340717427979584,0.0700251835961174,0.8923373577053366,0.7988589137643961,0.0137324228899281
1cukA01,413,0.0534765504266612,0.0733735910855163,0.8558438840724026,0.8461481256565873,0.0331936773499966
1cukA01,450,0.0520252525252525,0.0677169738008778,0.8395790044515352,0.8857796988541653,0.0495789715335169
1cywA00,320,0.0470520932596404,0.1266384874229394,0.9303883344635366,0.7994788222439186,0.0277121529763039
1cywA00,348,0.0575657836223873,0.1158846562321711,0.9369794435725812,0.7818703346573227,0.0417633568388285
1cywA00,379,0.0610188679245283,0.1127910004020237,0.9271938868124108,0.8101186866723329,0.0343868877453782
1cywA00,413,0.0725721504041798,0.1070031222679578,0.9205034662100056,0.746080988419895,0.0212335891512145
1cywA00,450,0.087883552506194,0.1147092914287871,0.7807365375130786,0.770517846373622,0.0686230226796264
1d2nA02,320,0.1100794727660399,0.1772979994117129,0.9165634631804056,0.8572290099898475,0.0415736469169304
1d2nA02,348,0.0744265899937541,0.1008845989264207,0.9651903878451268,0.8493633210165314,0.0019708169111154
1d2nA02,379,0.1118840645258555,0.1342197889440559,0.957856302368699,0.9399648686722836,0.0605793758480324
1d2nA02,413,0.0811684004221317,0.1089771777764927,0.9463303149423438,0.912603153214066,0.0623542891602593
1d2nA02,450,0.1557937584803256,0.183476662558792,0.8765079986566202,0.8543943025210743,0.1557937584803256
1dkyB02,320,0.2295098039215686,0.2779690556360106,0.8726826927330582,0.8485562341752972,0.2109732620320855
1dkyB02,348,0.2592376708259061,0.3077342055194572,0.8744846997507367,0.8848832463247424,0.2439765300059417
1dkyB02,379,0.1921336898395721,0.2408356599050365,0.8055329183226857,0.8086125544611573,0.1734444444444445
1dkyB02,413,0.100913101604278,0.1209679190581432,0.7856875762392977,0.7712085395316515,0.0580940285204991
1dkyB02,450,0.0810436720142602,0.1058738283086107,0.7126444683688885,0.7187683935819371,0.0710234699940582
1dl5A01,320,0.0721420674405749,0.1411063401533484,0.9421309362184944,0.8593118606715057,0.0243476054073068
1dl5A01,348,0.0777768229559274,0.1456888015160893,0.9361247909860848,0.8647946311499903,0.0194521835268103
1dl5A01,379,0.0797262173978591,0.1405627587567021,0.9382154697529348,0.8773532638435523,0.0271047791346298
1dl5A01,413,0.0951231217649128,0.1454870790580649,0.9344362490905774,0.8773579874477431,0.0040602542841349
1dl5A01,450,0.1070013065983215,0.1522595465704626,0.9283549561969776,0.9233427133139356,0.0076555103271521
1dpgA02,320,0.0905438466854136,0.1384354213292084,0.9223423544401732,0.8821938001576473,0.0204609480064436
1dpgA02,348,0.1054790624693537,0.1624065922857488,0.8902293575742403,0.8540669124514806,0.0159111223188893
1dpgA02,379,0.1133630315563031,0.168229383972129,0.8671229782609559,0.8454654814177257,0.0018987214336051
1dpgA02,413,0.1392247719917622,0.201663640607004,0.7730462736425686,0.7805086338567226,0.0203309796999117
1dpgA02,450,0.1063430420711974,0.1487089050520771,0.7364450629641512,0.7297176760547559,0.0227125625183877
1e1gA00,320,0.2168496503496503,0.266593587809158,0.8412918106114068,0.8689161368576023,0.0774162781662781
1e1gA00,348,0.2713062354312354,0.3328151357346331,0.8048591695478094,0.8509101144720047,0.1661929875679874
1e1gA00,379,0.2440830419580419,0.3138374600341793,0.7432671059208834,0.7522708523200303,0.1131166472416472
1e1gA00,413,0.2183831585081585,0.2815044338528851,0.6764142165846789,0.7059029004271491,0.0957083333333333
1e1gA00,450,0.0949116439116439,0.1178157616005927,0.7183743618731372,0.6997345157037078,0.0902326562326562
1e9rA02,320,0.1389204433717708,0.200407978045847,0.8829336732258352,0.9233308408569578,0.0116373469205328
1e9rA02,348,0.1085485831769017,0.1405613503855219,0.936558874426727,0.9424622051596764,0.0218440153749888
1e9rA02,379,0.1568136645317135,0.2000002635719723,0.8988494220957607,0.9241298008005042,0.0919642525273313
1e9rA02,413,0.0811078930901939,0.1040945953892566,0.9201857665377448,0.9366734686142898,0.0153437025118441
1e9rA02,450,0.0694652721909359,0.0861903915591672,0.9232444890448016,0.9319927886738738,0.0650794672387592
1eakA01,320,0.1060070546737213,0.1689961177066407,0.9212369376663456,0.9131483032108892,0.0145291005291004
1eakA01,348,0.0923880070546737,0.1406291955630793,0.9391778233811586,0.942680090843518,0.0206560846560845
1eakA01,379,0.0867806563232919,0.1098113556737006,0.9471475408205916,0.9370014606342216,0.0194527743287433
1eakA01,413,0.1141372454705788,0.1555454692002621,0.7833804156574807,0.8725152017134117,0.0699836459836459
1eakA01,450,0.1613017476350809,0.2048801901497919,0.8193424151168348,0.9202916922915992,0.1612594195927529
1eb6A00,320,0.0926691205843748,0.1603801083768502,0.9386527746897396,0.9253260143685654,0.0008713690578096
1eb6A00,348,0.1067181418706842,0.1496045979591839,0.9490139891267048,0.920808778585803,0.0096060035382069
1eb6A00,379,0.1630059828345205,0.2135512901051293,0.9046964361348904,0.8970670992896647,0.0465271676162493
1eb6A00,413,0.1525742167437082,0.1904239324437113,0.9209894077893404,0.8726628522904765,0.0510466244364549
1eb6A00,450,0.0919860835962531,0.1167648034078526,0.769630368225097,0.8232835844974665,0.0428059040770905
1ebfA02,320,0.0902961038961038,0.1634167357278274,0.9261254035975128,0.8912169069651695,0.0482545454545454
1ebfA02,348,0.0856902164502164,0.1553173900966921,0.9292778702329446,0.9058158058841852,0.0594244733044732
1ebfA02,379,0.0843709851124485,0.1188499013565846,0.9504157379652974,0.8697609092843396,0.0180942667089009
1ebfA02,413,0.09173443001443,0.1193188212087283,0.9322229303739196,0.8723506072815297,0.0059115151515151
1ebfA02,450,0.0897741496598639,0.1131093501239798,0.815396229888867,0.7985085845686987,0.0837956709956709
1eerA00,320,0.1316781488179639,0.1963067244986113,0.899106100204337,0.9077813792090056,0.0412831254546018
1eerA00,348,0.1634107338444688,0.2144953168408239,0.891750764352022,0.9162147958810962,0.0807490568333941
1eerA00,379,0.2016374589266155,0.2528315648001945,0.8697370659995795,0.8672951648109466,0.1230668127053668
1eerA00,413,0.2043511013751977,0.2684277046568716,0.8350899245567707,0.8679112840932464,0.1303463551174393
1eerA00,450,0.1411127894240811,0.1742991834607947,0.8309490419345719,0.8343245302812999,0.0515541970560183
1ex0A03,320,0.0218841928052454,0.0702672408436605,0.8934997037947993,0.7158997811887248,0.0172021088073719
1ex0A03,348,0.0327240829346092,0.0822214986090355,0.9407087381014017,0.5167251770854988,0.0327240829346092
1ex0A03,379,0.0366467304625199,0.0790336806464562,0.9240352086078018,0.4719092691788784,0.0362161084529505
1ex0A03,413,0.0434429381534644,0.071280899900694,0.9271974616668716,0.5002533627313079,0.0434429381534644
1ex0A03,450,0.076601459560829,0.0935847661942951,0.6899189480363361,0.653025505929236,0.076601459560829
1eysL01,320,0.1801435406698564,0.2130860263659935,0.9105834582448236,0.8766735617252319,0.036863370547581
1eysL01,348,0.1826661350345561,0.2196798073921328,0.8505690227946406,0.8144626757658384,0.0046491228070175
1eysL01,379,0.1546392718151183,0.1921996687159068,0.8119825841139289,0.8142016983185445,0.0299984586789972
1eysL01,413,0.1391184948904247,0.1748922907455444,0.8500038412520756,0.8570180412867191,0.0198756571563589
1eysL01,450,0.0993975248198014,0.1271720592838604,0.8011331400363123,0.895948870322794,0.0580421102085728
1eysL02,320,0.1765545454545453,0.2201728096648232,0.6979431823981064,0.7198447257963935,0.0078181818181817
1eysL02,348,0.1511590909090909,0.1921373421916281,0.6656770380978395,0.6731072706996206,0.0149227272727273
1eysL02,379,0.1348695588538445,0.1828754674586066,0.5934752936712745,0.632181694322794,0.0144879509379509
1eysL02,413,0.0965769556025369,0.1172856560010009,0.7013633267308761,0.7703148914867316,0.0401355179704016
1eysL02,450,0.1309590909090909,0.1478086559046207,0.723100441896401,0.7488799985858751,0.1237590909090909
1ezjA02,320,0.1007212604468702,0.1283623275453641,0.7462552862460317,0.7166537408753456,0.0257967337540507
1ezjA02,348,0.1088811188811188,0.1329903275022453,0.7168689842707208,0.7192091812693732,0.1019580419580419
1ezjA02,379,0.0965350056919824,0.117091876975203,0.7622892375799493,0.8218553081724256,0.0400209383639616
1ezjA02,413,0.1055622865506586,0.1279079598674095,0.7887273768798713,0.7367489825013783,0.1043612782566271
1ezjA02,450,0.1347506440927493,0.1576978461881451,0.8191202502808594,0.7513144293261911,0.1344497607655501
1fb1A01,320,0.0987518518518518,0.1300965243543555,0.921154988970676,0.8956982558016252,0.0328222222222222
1fb1A01,348,0.143973569023569,0.1824992454020634,0.8095951673958683,0.8222493592939767,0.0240183501683502
1fb1A01,379,0.086263468013468,0.1204149700355922,0.8965482252383984,0.9117346873442068,0.0669533670033669
1fb1A01,413,0.1806799663299663,0.2199486093253188,0.8657160277837639,0.9018937162488956,0.1799520202020201
1fb1A01,450,0.1705981324876674,0.1980356935975003,0.7366537863537019,0.7688086768612233,0.1698194150810429
1fcdA03,320,0.1261779961779962,0.1597058217488162,0.8389698727647291,0.7256212101296999,0.0943551733551733
1fcdA03,348,0.1188716898716899,0.1508239309872074,0.8432691695661134,0.67623921241147,0.0964752934752935
1fcdA03,379,0.1006450801450801,0.1263844349434518,0.8205484210600884,0.877143288235672,0.0951682266682266
1fcdA03,413,0.12256279006279,0.15380182653141,0.7269121109137459,0.8320947675343695,0.1224645099645099
1fcdA03,450,0.1262335136404904,0.1558701422011124,0.6914194884974721,0.8369941449810189,0.1261240278333302
1ffsB00,320,0.0751426024955436,0.1718961372283688,0.9150005795997022,0.8514131601814304,0.0394887106357694
1ffsB00,348,0.0780197563874034,0.1647374354402949,0.9090001509846812,0.7626364410849561,0.0112419786096256
1ffsB00,379,0.0813266488413547,0.1457136393409265,0.9239337585239004,0.897261401098129,0.0144499405822935
1ffsB00,413,0.1151084373143196,0.1676094343523066,0.8605010204177822,0.7345458875456896,0.0429304812834224
1ffsB00,450,0.1013091600276474,0.137961641205081,0.9140435689613984,0.8869165888670446,0.099812349182097
1ffvC03,320,0.0742142477405635,0.12225721995022,0.9462573659639448,0.9043777622917196,0.015063618642566
1ffvC03,348,0.0803101732575417,0.1341410039877302,0.9175824741276614,0.9234807663519714,0.0253951662372714
1ffvC03,379,0.078968545100124,0.1270688626115521,0.8941028740300481,0.8960205691776324,0.0060539606592237
1ffvC03,413,0.0725870990607832,0.1040391108501617,0.8396808301100298,0.8825205873308104,0.0309190147084883
1ffvC03,450,0.0811903242955874,0.1105143667868947,0.8434331350560242,0.8792555179456504,0.0761625022151338
1fjkA00,320,0.1149741647241647,0.1377896278473358,0.7919911399287997,0.7390452493049352,0.0523995726495726
1fjkA00,348,0.170541958041958,0.204537257022992,0.7391717342479537,0.6559050160943275,0.1463286713286715
1fjkA00,379,0.196756216006216,0.2426548548410511,0.5089668824233569,0.5928929707635028,0.1719916472416472
1fjkA00,413,0.136183729061636,0.1649930530296865,0.6789524447210191,0.6307830556373811,0.1328921369328346
1fjkA00,450,0.1680681818181818,0.1931147662325772,0.6262234748835217,0.5751081511648499,0.1675961538461538
1g7uA00,320,0.0822937320895067,0.1663259117583416,0.9238767978104578,0.936634053216172,0.0279259699611811
1g7uA00,348,0.1055883127045099,0.1729134387109315,0.9051014818263768,0.910685919533619,0.0061899630103854
1g7uA00,379,0.0906582677885494,0.1508268226157675,0.9223640302579048,0.919790200794701,0.0094240442655935
1g7uA00,413,0.1001505192772798,0.151312529259612,0.9137447896614558,0.9447400190662352,0.0079142125480153
1g7uA00,450,0.0843244415990894,0.1220947104301923,0.8996580384260567,0.9312078295396692,0.0162074975103144
1g86A00,320,0.0263829787234042,0.1190744447992738,,,0.0263829787234042
1g86A00,348,0.0202710795902285,0.0874661634202337,-0.0106108093572813,0.2457628907221085,0.0202584712371946
1g86A00,379,0.0259637509850275,0.0870796086554503,-0.0430818681110203,-0.046005431537947,0.0259448384554767
1g86A00,413,0.0221663442940038,0.0645736900310763,-0.0332448646634848,0.0903442111677103,0.0217150225660864
1g86A00,450,0.0374297688127475,0.0683710734860039,0.3205327641494246,0.3549848425566592,0.0367122593718338
1gakA00,320,0.1483808891838089,0.2074095725166775,0.888743011811023,0.9049096708258704,0.0615726609157265
1gakA00,348,0.1418205622439199,0.1840183826372408,0.8945010806917073,0.8951507624307878,0.0479363815422209
1gakA00,379,0.125467300744673,0.1575094284874861,0.930519801281396,0.9193950486455116,0.0581081619110815
1gakA00,413,0.1289290717392907,0.1567968179061377,0.8871569873714632,0.901220847336476,0.0589873184398732
1gakA00,450,0.076748506967485,0.0946039773445504,0.8677870486784277,0.8831866674629213,0.0475580623755806
1gcyA02,320,0.0454462789920107,0.1005002639342295,0.8992965720197356,0.69514182155609,0.0420401708724879
1gcyA02,348,0.0466852453102453,0.0972147611218518,0.880145803503541,0.7643755681403487,0.0420351731601731
1gcyA02,379,0.0804955409577502,0.1126554900399718,0.482319813484294,0.1853201588075556,0.0702576386791503
1gcyA02,413,0.0966428571428571,0.1253648592784316,0.4101746253497344,0.3522200691989952,0.0884826839826839
1gcyA02,450,0.119788961038961,0.1382846238408719,0.4721115671268822,0.36959113934626,0.1196262626262626
1ghsA00,320,0.1019646994339196,0.1796112303066009,0.9142004629225148,0.8552557771738476,0.0297274846043655
1ghsA00,348,0.096448504654387,0.1731183688037733,0.9199123122362972,0.8792352589990764,0.0365687264804912
1ghsA00,379,0.1208060672080279,0.1843655691642787,0.9076617746320728,0.8890126714888033,0.0027163464712484
1ghsA00,413,0.1387967914438502,0.2158564967057899,0.8611714651743442,0.8704343387955719,0.0354129530600119
1ghsA00,450,0.1253921568627451,0.1806051409252924,0.8863420479633192,0.8709957534148942,0.0131372549019607
1gqoB00,320,0.1299911704457159,0.2032543424616299,0.8748979059838549,0.9305948304346234,0.0256306420851875
1gqoB00,348,0.1132041392950484,0.165322496135184,0.9167320423584532,0.9330276842990712,0.0273438581620399
1gqoB00,379,0.1154921240375786,0.1758019398257235,0.8999569233134233,0.913858605190834,0.0069947022674295
1gqoB00,413,0.1470911210002118,0.1988009295767041,0.8644886950617285,0.8909549199692433,0.0161861270043087
1gqoB00,450,0.1490447834993289,0.203229558388677,0.8101162022838088,0.8011805137460668,0.0251839372748463
1gvhA01,320,0.123286582036582,0.1725476893890953,0.9066095042004466,0.7994494683210693,0.0821735599235599
1gvhA01,348,0.1255444852130899,0.1668357362059312,0.9140467533925,0.8674796898924889,0.093284280580792
1gvhA01,379,0.1314649877149877,0.1587162181179945,0.8990533266912092,0.8618189835933517,0.0573065110565111
1gvhA01,413,0.1006258531258531,0.1186618249668444,0.8912367090282827,0.8839963069072359,0.0517837837837837
1gvhA01,450,0.1339834152334152,0.161098585827422,0.8634162025072124,0.8678098682221711,0.1307463144963145
1gwyA00,320,0.0329370851370851,0.0962151495919676,0.9397059146647024,0.7055647966292903,0.0141414718614718
1gwyA00,348,0.0415026839826839,0.1014912056873326,0.9329411830332568,0.6645228428986575,0.0138017893217893
1gwyA00,379,0.039085772005772,0.0794632980034825,0.9483170803047052,0.6191519528672728,0.0159741991341991
1gwyA00,413,0.0772834054834054,0.1304806135721652,0.8079535769749231,0.6954813195764865,0.0341993073593073
1gwyA00,450,0.0662395959595959,0.0821899690437515,0.7938990648610607,0.6216683906312079,0.0604107936507936
1gxmB00,320,0.0953033953997809,0.1637821200424994,0.9368416360525852,0.8725905308701929,0.0423190945600583
1gxmB00,348,0.1132432978667918,0.1616840946008943,0.9409850516575908,0.865453534202885,0.0272587101653367
1gxmB00,379,0.115610685164902,0.1645854848396504,0.9370507955749336,0.8863803841499487,0.0328385663867592
1gxmB00,413,0.1785257871195563,0.2292455136592577,0.9161804412579688,0.8591049849085877,0.0539767723098096
1gxmB00,450,0.211500934473826,0.286982897349655,0.8060624718045933,0.753890213736136,0.0894913289521723
1gyxA01,320,0.1177247474747474,0.168939220917986,0.8758216491259603,0.8323629895932884,0.0542427398989899
1gyxA01,348,0.1451822916666666,0.2021235885034823,0.8345841762561665,0.8667510957315133,0.1108817866161616
1gyxA01,379,0.1545383522727272,0.2085783466765271,0.7910291888083651,0.7906118225289444,0.1374250315656565
1gyxA01,413,0.1202408459595959,0.1579960997407449,0.8613136891285668,0.862768048346971,0.115904356060606
1gyxA01,450,0.1711800747298567,0.2213532350311119,0.8175895535839182,0.8142251729335293,0.1704571331042988
1gz1A00,320,0.0863923768067414,0.1558947869017737,0.9357194181874814,0.9009275948155056,0.0430594899268932
1gz1A00,348,0.095079105976896,0.1468077844312375,0.9419140153179928,0.8960093843365159,0.0155462079357107
1gz1A00,379,0.1112326859757799,0.1609976400949927,0.9332697265157132,0.91555642528467,0.0011561192030805
1gz1A00,413,0.14565659050526,0.2155533064508847,0.8916979209655345,0.8839235127255998,0.0526505932966073
1gz1A00,450,0.15146408839779,0.2211418681689805,0.8207129401881044,0.7959402721338726,0.0608513309894525
1h67A00,320,0.1302063899111702,0.185933077857364,0.9201997258222158,0.9295699399802448,0.0711965064077467
1h67A00,348,0.1620355405910961,0.2104029120184532,0.8832951210762228,0.8940433495913995,0.0761002618780395
1h67A00,379,0.1294403292181069,0.1679710422268254,0.9077569928281352,0.912814736384023,0.046062476618032
1h67A00,413,0.0958741114852226,0.1234594612021014,0.8995269435327526,0.9096132487465634,0.0026098017209128
1h67A00,450,0.1219077554180913,0.1435886962325771,0.8986876852056502,0.9020451783755172,0.1206011275546159
1hk5A03,320,0.1661583095872782,0.2062211616114155,0.8227394056120809,0.7380926814199791,0.0516981110396176
1hk5A03,348,0.140451690821256,0.2070396106185756,0.7916782352550374,0.7694670722881268,0.0547270531400965
1hk5A03,379,0.187011760680618,0.2628953459891517,0.579313379546493,0.6154336972546104,0.0845837342075966
1hk5A03,413,0.1267276021080368,0.1807287750221777,0.423972204510148,0.5961326562838976,0.0311314229249011
1hk5A03,450,0.0920387571365832,0.114331765371399,0.6700605120136427,0.7659713826454425,0.059425450153711
1hpgA02,320,0.0148714416896235,0.0358747263820607,0.445305948940864,0.7681138311178438,0.0121533516988062
1hpgA02,348,0.0269893013832407,0.0466731326236943,0.3824372557095487,0.6084998096363361,0.016868322474383
1hpgA02,379,0.0569778594021018,0.0703341740644144,0.6407290164547318,0.5655920756526195,0.0562999693908784
1hpgA02,413,0.0671495219994162,0.0852839493588833,0.3999093211551959,0.3080367544013563,0.0653860996623505
1hpgA02,450,0.0717565554535251,0.0811973895408151,0.647375484017263,0.5772016953057004,0.0706787062544638
1hxnA00,320,0.0597458874458874,0.1434231263981737,0.7792667030504972,0.6367634628374155,0.058572631072631
1hxnA00,348,0.0565844155844155,0.1349704808340555,0.7996544971876114,0.7016562372100696,0.0544935064935064
1hxnA00,379,0.0531418951418951,0.1234728949912221,0.7624953515660265,0.6826882342881483,0.0520419432419432
1hxnA00,413,0.0407570603999175,0.0728013027348498,0.831085806587909,0.672410014855982,0.034651886209029
1hxnA00,450,0.0544114220835151,0.0776092333547355,0.7353736545145897,0.7393560300498064,0.0491293141828025
1i5gA00,320,0.0979295033670033,0.2072216595514703,0.8626934007736798,0.8929914836925277,0.0673611812570146
1i5gA00,348,0.108298751402918,0.1918195540891446,0.8477277965964553,0.8838185295841173,0.0509953002244669
1i5gA00,379,0.1203046436588103,0.1892603318315103,0.8239267489574909,0.8745063957289674,0.032430345117845
1i5gA00,413,0.0920110993657505,0.1397973987912613,0.8627173867857726,0.9038175214476556,0.0245541167488841
1i5gA00,450,0.1005258838383838,0.1298974879797858,0.6892013905176303,0.7839146274704709,0.0500425785634119
1ig0A01,320,0.0961419002862853,0.1556562681383542,0.9346051365453368,0.922587289898187,0.0030217144709123
1ig0A01,348,0.1125140711932155,0.1657879856188026,0.9163840152103012,0.9360418542583834,0.007834872792092
1ig0A01,379,0.1043266805601092,0.1447890555356193,0.9255915680443236,0.936683466856966,0.0062401442606641
1ig0A01,413,0.12626774593463,0.1662160026848829,0.8637949042497426,0.869512345110604,0.0136739693794604
1ig0A01,450,0.1257856641279101,0.1677968551005158,0.7271103691207266,0.7201632784249196,0.0320839410144223
1igqB00,320,0.0245188729399255,0.0497726971666785,0.437510485599765,0.3292822758531722,0.018288144603934
1igqB00,348,0.0264084706716285,0.0507512690627978,0.2980377441951981,0.3471648508368805,0.0209918483076377
1igqB00,379,0.0213763955342902,0.0438327032343924,0.5204400721253473,0.4766518486809631,0.0173090554669502
1igqB00,413,0.047440904351553,0.061764096721093,0.5065530976955256,0.3165036864129226,0.0453573515654299
1igqB00,450,0.0692980275085538,0.0855905475664177,0.420862651287799,0.4952518298155069,0.0690276039749724
1ihvA00,320,0.0253846153846153,0.0924037961258169,,,0.0253846153846153
1ihvA00,348,0.0358407148407148,0.1243278749235111,-0.0483994514224766,0.1191245756524179,0.0354926184926184
1ihvA00,379,0.0326923076923076,0.0718438477640115,,,0.0326923076923076
1ihvA00,413,0.0435019425019425,0.0693926531460164,0.176878345766732,0.4457250965029907,0.0435019425019425
1ihvA00,450,0.0699666600337332,0.0927789619570714,0.3915327844827488,0.5065840392147588,0.0688897180055716
1irzA00,320,0.1524995039682539,0.2080604070546557,0.9176712831872408,0.9130653099747617,0.0667485119047619
1irzA00,348,0.1465295909678177,0.178751436179139,0.950883881091857,0.9220781662666117,0.0481556113460183
1irzA00,379,0.1190049220401691,0.1577950215133773,0.8821106222840956,0.8965897881807947,0.0504632994186046
1irzA00,413,0.1533914838794925,0.1796227166524257,0.8618341914042977,0.890149224662772,0.1531879808256988
1irzA00,450,0.1909095643939394,0.2253017854586408,0.7465867870217799,0.7595407449023984,0.1908811553030303
1j5sA02,320,0.1278501498501498,0.2104162169130854,0.8718662091224185,0.9027227259961595,0.0636263736263737
1j5sA02,348,0.1233544233544233,0.1837425029693146,0.8908733311485817,0.9201753095068718,0.0537296037296037
1j5sA02,379,0.1045191475191475,0.1459499735728305,0.9163282172829932,0.9175803102361816,0.036057831057831
1j5sA02,413,0.092050061050061,0.1161544701841906,0.924939616123122,0.9277744046130252,0.0347133977133977
1j5sA02,450,0.1064367854367854,0.1278262686099252,0.885597825517705,0.912968904633944,0.1006332556332556
1jbiA00,320,0.0267765656565656,0.0724905219450102,0.9629922978820902,0.7127663486585403,0.0053842424242424
1jbiA00,348,0.0432265656565656,0.0950668843378403,0.9340011439189976,0.7521596272024085,0.0171639393939393
1jbiA00,379,0.0411511111111111,0.068870176670079,0.9746689567245608,0.5273980420014688,0.0155866666666666
1jbiA00,413,0.0896043481324876,0.1421463210550235,0.9172959321351412,0.5605264789810642,0.0206079516091144
1jbiA00,450,0.0932625252525252,0.1104823729939451,0.7654549105650574,0.8416953928193661,0.0681481818181818
1jl5A00,320,0.0791220226509112,0.1280021888547322,0.8892759941925913,0.4552478590513559,0.0332282938749109
1jl5A00,348,0.1051728924706192,0.1654315155675094,0.8123765378653123,0.4539068233138367,0.0316826316087008
1jl5A00,379,0.1218426474375483,0.1832416352740281,0.6855749953434795,0.4206562963202758,0.0411601854236415
1jl5A00,413,0.1471072417491813,0.217873433023146,0.3864319522062859,0.2956074874436724,0.0524872966153683
1jl5A00,450,0.1229178470254957,0.1550508770419322,0.2794338247728942,0.1759846622643942,0.0810352819984548
1jqpA01,320,0.025989009698312,0.0643716354286084,0.9260043170878112,0.493152426912151,0.0095954058861035
1jqpA01,348,0.0386933443911606,0.0839662026455377,0.8632418914548238,0.5001389701736028,0.0183521101542939
1jqpA01,379,0.0440291899834582,0.0861544340515429,0.8720539031766127,0.4799647330913708,0.0202788248337028
1jqpA01,413,0.0650007280998134,0.1118389243459043,0.6592676817287066,0.5544592663527792,0.0338034944391651
1jqpA01,450,0.0738969344608879,0.1084222884271967,0.6543577879453317,0.4863088219399831,0.0484945426021007
1js2A00,320,0.1094194756554307,0.1453048846500274,0.7880871030688855,0.6156175059422971,0.0891811372148451
1js2A00,348,0.107598910452843,0.1317012030919979,0.7737950868490384,0.601705825911709,0.0918120531154239
1js2A00,379,0.1190769492679605,0.1383876859387234,0.8070618724345497,0.7965461648331482,0.1187877652933832
1js2A00,413,0.1177542844172057,0.1403219183519601,0.8392548127849613,0.7936811700920828,0.1177542844172057
1js2A00,450,0.1035746226308024,0.1273738136067341,0.8535723778691289,0.8326450125787023,0.1033785041425491
1k32A01,320,0.0343850267379679,0.0891835911558487,0.0919872950497719,0.2154145408433151,0.0343783422459893
1k32A01,348,0.0353410390566099,0.090732641065388,0.1657421337724846,0.3254631929540744,0.0353172433267983
1k32A01,379,0.0398105211781682,0.0836567828016771,0.19405278430875,0.4408899169082381,0.0397274531024531
1k32A01,413,0.0395865460559685,0.0774560451948959,0.2623178935764524,0.3966587698590474,0.0390295503456371
1k32A01,450,0.0388182932263814,0.0633268413822224,0.3554741426796781,0.4774009624750096,0.0386084001782531
1khcA01,320,0.0636973692973693,0.1389056812916965,0.3926720776988767,0.4032253729917653,0.0335333999333999
1khcA01,348,0.0708525252525252,0.1343905049832625,0.4065980959605214,0.4145227817629328,0.0410927738927738
1khcA01,379,0.0836728826728826,0.1520552437884163,0.1748294293620661,0.6986392896513961,0.0677860139860139
1khcA01,413,0.0640397824397824,0.1072754165689383,0.3689846762730291,0.4841403346852405,0.0575008547008547
1khcA01,450,0.0726974358974359,0.0921281901417987,0.5020077450808937,0.4726581316921144,0.0690188034188034
1koyA00,320,0.2876516780710329,0.3543658633088305,0.824693367896602,0.7630853141485836,0.2500211795373086
1koyA00,348,0.3153405017921147,0.3808360711675689,0.822243572527375,0.7588742133765853,0.2727311827956988
1koyA00,379,0.2501070381231671,0.2978085366734849,0.7408339323417609,0.7639906542420682,0.1885078201368522
1koyA00,413,0.1044768654284783,0.1333498390642068,0.6833382562356815,0.6685674637961189,0.0221435320951449
1koyA00,450,0.1155571847507331,0.1363292234192331,0.8279582804507275,0.8268696946964164,0.1152199413489736
1kplA00,320,0.2086479915433403,0.2533474156784388,0.8412974831446547,0.7634218197546121,0.1056247357293869
1kplA00,348,0.2247505285412262,0.2681613243325155,0.8364373720202506,0.8105886317964289,0.1400422832980972
1kplA00,379,0.2778520084566596,0.3312258912059704,0.7607786093599455,0.7439276364129234,0.1991458773784355
1kplA00,413,0.3016630385118757,0.3671816092704415,0.7031807786057941,0.7015033314528816,0.2349182406740545
1kplA00,450,0.2265930232558139,0.3097416550131394,0.6080351522161461,0.6456210940556782,0.1679735729386892
1kx3D00,320,0.146279497098646,0.1902238489230384,0.8538297640015544,0.8316498615851382,0.0141097141629058
1kx3D00,348,0.1290658714807651,0.166298544415047,0.8547428263117504,0.8692343618286089,0.0076435632924994
1kx3D00,379,0.1006052009456264,0.1230084712234566,0.9000809666321201,0.9075387035950244,0.0017728347302813
1kx3D00,413,0.120267185533143,0.1492463523579352,0.8058785155885017,0.8386087852051685,0.1117800957907341
1kx3D00,450,0.1798985600687728,0.2035745428762909,0.7645303085166274,0.820490459733392,0.1798985600687727
1l3wA03,320,0.0438284600389863,0.1068059843919228,-0.0369237730719319,0.1105834112757447,0.0437972709551656
1l3wA03,348,0.0461407052986,0.0918677484167991,0.306295851504772,0.5529675247722386,0.0461407052986
1l3wA03,379,0.0498220298220298,0.0902915570413766,0.3323817878060639,0.4549310861179503,0.0425229994177362
1l3wA03,413,0.0455427077795498,0.0902183418304799,0.1878905614401884,0.6016176737910036,0.0442175261385787
1l3wA03,450,0.0595613149034201,0.0849815596577337,0.4847551244364649,0.4323446408236971,0.0573045365940102
1l5jA04,320,0.0850160984848484,0.1336651752150647,0.941327069517647,0.892406536536295,0.0193944128787878
1l5jA04,348,0.1122080176767676,0.1708426788497297,0.8920009571670406,0.8621617749064682,0.0341690340909091
1l5jA04,379,0.1126587752525252,0.136945068654899,0.8337983072496984,0.8409561293239644,0.0200541351010101
1l5jA04,413,0.0874646464646464,0.1102602876798507,0.8157206299403603,0.8479840979406531,0.0835457702020202
1l5jA04,450,0.1004427083333333,0.1218346417380166,0.8148767561230106,0.8661300764978462,0.1000722853535353
1l7yA00,320,0.049017568060616,0.0949790790682848,0.9705284022955024,0.8861693819677068,0.0277829407384082
1l7yA00,348,0.0611820016459352,0.0976280447598088,0.9693002448729376,0.8482669560935492,0.0154335519177241
1l7yA00,379,0.0607047066408768,0.0963823939123985,0.9808764929847608,0.9301901546512588,0.0111568880292284
1l7yA00,413,0.1001479915433403,0.1395934910222991,0.9553095445068268,0.8782533038896477,0.0041646799514191
1l7yA00,450,0.0694364925854287,0.0885670281217871,0.9289070948863046,0.7958601131269739,0.0314859230603911
1lf6A02,320,0.1146390141327849,0.1765772009561987,0.9253349686799728,0.8724170469031134,0.0044120901708111
1lf6A02,348,0.1337454133168419,0.1857127655811654,0.924817574220406,0.8680424683137719,0.0111078643578643
1lf6A02,379,0.1766748093176664,0.2302322247619763,0.8961104201049391,0.8842652729798982,0.0481198206555348
1lf6A02,413,0.2234677643784787,0.2922897266326169,0.8381702037283493,0.8195370873723273,0.0963842764378479
1lf6A02,450,0.2668910276231704,0.3612809319775844,0.7339266978643274,0.8008681369849484,0.156634224902082
1lfwA03,320,0.0533938246097337,0.096683859457927,0.9745481962656232,0.9343419064032268,0.0071419880624426
1lfwA03,348,0.0494302112029384,0.0761324915906307,0.9849455624216724,0.9293772435540236,0.0030886134067951
1lfwA03,379,0.0434384756657483,0.0604998942708045,0.9859267051085764,0.9064322646158708,0.0086221303948576
1lfwA03,413,0.0558364645396886,0.0798239842863671,0.9728909554155772,0.8712353250188307,0.0175600588335788
1lfwA03,450,0.1134012855831037,0.1509379456373723,0.9434353014399413,0.9001582619176364,0.1132311753902663
1lkoA01,320,0.115846952281435,0.1879703124317562,0.886161031836087,0.7817065799615498,0.0184121908742598
1lkoA01,348,0.162305470097932,0.2071271725971436,0.9045156289375916,0.809068995438858,0.103076532769556
1lkoA01,379,0.2479106234761407,0.2873266646979762,0.8092443837693545,0.7525921291490271,0.1620392197840474
1lkoA01,413,0.2074871473354232,0.2602869826657206,0.7391201646548712,0.7106873382622221,0.1405862765586903
1lkoA01,450,0.0991768025078369,0.1174253907862485,0.7614321138111251,0.7791575870329167,0.0614560083594566
1lm8V01,320,0.1226031468531468,0.1601934034615681,0.8975065201816117,0.8834274865633897,0.1117628205128204
1lm8V01,348,0.1266734654234654,0.1599051601686505,0.7836447935901444,0.7756813794828307,0.0441862859362859
1lm8V01,379,0.1449480519480519,0.1842987017002237,0.8742553710613418,0.8655156919735856,0.1420645465645465
1lm8V01,413,0.1891658896658896,0.2356854695202034,0.6483715386430826,0.670842868086944,0.1890633255633255
1lm8V01,450,0.129975912975913,0.156984008006635,0.6853582305272803,0.6929967444820834,0.1283896658896659
1m55A00,320,0.1070332862301774,0.2148534696089148,0.8677728969524835,0.8751695403697235,0.0573619615847594
1m55A00,348,0.1000947296802219,0.1892178689151664,0.89531256048741,0.8878783163960051,0.0515128486941958
1m55A00,379,0.0857992358821374,0.1396800340016469,0.9333158417847128,0.9009473725445306,0.0537149735698958
1m55A00,413,0.1130905988993945,0.1619451186853651,0.8709441357229946,0.8929791457824592,0.0022489459232793
1m55A00,450,0.0970938448224868,0.1292616912603818,0.8432261679653781,0.8678124994482214,0.0429689228713207
1mabB01,320,0.0213211567732115,0.0683195603053121,0.7905072944540468,0.4948940187147997,0.0213211567732115
1mabB01,348,0.0193546423135464,0.0526120429086582,0.7121291279603563,0.478873787371235,0.0193546423135464
1mabB01,379,0.0510341773903417,0.1038151618940791,0.833211637510717,0.3988874404818356,0.0510341773903417
1mabB01,413,0.0743229555832295,0.1080626634443679,0.403161499874292,0.1573654971863977,0.0742487892624878
1mabB01,450,0.0938447488584475,0.1133131924682643,0.8271664567541259,0.835316212197277,0.0935646879756468
1mkfA01,320,0.0974448505152022,0.1895051448178338,0.669557605633928,0.5017312141070939,0.0125526115425612
1mkfA01,348,0.1032633805626676,0.2027187092229757,0.6223142072212845,0.5209525985724748,0.0042049571323849
1mkfA01,379,0.099529465509365,0.1868945073438102,0.6975575647990719,0.6771192038717596,0.0028597533120146
1mkfA01,413,0.1145546418963504,0.2007818694449404,0.606599563968751,0.6700612988703945,0.0011130907060555
1mkfA01,450,0.1126534186081925,0.1698076606483629,0.5557770791914816,0.6193306425450689,0.0265378914775899
1mzbA02,320,0.0349847494553377,0.0606252526884345,0.9887695939488972,0.7964904572224625,0.0004004753416518
1mzbA02,348,0.0408595761536938,0.062701110627513,0.9846604357082182,0.8964862772232156,0.0314038423450188
1mzbA02,379,0.0483081798375916,0.0665284700795432,0.9767887427208536,0.7371988575217913,0.0336676569617746
1mzbA02,413,0.108817587641117,0.1352357381346603,0.9215905260517332,0.7715670336615432,0.108817587641117
1mzbA02,450,0.1204087938205585,0.1463311496845414,0.9346913458138684,0.8720594615117387,0.1202329174093879
1n3kA00,320,0.1139510489510489,0.1555359967370632,0.933451735546084,0.9320074912020828,0.0181678321678322
1n3kA00,348,0.1191181818181817,0.1675110764539942,0.9285836801281953,0.9122711514396612,0.0309840714840713
1n3kA00,379,0.1391325563325563,0.1801166198843752,0.9003426230637404,0.8876128669462447,0.0227912975912976
1n3kA00,413,0.1519233877233877,0.1894602932219043,0.8371523076597023,0.8355029788025623,0.0069641025641025
1n3kA00,450,0.1346094794094794,0.1624784487966745,0.8213200320342591,0.866858673909894,0.1326428904428904
1o0uA02,320,0.0619638232545721,0.1391506740651468,0.950252913761922,0.8765393717709427,0.0357931295332176
1o0uA02,348,0.0774500511725181,0.1415738807884203,0.9455583161223884,0.8870201441167737,0.0176997730610065
1o0uA02,379,0.0812175054509856,0.1435968270336301,0.9423748487700772,0.8964112510111839,0.0116323143327548
1o0uA02,413,0.1087924939975959,0.1570599660198244,0.9280452975529836,0.9085059695368338,0.0216194501692914
1o0uA02,450,0.1136393449917679,0.1550844427870246,0.9050520988530564,0.851870915702204,0.0331276198104391
1o82A00,320,0.1813744588744588,0.2129238355586457,0.9022757163892096,0.9199905501179804,0.113260173160173
1o82A00,348,0.1556538239538239,0.1828130899868441,0.9132829640648286,0.9206940605978264,0.0974881673881672
1o82A00,379,0.1413441558441558,0.1762043480025896,0.8336008755302391,0.8328139417499366,0.0533961038961038
1o82A00,413,0.1391718614718614,0.1702682530234832,0.8173655922646222,0.8503010186288812,0.1341574314574314
1o82A00,450,0.2176684053074297,0.2435608526809196,0.8520213407618799,0.8719250677370475,0.2176684053074297
1o9iA02,320,0.0814069264069264,0.1132591864542549,0.7951337788003023,0.7923445804903368,0.0809163059163058
1o9iA02,348,0.1046442647217841,0.1289808935802934,0.8328727488477546,0.8627650721893332,0.1038066750934967
1o9iA02,379,0.1186995350328683,0.1420535748057525,0.6840726516633935,0.7384377303828873,0.1183605900272566
1o9iA02,413,0.0985969215969215,0.1220340524353543,0.8776999401026854,0.8474731073559472,0.0982579765913099
1o9iA02,450,0.1144479717813051,0.1376532982051908,0.6672719149298443,0.6757689822063865,0.1140920314253647
1otvA00,320,0.1530232141965341,0.2241167543354661,0.8630726459882063,0.8811416908840105,0.019872692314095
1otvA00,348,0.1638836626658454,0.2048523475436778,0.8930089450444302,0.9049107109470848,0.0290496643786334
1otvA00,379,0.1878467748349638,0.2290536532800554,0.8883793223643329,0.8979252901374876,0.1022621888173069
1otvA00,413,0.1959609878310665,0.2594357156931383,0.7588960855289985,0.7719359108370644,0.1228292770221903
1otvA00,450,0.1236281260297008,0.1864823362307276,0.5592354433552662,0.6619192410108813,0.0384163002351978
1ow4A00,320,0.0826730639730639,0.1424004225729122,0.9428208940096744,0.9303360629657268,0.010026430976431
1ow4A00,348,0.0814131313131313,0.129208508838425,0.9528936206481357,0.9520696826411688,0.0036718855218854
1ow4A00,379,0.0906844276094276,0.1319207936884879,0.9507357252603384,0.9531787733592472,0.0117180976430976
1ow4A00,413,0.0924186026936027,0.1215725493794107,0.950712486873659,0.9548264101477264,0.0002330808080808
1ow4A00,450,0.099846151996152,0.1224229723990713,0.936301541607484,0.9387154802767804,0.0006224386724387
1pe4A00,320,0.0732825267601386,0.096964901391859,0.9534581472396936,0.6592709485003087,0.0240948288858736
1pe4A00,348,0.0646478214985677,0.0932976892618167,0.912419479679926,0.7353326453167337,0.0320830695009799
1pe4A00,379,0.0890890999547716,0.110612136575718,0.83616613064639,0.6737509799935966,0.0774255992763455
1pe4A00,413,0.0906488768279813,0.1088248146603883,0.6934344528160415,0.6118649002024589,0.0650966380220111
1pe4A00,450,0.0994290667872757,0.1264902689927321,0.7220493550652397,0.5637899423337016,0.0984774611789537
1pf5A00,320,0.0541553224553224,0.1249953081866134,0.9507908249430364,0.8794963635355473,0.0293822066822066
1pf5A00,348,0.0710864135864135,0.1506394105180842,0.9238178120738798,0.8301121475663925,0.0284516261516261
1pf5A00,379,0.0846471025098932,0.1370325514881384,0.933111609619634,0.818689836134937,0.0259699734374153
1pf5A00,413,0.0872750582750582,0.1380006343728697,0.906203507314444,0.8014059875182495,0.0258043512043511
1pf5A00,450,0.1005374514374514,0.1283560518739926,0.9080739829151688,0.8236807212653744,0.0999320124320124
1pqwA00,320,0.0985975208762094,0.2016616527553216,0.8809340746523807,0.8981957783564637,0.0453308179373753
1pqwA00,348,0.0986163824032676,0.2057618735783954,0.8692409856740998,0.9062936024030528,0.0460288679141138
1pqwA00,379,0.1035697411271181,0.1905386583986885,0.8691474269270596,0.9046252264971228,0.0309163216868134
1pqwA00,413,0.1067142462880167,0.1755370584969934,0.8748995788996178,0.919144794070742,0.0419813434895402
1pqwA00,450,0.0853678043620857,0.1250777633738148,0.916093255792534,0.9204951785402328,0.011978314085062
1pv4B01,320,0.0300240563530037,0.0853153396334152,0.9595588124442744,0.8442824390348048,0.0038863636363636
1pv4B01,348,0.0373688197767145,0.0871754972604961,0.9554342688265082,0.7720467803603477,0.0034318181818181
1pv4B01,379,0.0415778081567555,0.0888159852658988,0.9311206562457192,0.6307097817322435,0.0145779980253664
1pv4B01,413,0.0414754120148857,0.0653649139503621,0.9436025009487854,0.6847106267906606,0.0314964114832535
1pv4B01,450,0.0787339181286549,0.1090779530254136,0.8397337875766033,0.7260064734251798,0.0766461988304093
1q2zA00,320,0.1460381313131313,0.185736971572941,0.9127524076437996,0.8680200349078623,0.0584822390572391
1q2zA00,348,0.1951293771043771,0.2420878898901937,0.8666880328560559,0.8559219281385854,0.1149369528619528
1q2zA00,379,0.2064962121212121,0.254361693003818,0.8571104038378072,0.8436996289427109,0.1355265151515153
1q2zA00,413,0.1771573232323232,0.2310826622377639,0.7266451757787036,0.7463209714693839,0.0833559764309763
1q2zA00,450,0.1238825757575757,0.1444684674432433,0.7430340939861039,0.7517472618827494,0.1141325757575757
1q5zA00,320,0.110151724137931,0.1719630005647098,0.9343093085124372,0.9177691088489436,0.0035279693486589
1q5zA00,348,0.1202872169975618,0.183338047206023,0.9185687482258896,0.9295979048882842,0.0024262626262626
1q5zA00,379,0.1747766631835597,0.2185670950770026,0.8988230864286659,0.914856063687842,0.0493154301637059
1q5zA00,413,0.1919470169677066,0.2491019329443442,0.8740973794611256,0.8917967118597958,0.1097284967905656
1q5zA00,450,0.1255821664925113,0.158126278765766,0.7797783243240993,0.842172216797284,0.0200015325670497
1qhhA00,320,0.1155563218687155,0.1547781521119506,0.9138257986930124,0.8978733780422965,0.0179124555251894
1qhhA00,348,0.1279074279379157,0.1803465701247879,0.865106927525435,0.8791280123799511,0.0215493348115299
1qhhA00,379,0.1294704550979367,0.1632807534404931,0.8660605932642826,0.8807017173122956,0.0029106323342
1qhhA00,413,0.090840509462177,0.1131809319726761,0.8822977355071451,0.9001996848201979,0.0647414015366369
1qhhA00,450,0.1147049193007786,0.1374839761649748,0.8109447952316987,0.8507589660905001,0.1133156293507967
1qrjA01,320,0.135091735247628,0.2029625931134738,0.8937721357673846,0.8321402963108396,0.0530228915087015
1qrjA01,348,0.1388499400787536,0.1895683858297193,0.913345435455274,0.832318145727782,0.059324002739257
1qrjA01,379,0.190010101010101,0.2357245603013048,0.8680488958010707,0.8870808408041857,0.1071773668892314
1qrjA01,413,0.1010822633110768,0.1267953692236654,0.9242824511496486,0.9181447999426832,0.0361652970381782
1qrjA01,450,0.0980094500384212,0.1207238002042396,0.8469870502618031,0.8429842247580581,0.076809595760522
1qwzA00,320,0.1032491295938104,0.1867522803574209,0.8646499643120348,0.8443232647468468,0.0104710509348807
1qwzA00,348,0.1032235117128734,0.182050687702618,0.8438904669970327,0.8476533687645647,0.0171129593810445
1qwzA00,379,0.0939126584998925,0.1545583182862841,0.8482708565870648,0.8194697031609659,0.015395314850634
1qwzA00,413,0.0768886739737803,0.1179374232143341,0.8926626943430156,0.8728872515128799,0.033335439501397
1qwzA00,450,0.0735551257253385,0.0963569757925864,0.8350629994651351,0.8541382729664212,0.0431025145067698
1reoA03,320,0.1291620162016201,0.1685508452746075,0.8996516339100726,0.9105421412458852,0.0307459745974597
1reoA03,348,0.1459088908890889,0.187800543814311,0.8654869306516618,0.8688864712242492,0.0047121712171218
1reoA03,379,0.1033626362636263,0.1241352755279514,0.8980766943108646,0.9096091286227174,0.0778280828082808
1reoA03,413,0.0974363692183171,0.1202844369071229,0.8024935016759657,0.873550161124293,0.0680926674062755
1reoA03,450,0.1623426142614261,0.1865469129930493,0.7291954707905209,0.7896265400011,0.1621442344234423
1rjlC00,320,0.0341523459812321,0.0615291218911561,0.9591798172592392,0.5067265554285054,0.0217889915062497
1rjlC00,348,0.029909197235513,0.0559515743995944,0.9668618991483882,0.5417823495948436,0.0184982456140351
1rjlC00,379,0.0482997341839447,0.064721829815137,0.9532868584740604,0.7331647307241095,0.0377736310473152
1rjlC00,413,0.0667057947900053,0.0973356117000483,0.9082492274499588,0.5294403786345061,0.0660559276980329
1rjlC00,450,0.0899934077618288,0.1056145415087741,0.6197153199883452,0.4440363361425226,0.0881458798511429
1ruyH02,320,0.0586051462904911,0.1158870358702187,0.9136689278104236,0.6667809844974593,0.0332240073145245
1ruyH02,348,0.0694008185301288,0.1138947067877248,0.922629955492203,0.6372300553709074,0.0304317311041449
1ruyH02,379,0.088332527333894,0.1553926796834083,0.8431576071870233,0.6652095064783866,0.0125818370840448
1ruyH02,413,0.090882662835249,0.1346350502737152,0.8513562255260109,0.7721210246217354,0.0280712730755834
1ruyH02,450,0.0893806954873514,0.1403277172421464,0.6613563136974141,0.7017452436749738,0.0308405628052781
1rv9A00,320,0.0628429752066115,0.1392153789642137,0.9297526685691596,0.8721021708521278,0.0167784456131563
1rv9A00,348,0.0715158610902412,0.1303003683969455,0.9341867062832326,0.869842524560952,0.0171296018031555
1rv9A00,379,0.0746995818263356,0.1193183005004377,0.938142998029584,0.8785188467366902,0.0067447131317013
1rv9A00,413,0.0656266800233742,0.0995502884668871,0.9421859373938832,0.8576753682525575,0.0348877201769763
1rv9A00,450,0.0722112446781868,0.0979524767108212,0.927940451500404,0.7966036291494839,0.0298045329326321
1ryuA00,320,0.1410047302291204,0.1774580745718705,0.901403324491027,0.9184854770654012,0.00643332512113
1ryuA00,348,0.1520527777777777,0.1751341157658453,0.8855457121884245,0.9082454689320104,0.0411714646464647
1ryuA00,379,0.1162352693602693,0.1438265804792535,0.8461611126144799,0.8768086989875106,0.0245110269360268
1ryuA00,413,0.1046158536585365,0.1287386146672242,0.7752472599215259,0.804658040474594,0.0402335550628233
1ryuA00,450,0.1459610389610389,0.1695219296686825,0.8283229508073554,0.8306007964913844,0.1456323953823954
1s0pA01,320,0.1099031248154055,0.1888080503565065,0.8896652913440083,0.798095254603955,0.0380574162679425
1s0pA01,348,0.1242388209581192,0.1904402627983377,0.8853052901211672,0.7845868444043269,0.0352198594128417
1s0pA01,379,0.0915782975958414,0.1438612712791141,0.9187928558669078,0.8897200929578949,0.0229900762006025
1s0pA01,413,0.1460452477996337,0.1889985614712572,0.8410646954674572,0.8530965097743052,0.0209444149093271
1s0pA01,450,0.1010397542678244,0.1262534377990462,0.791316181389054,0.8074840440362426,0.0667180577706893
1sk7A00,320,0.1372983849187057,0.1987658408638444,0.8886807281635765,0.8817419267060567,0.0127650299789338
1sk7A00,348,0.1177313779506293,0.1629138748186053,0.9190895524656356,0.9078672367904612,0.0161933236104359
1sk7A00,379,0.140645152826971,0.1755270550018403,0.8989241895776308,0.900067947309262,0.0238782168514789
1sk7A00,413,0.2167902617770793,0.266491675227656,0.8214113524694382,0.8491936368896374,0.1194105750955646
1sk7A00,450,0.1342620861016583,0.1705658710208779,0.6905679082564413,0.7215738578909185,0.0265026737967914
1sqpF00,320,0.1418103896103896,0.1890837033891177,0.9033004790016066,0.9033773069923786,0.0179329485329484
1sqpF00,348,0.1650831168831169,0.2100098865759932,0.8999450187337249,0.8981216515642929,0.0395831649831649
1sqpF00,379,0.2255200510084231,0.2973899380305876,0.7828595318934751,0.8009670345484261,0.1130603040370482
1sqpF00,413,0.1614458874458874,0.1968129279564306,0.8067154758077847,0.7474471991574706,0.0194805194805194
1sqpF00,450,0.090064935064935,0.1141694250450275,0.8550671833141531,0.8345437785094054,0.0843766233766234
1sr8A02,320,0.0336983561101208,0.0728761903723846,0.984759552537817,0.8706641474650306,0.0114332210998877
1sr8A02,348,0.0437721000858255,0.0775242087493327,0.9831846621518748,0.8804519552836428,0.0071270878721859
1sr8A02,379,0.0480120816003169,0.07903903129174,0.9822433734947176,0.9193666087251422,0.0063778305935168
1sr8A02,413,0.0762887700534759,0.1102898834003556,0.9629691303551412,0.927114707270036,0.0113758500033009
1sr8A02,450,0.0853507625272331,0.1191428157210052,0.9307958822103872,0.8638877286807132,0.0264530647275745
1svpA01,320,0.0711420357420357,0.1056278951251964,0.8105665855846234,0.6544627101726816,0.0501135975135975
1svpA01,348,0.0882127428127428,0.1313104326720487,0.7544179004144176,0.6212888255132302,0.082396114996115
1svpA01,379,0.1067626931208326,0.1282827422554095,0.4880448349223305,0.4601159225273691,0.0915186245279268
1svpA01,413,0.0993389277389277,0.1136557221255922,0.7074679349736269,0.601200794845886,0.0966710178710178
1svpA01,450,0.1157247863247863,0.1448787263167806,0.6449352746481332,0.6973734577165321,0.1150226884226884
1sznA02,320,0.0286274509803921,0.0591442238573326,,,0.0286274509803921
1sznA02,348,0.0332085561497326,0.0605374165626814,-0.0730383260447217,0.0159375416759736,0.0331016042780748
1sznA02,379,0.0448139235492176,0.074466860497587,0.6149585548239511,0.4554301537679239,0.0447247969895028
1sznA02,413,0.0606961774608833,0.0818957917867108,0.6312415596692995,0.6242592129003114,0.0599445434739552
1sznA02,450,0.0523766092295504,0.0717294288285226,0.4075326127668168,0.5552629220578023,0.0473914636561695
1t0iA00,320,0.0996874146874147,0.168226705728871,0.9231424630965122,0.8817830840215558,0.0316293202293202
1t0iA00,348,0.1096265356265356,0.1629541745050075,0.923248687497798,0.9184560523149996,0.0339754299754299
1t0iA00,379,0.1201714441714441,0.1732775334240996,0.9049419420733542,0.912040037903694,0.0061996177996178
1t0iA00,413,0.1132847265870521,0.1481394305001608,0.8717712761615442,0.8796313341319051,0.0209817724701445
1tg0A00,320,0.0324242424242424,0.14711134578646,0.8546033724956497,0.5394292559205168,0.0320936639118457
1tg0A00,348,0.0321212121212121,0.1327106672883578,,,0.0321212121212121
1tg0A00,379,0.0299862258953168,0.1240312826604126,0.558979683875487,0.4018352245164632,0.0299724517906336
1tg0A00,413,0.0494035812672176,0.1190263563324369,0.667550848810754,0.5600899546323975,0.0469107744107744
1tg0A00,450,0.0426464646464646,0.0700480942151886,0.6238991948402618,0.5238101203482837,0.039090909090909
1ti2A01,320,0.0412577288031833,0.0579756301368044,0.8416176895311853,0.7052013902288032,0.0392069176614631
1ti2A01,348,0.0509090909090909,0.0776524054239095,0.7315130722824011,0.4466643645509175,0.0469834710743801
1ti2A01,379,0.0624585246403428,0.080345825063433,0.7381402612817379,0.6671259587909805,0.0605794306703397
1ti2A01,413,0.087421028466483,0.1040677528831312,0.4186564731148389,0.3306252505818364,0.0869456688093051
1ti2A01,450,0.0784819406183042,0.0938264094796098,0.757236434965699,0.7999612490591577,0.0781167737985919
1tifA00,320,0.0401362876889192,0.0811712725417002,0.9736404122825532,0.8885950495538236,0.0021630971367813
1tifA00,348,0.051062865497076,0.0973365803742853,0.9608299000226264,0.8525319033229688,0.008760101010101
1tifA00,379,0.0469315245478036,0.0746388397923904,0.9792212910875115,0.8367145529091847,0.0281456733800675
1tifA00,413,0.093305251765778,0.1264241473246557,0.9502806304510996,0.8947163484681443,0.0315210564289512
1tifA00,450,0.0944159415904273,0.1327830428432446,0.9299072859181235,0.8708128643015614,0.0207135246997846
1tujA00,320,0.1123582984314691,0.1695718296751868,0.912093668703953,0.861226515721594,0.036637184856697
1tujA00,348,0.1195816703621581,0.1653229118904445,0.9042776040801078,0.8691778453952418,0.0329747885357641
1tujA00,379,0.1269974542169664,0.1573485518515358,0.9005533850348744,0.8713243323514063,0.019943007308861
1tujA00,413,0.1188952122854562,0.1447501929010836,0.8768138294104237,0.8779676198700412,0.0034372177055104
1tujA00,450,0.1060014781966001,0.127924365768533,0.7204519497965026,0.753756487355168,0.0528075880758807
1tyeA00,320,0.0395514784602559,0.1142401097554044,0.6570735149703171,0.4485558647259823,0.0107097820144228
1tyeA00,348,0.0482961473138464,0.1156312990903914,0.626980424673752,0.4848081523550262,0.0156890140341467
1tyeA00,379,0.0518221107972085,0.1107392695034235,0.584509917819799,0.5093129036523105,0.025025164175195
1tyeA00,413,0.0683591892375078,0.1243793341381017,0.4307769103409612,0.5370486780836633,0.0390758693125949
1tyeA00,450,0.07311869644613,0.1145761251247041,0.3350676752362291,0.4559567234276556,0.0495015770856478
1u0bB02,320,0.1117253949753949,0.1517040686416485,0.9392352255534552,0.8927487760871343,0.0400956358456358
1u0bB02,348,0.1296034058534058,0.1757547529465314,0.9123356782022896,0.892358432064828,0.0408701761201762
1u0bB02,379,0.1459915824915825,0.2049570185646856,0.8756683773712995,0.8969043507085915,0.0677619787619788
1u0bB02,413,0.2196698015173625,0.2820922026428931,0.7121641953159318,0.7871731709297376,0.0802751388178217
1u0bB02,450,0.1410578865578865,0.1705287022013676,0.7754798939192528,0.8108764406657601,0.0199997409997409
1ulvA04,320,0.0592872858136016,0.1338632494360691,0.6800592282396664,0.5681629340910737,0.0394657506236453
1ulvA04,348,0.0580261317629738,0.1250574572882318,0.6719738265369128,0.5889280093622277,0.0442790250684987
1ulvA04,379,0.0578055862266388,0.1121693604164548,0.6409049228947301,0.5878133885616551,0.0348441500020447
1ulvA04,413,0.0549245491350754,0.0970553761696396,0.5590149789595146,0.610699971503434,0.0381155686418844
1ulvA04,450,0.0665819326871958,0.0915858229387935,0.5894604723834551,0.5651964020772187,0.064894777736883
1um8A02,320,0.117861629965442,0.1813192952942042,0.903758074866202,0.8456194139591846,0.0244015436067702
1um8A02,348,0.1228795168176611,0.1792049046341911,0.8976109943888191,0.8568781771900756,0.0192010829948974
1um8A02,379,0.1289539875931628,0.1795688360839363,0.868093800152781,0.8605011206381487,0.0186391157525178
1um8A02,413,0.132389461626575,0.1684010518118384,0.8728315507197092,0.8568856753387167,0.0273374986983234
1um8A02,450,0.1062830365510777,0.1349728928332436,0.8883398999836418,0.8941605388103578,0.0968549411642195
1uoyA01,320,0.0848343079922027,0.1123156232243444,0.0279197177917605,0.0690518479203546,0.0848187134502923
1uoyA01,348,0.0967485380116959,0.1140641194613568,-0.1139132107243694,-0.0912383799921119,0.0967485380116958
1uoyA01,379,0.0987141591352117,0.1230097914948763,0.3738743797785704,0.4156396874585822,0.0986985645933014
1uoyA01,413,0.1005874534821903,0.1194683289353124,0.2469750268894515,0.1233935446546948,0.0990170122275385
1uoyA01,450,0.0764143186248449,0.0901686711586976,0.4965724015281311,0.3988722301661498,0.0764143186248449
1b1yA00,320,0.093346955602537,0.1517839621170565,0.9431462869193444,0.8633666420933086,0.0018234038054968
1b1yA00,348,0.1090305919661733,0.1564753295000171,0.9459625568490874,0.863569255438057,0.0143058562367864
1b1yA00,379,0.1126845454545454,0.1632963424408074,0.9351080462388344,0.8242472763113762,0.0181245454545454
1b4aA01,320,0.0581983015014153,0.1048397936878679,0.9658620137165111,0.9502059726161882,0.0208599992833338
1b4aA01,348,0.075437253894881,0.1069848778572913,0.9575587931773768,0.9198068560249324,0.0090746447526107
1b4aA01,379,0.0820099298065399,0.107014462119442,0.9567894195322652,0.9375785583860784,0.0175038520801232
1b4aA01,413,0.0853293956514295,0.1169677649333821,0.918589203459364,0.9033893484187092,0.0697515836329395
1b4aA01,450,0.1085401472350625,0.1265368514722289,0.9157877385548432,0.8866352290523359,0.1085401472350624
1b4rA00,320,0.0131536616161616,0.0262653252546698,0.6383056676683652,0.3173276502863867,0.0126650252525252
1b4rA00,348,0.0178352272727272,0.0317183091662156,0.5914849798892524,0.4738711760440209,0.0178352272727272
1b4rA00,379,0.0350818181818181,0.0513656424724691,0.3418713245806463,0.4249068188707836,0.035070707070707
1b4rA00,413,0.0699286616161616,0.0862466957781556,0.1816036664412473,0.1951107066490899,0.0699286616161616
1b4rA00,450,0.0925686837891106,0.1084004423874568,0.7172942002515392,0.8089171602448415,0.0917756805863513
1b97A00,379,0.0852598289688453,0.1401094277192317,0.9261667837969,0.8939969042658221,0.0026287169115037
1b97A00,413,0.1030765788922526,0.1503018211385317,0.8982135505879288,0.8785063260492151,0.0038656355639562
1b97A00,450,0.1059188607385328,0.1427978703580392,0.7766731083922346,0.7869864637393661,0.0359691174035436
1b9nA03,320,0.0543182529520557,0.1203284580712681,0.7157881554793792,0.5887705577148328,0.0371041399914639
1b9nA03,348,0.0526783326219945,0.1097442034636551,0.6848595624977596,0.7553687545107589,0.0378460662967705
1b9nA03,379,0.0416804666382131,0.0901537749806129,0.7805560609378707,0.4790916177665905,0.0355666524398918
1b9nA03,413,0.0637107696685161,0.0991765728852451,0.6550328445714488,0.6245269404873625,0.0492993313415848
1b9nA03,450,0.073471048513302,0.090097402807722,0.6275788379317738,0.6918498740684648,0.0696525821596243
1bkcE00,320,0.0823263494318181,0.1486042915914591,0.9340452475637516,0.8611442144800809,0.0404071575126262
1bkcE00,348,0.097689117739899,0.1442294179327161,0.9405438104408606,0.8647631824708002,0.0262494870580808
1bkcE00,379,0.127492858270202,0.1762435758579918,0.902043376450713,0.8759269195569489,0.0070046164772727
1bkcE00,413,0.1442729640151515,0.2132575449731155,0.7923868795667044,0.7621637738847712,0.0119010416666666
1bkcE00,450,0.1089362373737373,0.1579086210782379,0.5580001359599529,0.7647711532470213,0.0091579071969696
1c01A00,320,0.0368421052631578,0.0695852373938459,,,0.0368421052631578
1c01A00,348,0.0397368421052631,0.0615159371733519,,,0.0397368421052631
1c01A00,379,0.0563157894736842,0.0754634801881364,,,0.0563157894736842
1c01A00,413,0.0968187134502924,0.1152754590057782,0.1437168750270987,0.1335435178806089,0.0968187134502923
1c01A00,450,0.1173854332801701,0.1290953075333133,0.0197397666720686,-0.0215033954246225,0.1173854332801701
1c16A01,320,0.0793014810683522,0.1347814015634841,0.9319005019543743,0.8451719133551183,0.0499169610212554
1c16A01,348,0.0880790109685815,0.1364383353936689,0.9097834396833976,0.8189916287504682,0.0169071698580901
1c16A01,379,0.0898821961950796,0.1287577507078244,0.9196903262379496,0.8349642949154555,0.0031547995290326
1c16A01,413,0.0823949726974409,0.1207202640460218,0.911943924475608,0.7436183304549634,0.0044869583263077
1c16A01,450,0.0771002852032956,0.0946273330477024,0.873141283015067,0.8413150476681597,0.0629404128314101
1c3gA01,320,0.0398824560452467,0.1011554680886976,0.8867325385540711,0.5004981092204316,0.0190919029291122
1c3gA01,348,0.0508328153328153,0.1028239428095401,0.8838192293087247,0.4776899743454759,0.0296800051800051
1c3gA01,379,0.0502488992488992,0.0950364957510139,0.9115349374141332,0.4255902443830099,0.0216449106449106
1c3gA01,413,0.0728013468013468,0.1107546254773929,0.8563150744098446,0.6185478646227641,0.0312196322196322
1c3gA01,450,0.0673275058275058,0.0859744771961489,0.6564404169774899,0.5081784686357024,0.0540977725977725
1c7sA02,320,0.0766509981706832,0.1481513568721272,0.9280253766362396,0.8013037578408096,0.0372920544022906
1c7sA02,348,0.0763958482462419,0.1440507754018377,0.9299604377262418,0.8010164303691235,0.0265657361011691
1c7sA02,379,0.0872362204724409,0.1528413244846812,0.9208106934338376,0.8049573454863634,0.0166377952755905
1c7sA02,413,0.1226973945330004,0.1755281544794212,0.889762639225057,0.8072057083639897,0.0086524550284873
1c7sA02,450,0.0964873140857393,0.1267715482152956,0.8213938900383178,0.8226273699194482,0.0479619024894615
1cb5A01,320,0.10922126501927,0.1680320948313848,0.9354542281377102,0.8768861928977273,0.0027055144842992
1cb5A01,348,0.1258320108818862,0.1815762063019217,0.9294260002892676,0.8792339242534661,0.0222999319882112
1cb5A01,379,0.1291185619460861,0.1841622951643041,0.9191436612352312,0.8600043814210515,0.0383024732038825
1cb5A01,413,0.1343550215370664,0.1932408553954827,0.8849030582158404,0.8846257724253155,0.0329154386760371
1cb5A01,450,0.1252369077306733,0.1788403935314501,0.8452650023988564,0.8327830344449555,0.0336635683518476
1ceuA00,320,0.2096167557932263,0.2643212337913105,0.4934049218912595,0.6156606480394051,0.0425757575757576
1ceuA00,348,0.1307110318875024,0.173330412665298,0.6229362213788067,0.7362954877307322,0.0523129332541097
1ceuA00,379,0.1281721132897603,0.1693448218495883,0.4893529892036241,0.615084918978918,0.0767971875618933
1ceuA00,413,0.1164616755793226,0.1465925707045625,0.4638044572135126,0.646296457280593,0.0904367201426025
1ceuA00,450,0.1268195682313329,0.1523668737092573,0.8300914992296549,0.8854233814122787,0.126783917607447
1cfbA02,320,0.0191671431294072,0.0654230766433394,0.946068945991509,0.4123494652898388,0.0191671431294072
1cfbA02,348,0.0232490947207928,0.0555115682887358,0.831898736010248,0.3987627014104744,0.0232490947207928
1cfbA02,379,0.0246902992186011,0.0469566679950382,0.706819770184057,0.4393163869424745,0.0236070135315418
1cfbA02,413,0.042034972365161,0.0627784298498752,0.4518342967363996,0.5742427310440931,0.0414832285115304
1cfbA02,450,0.0545191538021726,0.0756316457190742,0.2229010014017106,0.5232410692422738,0.0402654850390699
1cz4A02,320,0.0540912832023943,0.0948868999256119,0.9430336609758628,0.8348134654828125,0.0242598827784012
1cz4A02,348,0.055317620650954,0.0977838964733959,0.9336485915873648,0.7908023757439313,0.0282124953236064
1cz4A02,379,0.0710022446689113,0.1010834420674959,0.92955519055933,0.6976157893674058,0.0371526374859708
1cz4A02,413,0.0779068462401795,0.1029186238659226,0.9039843925207776,0.749622070488679,0.0615319865319865
1cz4A02,450,0.0965701102738139,0.116410792854599,0.8619760227795014,0.6078239212536577,0.0935260541927208
1d0bA00,320,0.1224270656879352,0.2698775041112319,0.7381012688641654,0.7772647298931534,0.1176576322228496
1d0bA00,348,0.1192630863500428,0.2476424693489554,0.7317988366540604,0.8398325932657813,0.1061312593548618
1d0bA00,379,0.1267523056653491,0.2436785219557161,0.6765855647943914,0.800023204829447,0.1003052261747914
1d0bA00,413,0.1445761967501098,0.2045170379909758,0.5424210846534674,0.6967045848835309,0.0471014492753623
1d0bA00,450,0.1138823012736056,0.1341731099882738,0.4960246583771727,0.6451207286379947,0.0735309617918313
1dkiA02,320,0.1045277603622431,0.1825549810723135,0.8994106706213513,0.7938900836980741,0.0267321490769766
1dkiA02,348,0.1192970886323283,0.1887856983828648,0.8918952320403437,0.7857183963518966,0.040417354367901
1dkiA02,379,0.1384011842563566,0.1740389749155603,0.9115968445121192,0.8169705191849335,0.0241859282479971
1dkiA02,413,0.126315430163706,0.1552916980344428,0.8094351762836608,0.7240360235208254,0.0331483106931383
1dkiA02,450,0.1138384535005224,0.1339548281127806,0.8717485876203465,0.8468625641325642,0.1137460815047022
1e0bA00,320,0.0679718496439808,0.11864585639015,0.9376436694809246,0.9141234683191356,0.0196714687862229
1e0bA00,348,0.0592692806833104,0.1141083190479009,0.9399454495143188,0.922029547226858,0.0003176754198484
1e0bA00,379,0.0510475244245736,0.0850035013087961,0.9302121473704588,0.8416724888246221,0.0148405703066124
1e0bA00,413,0.0773624772313296,0.1196300079110434,0.9059363274609156,0.8731413732521617,0.0707709885742672
1e0bA00,450,0.1243768835899983,0.1578049016971709,0.7804289108238005,0.7238898975880947,0.1205186289120715
1e6vA03,320,0.1572836627140975,0.2242218953310878,0.8586384704286877,0.9042778940659418,0.0341010540184453
1e6vA03,348,0.1732423364075538,0.2188187577839535,0.8860795928187509,0.9084254757227828,0.0641985068072024
1e6vA03,379,0.1594388230127361,0.2029665320964902,0.915468848917708,0.925630432798902,0.0788610452349582
1e6vA03,413,0.1930976723759332,0.2549610230504063,0.8428021624997027,0.8720543762396392,0.1095663592446201
1e6vA03,450,0.1680573561703996,0.2244699124436787,0.7354981363335645,0.8203595435123213,0.0432178304787
1eovA02,320,0.0891574670214896,0.1395988723368937,0.9536017720891908,0.9103101646789372,0.0176258334048702
1eovA02,348,0.1032150279393181,0.1498433043728429,0.9493957525081314,0.9013327649904752,0.0240775233726021
1eovA02,379,0.11842776203966,0.1776104125398278,0.9293388971025608,0.9121046464935352,0.0391102240535668
1eovA02,413,0.1523242338398145,0.2210224729671814,0.8948342417961188,0.855038014716267,0.0608949266031418
1eovA02,450,0.1607993188591189,0.226296593222146,0.8192206955563169,0.7469894518724973,0.0423629377485711
1epwA01,320,0.073645703611457,0.1282551277988903,0.949904562509214,0.813568559034712,0.0400217932752179
1epwA01,348,0.0930365296803653,0.1367852931541299,0.9424386771806802,0.7986152815357523,0.0453196347031963
1epwA01,379,0.0867236378537748,0.1247896948855046,0.9446418039737984,0.808092776524612,0.0383899319858224
1epwA01,413,0.1007887090078871,0.1416306829365366,0.9189577665015076,0.767321642207838,0.0278455790784558
1epwA01,450,0.1121471564964715,0.1619093593552172,0.8659244676757638,0.7408031170990783,0.0002874636778746
1escA00,320,0.1227633955448525,0.2207157659659999,0.8653571363291926,0.8860430275277924,0.0263997591812162
1escA00,348,0.1304536084708916,0.2120759892075678,0.8720827086427052,0.8682236186539523,0.0131007446223081
1escA00,379,0.1447758674065466,0.2143304386588156,0.8741338901853403,0.8772716984394376,0.0091180556527852
1escA00,413,0.1606487055990367,0.2314623513015807,0.867706760356415,0.8358187465903028,0.0473585189644791
1escA00,450,0.1499940162405838,0.2122993632549303,0.8256029317798079,0.8277282945829876,0.0520981703646055
1ezvC00,320,0.1594498229043683,0.2047998627759951,0.866802153333922,0.8780476825729597,0.0310956316410861
1ezvC00,348,0.1894610108506212,0.2315462480034286,0.8517624503221485,0.8721531715622858,0.0712834654522966
1ezvC00,379,0.1728630460448642,0.2153231918677172,0.8288867571266888,0.8456706887219423,0.074341204250295
1ezvC00,413,0.1846432746854033,0.2406130404288949,0.8130971611132121,0.8381231732265049,0.1109606646125492
1ezvC00,450,0.1589733944702232,0.2188766133475181,0.7828641338825569,0.8068786313072193,0.0843694022679223
1fgxA00,320,0.0678912655971479,0.1246699706646411,0.9443458341961682,0.8186439498611012,0.0067202168746286
1fgxA00,348,0.0638036616161616,0.1096395003830653,0.9575880353120988,0.8221612385378917,0.0096290478312537
1fgxA00,379,0.0724291443850267,0.1165943872269912,0.9503071031613396,0.8243171671604606,0.017167780748663
1fgxA00,413,0.1050399584076054,0.1570850174408938,0.9244884913617888,0.8049817146693214,0.0085038621509209
1fgxA00,450,0.0999753787878788,0.1536513482033034,0.8634408973193627,0.7733788995728803,0.0100676247771836
1ft9A02,320,0.1239139496228104,0.1946621161438847,0.9136900854089862,0.9014717209475034,0.0458032220943614
1ft9A02,348,0.1321852704257767,0.192728714872733,0.904612109595294,0.8971614260821674,0.0248995013425392
1ft9A02,379,0.1799714870221199,0.2392589226243615,0.8545549504321712,0.8574722735672344,0.0672068789157396
1ft9A02,413,0.1531829689298043,0.1868368832797401,0.8629934944581396,0.8643198685325119,0.053363508502749
1ft9A02,450,0.1367997698504027,0.1627463545601945,0.8407667094791942,0.8576169898389462,0.1321765758854367
1gntA02,320,0.0937423039923039,0.1287237669459888,0.9478310904035948,0.8635037331120956,0.0247329244829244
1gntA02,348,0.1198434343434343,0.1402722482890189,0.968127430392027,0.9302866709561404,0.0808059163059162
1gntA02,379,0.1168104330177501,0.1533723785687041,0.8897093353604915,0.8660816032570661,0.0683002850807729
1gntA02,413,0.1288119288119288,0.1579691210998254,0.8527576395436633,0.8698831561679062,0.0984179894179893
1gntA02,450,0.1691512690582458,0.1897302735626546,0.8883086320703132,0.8862216233044464,0.1691512690582458
1gwcA02,320,0.1481513002364066,0.2149508307720159,0.8707300302703946,0.818379637920756,0.0439253528189699
1gwcA02,348,0.1627589368865964,0.2238483391003508,0.8407652855111227,0.8082398828388724,0.0514714521097499
1gwcA02,379,0.1838514220216348,0.2466920856808564,0.812876887064296,0.791095418094321,0.1002248012035245
1gwcA02,413,0.2027110824557633,0.2758696190879207,0.693261809543629,0.7375957624288845,0.1032793180027223
1gwcA02,450,0.1373303328518568,0.1871143983111478,0.5942442523477427,0.7386868235167303,0.0117397944478598
1gxeA00,320,0.0462604488534721,0.0715700580994616,0.4099498975762677,0.5733346319722404,0.0462604488534721
1gxeA00,348,0.0399825174825174,0.0643621078598482,0.4570585903163031,0.5359815209097535,0.0371573426573426
1gxeA00,379,0.0386427061310782,0.0543698279985846,0.7609930156807347,0.5807484073435695,0.0371048951048951
1gxeA00,413,0.062555944055944,0.0791380275207365,0.5593262080373433,0.586074196897523,0.0623671328671328
1gxeA00,450,0.0695055167055167,0.0925673932317382,0.5942120888601407,0.7431527886303065,0.0691187257187257
1h19A02,320,0.1085790898677496,0.174741972547772,0.883035743554824,0.919084938445674,0.0687815266062688
1h19A02,348,0.0879762574195563,0.1373504430988543,0.8786273081010635,0.9246672596497966,0.0252764761012183
1h19A02,379,0.1014834947412266,0.1491219427829308,0.8006296566282134,0.8741440766746887,0.0616355305633656
1h19A02,413,0.0921096532333645,0.1172934632391696,0.905049811373712,0.9196538962848892,0.0902581484952619
1h19A02,450,0.1208059981255857,0.1463351972231,0.8164949206868128,0.8527701657934806,0.1204592314901593
1h7zA00,320,0.0459314501400219,0.1072582844467676,0.8507039828191698,0.4666658631799857,0.0459314501400219
1h7zA00,348,0.0507875614786609,0.1102466292991949,0.7988546045019363,0.5755186241787618,0.0507875614786609
1h7zA00,379,0.0597514546413852,0.1104607776869391,0.8387430108140115,0.4989215550099989,0.0594361009338484
1h7zA00,413,0.0615885292717753,0.0904385416685483,0.7302188867616642,0.626735822242042,0.0615123750594954
1h7zA00,450,0.0643816792404397,0.0839340412742404,0.7488998520071273,0.696252258450822,0.063898698768661
1hcnA00,320,0.063351003882878,0.1545045106386711,0.3472874661121306,0.5900970744030952,0.0295634539650955
1hcnA00,348,0.043090909090909,0.1240130802856554,0.2738105388989202,0.6206007908541098,0.0386062982768865
1hcnA00,379,0.0539849079025549,0.1053516540855601,0.2621150622554472,0.602501350012322,0.0538487225193107
1hcnA00,413,0.059450623885918,0.1065266966767356,0.4518970863109071,0.760081860306202,0.0594080808080808
1hcnA00,450,0.0809971479500891,0.1022630470980545,0.5245495044481707,0.6653364965237921,0.0800452762923351
1hf2A02,320,0.023345530779493,0.0768589794136729,0.5980350323351722,0.35618241770382,0.023345530779493
1hf2A02,348,0.0217761578044596,0.0572028470772319,0.758304038159897,0.3140960234032469,0.021243853630646
1hf2A02,379,0.0321884886601867,0.0577159218269649,0.7090049367268005,0.2587605090133387,0.0321799123308557
1hf2A02,413,0.0475947480192763,0.069025338984855,0.7625139114435862,0.3102854930463284,0.0475947480192763
1hf2A02,450,0.0882021154945683,0.105370762239375,0.31418093469841,-0.0618095597097036,0.0881853440060987
1hyoA01,320,0.1424789487798337,0.2256300361833649,0.8476457687947282,0.9199379706375432,0.1142915884508804
1hyoA01,348,0.13625833556807,0.2069617918099391,0.8811384847610568,0.95034950493851,0.1312110485384822
1hyoA01,379,0.1045697684812729,0.1452544291922426,0.9003168713224015,0.898198801784786,0.0805497452400107
1hyoA01,413,0.1103909001519621,0.1408507088715803,0.9046874718299254,0.8998344933726364,0.1064309466344864
1hyoA01,450,0.1570805399123983,0.1952714023093216,0.8805450217589703,0.8654635660176149,0.1569214266559399
1ibcB00,320,0.0855660009182736,0.1084533098629366,0.9617262897008324,0.8882391453909939,0.0555972222222222
1ibcB00,348,0.0873225302709975,0.1165133908299063,0.941211803394298,0.8304474824027614,0.0735439623507805
1ibcB00,379,0.1007259033250048,0.1287660438947942,0.908882097270862,0.898748284171001,0.0913894628099173
1ibcB00,413,0.1062179752066116,0.1392478366434409,0.8590235654841651,0.8055404543309159,0.0986514003673094
1ibcB00,450,0.1261323221645632,0.1488727652487504,0.8724501830941531,0.8875257481138661,0.1259373118072906
1iq8A02,320,0.1623656565656565,0.1909424571115383,0.8299276781998743,0.7326848108602422,0.080929292929293
1iq8A02,348,0.1259982683982684,0.1604884024450668,0.753042014686412,0.7359843543933792,0.1025171717171717
1iq8A02,379,0.1051708513708513,0.1294291635928969,0.6194015122526298,0.6297987710031361,0.0946126984126983
1iq8A02,413,0.0991205112347969,0.1249028994506123,0.4285353757228297,0.6211166725862481,0.089356462585034
1iq8A02,450,0.1043376623376623,0.1210641521079623,0.7064304046748978,0.704780958883697,0.1039350649350649
1iyuA00,320,0.023024549290372,0.0450969953768218,0.6001457281853484,0.4909401928729743,0.0228782764352384
1iyuA00,348,0.0301630672340121,0.0573302400821192,0.7144481047439613,0.415588241178644,0.0301055179406666
1iyuA00,379,0.0560398925968546,0.0682846777768649,0.2812358511675992,0.0550408196389971,0.0560286408387674
1iyuA00,413,0.0929636666934282,0.1126535997362471,0.2820239305641823,0.1528803793035011,0.092859003424208
1iyuA00,450,0.1152982994501982,0.1355727509158482,0.0762193812546431,-0.0092210782200505,0.1152982994501982
1j0tA00,320,0.1536849261849261,0.1957915962507968,0.9080864448143998,0.89845914268685,0.0260796425796426
1j0tA00,348,0.1579673659673659,0.1833731258673139,0.9309437140038056,0.9267119912155366,0.0559601139601139
1j0tA00,379,0.1247905982905982,0.1545154753413274,0.9188640239537424,0.8913986916350208,0.0440563325563325
1j0tA00,413,0.1652325822325822,0.2226100366910986,0.8587111422767454,0.869502541544784,0.1071743071743072
1j0tA00,450,0.1208240093240093,0.1658888903121838,0.7787185800150764,0.8196840898200306,0.0271661486661486
1j2rA00,320,0.1109751696294249,0.2022829913526624,0.8817892690274469,0.8742684037533135,0.0795453087102023
1j2rA00,348,0.1066398022781001,0.1849508631238287,0.8900090609487037,0.8959589816091517,0.0583621319578765
1j2rA00,379,0.0883014721684934,0.1397280720905694,0.9315215431551462,0.901125515250238,0.0351235224586288
1j2rA00,413,0.0935347087900279,0.130534097004334,0.942601122755956,0.9132680519197836,0.0200354609929078
1j2rA00,450,0.080687835804857,0.1089202878252709,0.938785623494868,0.9373246697843636,0.0635827423167849
1j78A05,320,0.1812210437710438,0.2567211676593137,0.8410298194580704,0.8745999744988137,0.1623405723905724
1j78A05,348,0.1021638047138047,0.1451285666764401,0.92141221348004,0.9227282254578936,0.0680978114478114
1j78A05,379,0.1232154882154882,0.1530337163002348,0.9204279260831968,0.8975070408407024,0.0820872053872054
1j78A05,413,0.0686082491582491,0.0830384694858325,0.9172391548086064,0.908384409924508,0.0003671717171716
1j78A05,450,0.1035873815676141,0.1260678786641147,0.6512575662978383,0.7603886119911355,0.0844353887714352
1j8mF01,320,0.0803459886218507,0.1080133677836175,0.9725268181589618,0.9135470627907836,0.0450716358992221
1j8mF01,348,0.1282122373156856,0.1580599425445567,0.9472285147175185,0.8973355670821987,0.0789464762568209
1j8mF01,379,0.1437300592128178,0.1791422284356928,0.907117082801666,0.8447374240989709,0.0717416695692558
1j8mF01,413,0.2008985254847323,0.2501294984151883,0.8042263472002017,0.7899826197000784,0.1165307093927782
1j8mF01,450,0.1389820039475212,0.197066387952929,0.7983756331255896,0.7975465220815783,0.0946545918959712
1jbjA02,320,0.0212266666666666,0.0393838051023906,0.3324662117946791,0.4748394517371521,0.0204207407407407
1jbjA02,348,0.0203150168350168,0.0288217009892455,0.6815511200530172,0.4072388842498777,0.0193663299663299
1jbjA02,379,0.0494452525252525,0.0629618878786121,0.3496205151151853,0.2853478351038009,0.048673265993266
1jbjA02,413,0.0784078311570994,0.0954061446248662,0.2920155607586559,0.405349778333762,0.0757012860310421
1jbjA02,450,0.0831068013468013,0.1016995270222599,0.6893077353958502,0.6862399229395753,0.081843771043771
1ji3A00,320,0.128083567635114,0.1919274238288381,0.8935629746776546,0.8573233631662985,0.0052982401332916
1ji3A00,348,0.1390040872643965,0.1976187277539712,0.8897219527313284,0.8577066911237469,0.0055152816828074
1ji3A00,379,0.1550716906302146,0.2249728569451211,0.850940513480134,0.823407288935509,0.0437019967083457
1ji3A00,413,0.156759682775763,0.2248219251936334,0.8261862114673273,0.8014374734937212,0.0511963397987041
1ji3A00,450,0.1148363156862317,0.1734603464594358,0.6976167102559551,0.7148290978794212,0.0042082234476144
1jj2A03,320,0.1035771820771821,0.1291885335798051,0.7046040148640792,0.7430735849948672,0.103508029008029
1jj2A03,348,0.0973263403263403,0.1211495238736128,0.522328521963009,0.6143005828178134,0.0962416472416472
1jj2A03,379,0.0951886816886816,0.1198089853566835,0.5312735191338768,0.6896758313381344,0.0951425796425796
1jj2A03,413,0.0676780626780626,0.0891875432561315,0.6062539263106419,0.7032387621586313,0.0667125097125097
1jj2A03,450,0.0786262626262626,0.0977622389088213,0.5424257186451482,0.6569577628372097,0.0778070448070448
1jswA02,320,0.1240688996876084,0.1878843024450235,0.9012989943164696,0.9240313790925374,0.0080330377709759
1jswA02,348,0.1341977611940298,0.1797995492601365,0.9155094729071288,0.9177745223867154,0.0381258480325645
1jswA02,379,0.1910226445378429,0.2381692951235755,0.8735639962428314,0.8752379793908092,0.0883934953833934
1jswA02,413,0.2283565128900949,0.2947702714334207,0.8426065716048328,0.876418796945599,0.1337296472184532
1jswA02,450,0.2477234467198889,0.3245840714522004,0.7566693839802276,0.7952750241858985,0.1590632592849705
1jw3A00,320,0.1038146330413772,0.1798072240385416,0.9317184727850732,0.7655615293512393,0.0401977499244941
1jw3A00,348,0.0938409090909091,0.1624482186475015,0.9456958342407203,0.776540349431252,0.0355160894660894
1jw3A00,379,0.1201962481962481,0.2013668542239044,0.914231548680442,0.7776639876226148,0.0485898989898989
1jw3A00,413,0.1509426406926407,0.2187407267109426,0.8970731667612476,0.7697233686108136,0.0338993506493506
1jw3A00,450,0.1636615833400858,0.2248093488277716,0.8662543707206912,0.6988759371703304,0.0191848238482384
1k70A02,320,0.1493562991478301,0.2243713568743918,0.87266896645308,0.8789735366267114,0.0019631494094034
1k70A02,348,0.1379886063990298,0.1910797149895705,0.9092730650991792,0.9177140634374816,0.0223502780245451
1k70A02,379,0.1261697430329352,0.1744565012842505,0.9166596420874074,0.8929983642045611,0.0241051228901391
1k70A02,413,0.1228488467739282,0.1653667665717617,0.9164745246725424,0.90837790645981,0.0295426249465337
1k70A02,450,0.1101655938780917,0.1824695959166447,0.8087933941593487,0.8587117899446388,0.0320080887739039
1k8iB01,320,0.1039719169719169,0.1695188897905947,0.8858875506210125,0.8572528458471101,0.0195181485181485
1k8iB01,348,0.1251794871794871,0.1904633945834319,0.7897885326475624,0.8427701463495466,0.0207938727938727
1k8iB01,379,0.1158285048285048,0.1860559646644415,0.7354402902691358,0.807860044085297,0.0047442557442556
1k8iB01,413,0.0712257742257742,0.1033625917988265,0.8372672864911603,0.786162738610758,0.061103008103008
1k8iB01,450,0.0832967032967032,0.1051632918597193,0.7899274185997014,0.7743592781439149,0.0802797202797202
1k8kD01,320,0.0805930162552679,0.1195345574519843,0.9384055156302143,0.930992057620497,0.0223266248100685
1k8kD01,348,0.0915683323299217,0.1364843485381134,0.8941721016730695,0.9028537042970964,0.01498193859121
1k8kD01,379,0.0709350362661621,0.1020625703096524,0.919610787296415,0.9401406321931371,0.0136800837131962
1k8kD01,413,0.0791932570740517,0.1147170765946197,0.8459436714179922,0.8998868633402717,0.061637567730283
1k8kD01,450,0.0793201769738039,0.1006545624875611,0.855117265157529,0.85784182556358,0.0749871189952816
1kx3G00,320,0.139332641908333,0.179903977675875,0.9266701625276212,0.8763667034142636,0.0316145438589493
1kx3G00,348,0.1253987993138936,0.1604197079270751,0.9072444064935232,0.9004572826957874,0.0074142367066895
1kx3G00,379,0.0999785591766723,0.1259379823934178,0.9119261696607476,0.9092263739397396,0.0256732418524872
1kx3G00,413,0.0657804459691252,0.0787628247757879,0.9181316240962564,0.8843749059107405,0.039073756432247
1kx3G00,450,0.1095407912257407,0.1341434252661522,0.7480961812168962,0.8037445432962094,0.1073434083833381
1l3gA00,320,0.0956812022665681,0.1705572106603241,0.8913430993776953,0.8618867515862835,0.065656401412499
1l3gA00,348,0.0872838137472283,0.146490072000295,0.9174839482481432,0.8873163638944391,0.0632261640798226
1l3gA00,379,0.0741947934630861,0.1079788501690685,0.9553266910805084,0.9123230397141336,0.0593865484109386
1l3gA00,413,0.0875131805863513,0.1284751174946995,0.9102838888271628,0.9264934876455614,0.0614461690071446
1l3gA00,450,0.1066215816703621,0.1281429120052744,0.9284492750708274,0.8388438570242864,0.1050210232405354
1lcsA00,320,0.0747946681792399,0.1239482962340403,0.8019957449066037,0.5749902356081977,0.0550528025576238
1lcsA00,348,0.0777932073346707,0.1342014428831136,0.7151507855914645,0.4079426184788574,0.0465065568577763
1lcsA00,379,0.0837509410612076,0.1309437835138022,0.6952813914232676,0.6304718266307698,0.0526629196101686
1lcsA00,413,0.0790291997908892,0.1272616220511599,0.6115748763960716,0.573262079312789,0.0387332239708206
1lcsA00,450,0.0719867947770386,0.0893424784294963,0.6694469647848033,0.61611991920032,0.0616579453067258
1lucB00,320,0.0974301136363636,0.1525580795624461,0.9506494456640956,0.9148817801338812,0.0299674873737373
1lucB00,348,0.0964030303030303,0.1394522775193585,0.9624520072012324,0.9173692092098916,0.0302628156565657
1lucB00,379,0.1257997159090909,0.1770040012300464,0.9359062660903322,0.9067172226026156,0.0531803977272727
1lucB00,413,0.1568508522727272,0.2248982911187644,0.8746864952723189,0.8748189530200928,0.0895298295454545
1lucB00,450,0.1222556818181818,0.1794743206325878,0.7075098679969617,0.7678581691140167,0.0158125
1m2dA00,320,0.1392962296229623,0.2783072765812281,0.7832778419156731,0.8727404503996449,0.1226137613761376
1m2dA00,348,0.1465591442865216,0.2724653739637461,0.775554747854935,0.8480500386555055,0.115929081280221
1m2dA00,379,0.1430934093409341,0.2652158321434064,0.7456730929660108,0.8709090784147363,0.0927501750175017
1m2dA00,413,0.1346189618961896,0.2376181317133964,0.7794548327255829,0.9058449875230667,0.0786808680868087
1m2dA00,450,0.137009800980098,0.2032039096201367,0.7873582340574038,0.8994986707861412,0.0547247724772477
1mtyG02,320,0.0586324892763249,0.1136521283408601,0.9696240130912512,0.8997684228828401,0.0345494672754945
1mtyG02,348,0.1108818320188183,0.1476579292782082,0.9590978738152048,0.9428582827141028,0.0531452885014528
1mtyG02,379,0.0993608689636086,0.1310252977796435,0.9559390198603314,0.937544881729552,0.0553318112633181
1mtyG02,413,0.1069954337899543,0.133043724033307,0.9480710413609776,0.9294433260736142,0.0992511415525114
1mtyG02,450,0.1577956275079562,0.1844506278316951,0.8879959076698426,0.8355118056580861,0.1559298464092985
1mu5A02,320,0.0995291134360901,0.2052103563630065,0.8978268650044228,0.8999458194003898,0.0211766984092565
1mu5A02,348,0.1009638694638694,0.1940683043677364,0.9028189685820024,0.8733550145255914,0.0158887593887594
1mu5A02,379,0.119529526029526,0.1720233371836837,0.9348719132440948,0.9113232319107678,0.0212264957264956
1mu5A02,413,0.1752599715099715,0.2172908382691936,0.9125674023502506,0.9004308679702049,0.0661725589225589
1mu5A02,450,0.21547150997151,0.2593249158219733,0.9208738695775612,0.8817223201034349,0.1151565656565656
1mzvA00,320,0.0800221193415638,0.1471778162484964,0.9370905501730136,0.8641000461121365,0.0429384118967452
1mzvA00,348,0.0936056397306397,0.140618773830181,0.9373058679876074,0.8449367060993167,0.0211553965581742
1mzvA00,379,0.0600657033295922,0.0934039996000069,0.970196820845659,0.8947522402248648,0.022587682379349
1mzvA00,413,0.0801920127197904,0.1176215516788212,0.9448937935341896,0.8925942875894929,0.0140717358772914
1mzvA00,450,0.0819718013468013,0.1127652851150968,0.9052209223669008,0.8903236042079556,0.028895202020202
1nycA00,320,0.0943059423059422,0.188520197183986,0.6827821608320179,0.4801634495536158,0.0581459641459641
1nycA00,348,0.0987963417963417,0.1790391882493903,0.6877996101569328,0.5125043918044708,0.0575359905359905
1nycA00,379,0.1024624624624624,0.1758659251999079,0.6066633139244619,0.5344481795000602,0.0464673764673764
1nycA00,413,0.1136102466102466,0.1821588876951523,0.4763947939803816,0.4362830043937513,0.0491133861133861
1nycA00,450,0.0899605969605969,0.117640322882428,0.5161219492890974,0.6515780434229264,0.078076167076167
1o75A03,320,0.0420288825757575,0.0880577675950312,0.9277831209449944,0.5450349831180256,0.0337809343434343
1o75A03,348,0.0556861873306233,0.0989201297700025,0.9059884979207168,0.608817285516901,0.0367613058943089
1o75A03,379,0.0511388888888888,0.0796545783483401,0.9252184837763204,0.6722264515599489,0.0363888888888889
1o75A03,413,0.0660685763888889,0.090474063169288,0.8862931643831895,0.7207729645976086,0.0417122001262626
1o75A03,450,0.0665054450757575,0.0844284343577624,0.7030237114804276,0.6060759623763141,0.0622027304292929
1pjqA03,320,0.1402661782661782,0.1957479139968244,0.8494305762486554,0.6021728547807419,0.0245867021867022
1pjqA03,348,0.1507555555555555,0.2031157268173289,0.853176371993491,0.6395830211029236,0.0816820512820513
1pjqA03,379,0.1445819735819735,0.1919200115837401,0.7603865634813912,0.6898202957238392,0.0284153846153846
1pjqA03,413,0.1393209013209013,0.1706917824264393,0.7520634316355984,0.7315144276284129,0.1277034965034965
1pjqA03,450,0.2064329448329448,0.230124292873542,0.8347245880308847,0.7712954020050317,0.2063909867909868
1qwjB00,320,0.0665578051254907,0.110236147812378,0.9640930628101526,0.8130410288008799,0.0238457059679766
1qwjB00,348,0.0614904503550791,0.0987114601172733,0.969717990645048,0.8151164873806086,0.0265224295355299
1qwjB00,379,0.0723682678311499,0.1129636702317332,0.9568933525640416,0.8808953053582891,0.0153442283092938
1qwjB00,413,0.0821115711072043,0.1298822444049407,0.9299170025789866,0.8802749628253186,0.0136384430707574
1qwjB00,450,0.0962652728154911,0.1406435914042188,0.915214897393796,0.7949647579889758,0.0104908473380089
1rwrA00,320,0.0354024759378294,0.085737296867943,0.154836036877415,0.3750018593776386,0.0354024759378294
1rwrA00,348,0.048450532258613,0.0919410832639264,0.2204892409183705,0.5378234785358794,0.0482760602659592
1rwrA00,379,0.0578175696357514,0.0878972464069604,0.3992335198539987,0.645367956461576,0.0578175696357514
1rwrA00,413,0.0850339081046151,0.1051909451566068,0.5341670828596788,0.5675887464520708,0.0850339081046151
1rwrA00,450,0.0939049416726184,0.1089241850211843,0.5021756130777104,0.49818418175356,0.0939049416726184
1ry9A00,320,0.0914304701146806,0.1715890876340745,0.9123912320526144,0.9304233356738246,0.0589516974253816
1ry9A00,348,0.1182082337627013,0.1903270735263618,0.8776516914381002,0.9147545401643998,0.0525940891693645
1ry9A00,379,0.1143898488292613,0.1784805310188738,0.8781465479555107,0.9184035938159326,0.0386101034828084
1ry9A00,413,0.13714750759916,0.1869641430626488,0.8384129099843805,0.8963373974285909,0.0130706770449732
1ry9A00,450,0.0944954069458353,0.1222027126626967,0.8910877899747509,0.9067177345025402,0.027889816154198
1rzuA02,320,0.0866260209753032,0.1483977558377663,0.9465046053475752,0.9004272753616966,0.0048177951766468
1rzuA02,348,0.0991913392296167,0.1595558016642315,0.9261589806337968,0.9027935881625868,0.0083563868348556
1rzuA02,379,0.1035964428978783,0.1402013408512803,0.9531669653685028,0.9174577276695148,0.0280384708327293
1rzuA02,413,0.1009666038374172,0.1429899284297973,0.9407272119536724,0.9370728881432184,0.0239573727707699
1rzuA02,450,0.0899396355903532,0.1218553612358551,0.8355217514551838,0.8818840775852153,0.0164102749987917
1sknP00,320,0.105214703565526,0.1397775077879414,0.900771234639812,0.9207046077165628,0.014801293971742
1sknP00,348,0.0956419601419601,0.1285231672284487,0.9115129891399302,0.8978205216801998,0.0496823641823641
1sknP00,379,0.1423783783783783,0.172861311556499,0.783018211829193,0.8026412274550383,0.0982462462462462
1sknP00,413,0.1217212667212667,0.1432718088675328,0.8598390175061907,0.8333354051540245,0.1195110565110565
1sknP00,450,0.1754332514332514,0.2155081403571872,0.804769474171213,0.8224973754290966,0.1748138138138138
1st0A02,320,0.1400521973663335,0.2445436430681284,0.8125517023361111,0.8490506935202172,0.0778482733090062
1st0A02,348,0.1280369665238775,0.2226832570582937,0.8280620312100598,0.8664826764419851,0.0741290919667882
1st0A02,379,0.1282052289607385,0.2028633083259646,0.8240395496657529,0.8295663213170786,0.0423256367399798
1st0A02,413,0.1194788196097096,0.1795483344047532,0.8061662328062316,0.813652563312648,0.0110257020466444
1st0A02,450,0.0861738325665027,0.1107727321656566,0.8309079898995498,0.7386297247491909,0.0775409064466656
1sumB02,320,0.1050771610468102,0.1371163151177282,0.9605754683412284,0.8897877098120537,0.0388934038851263
1sumB02,348,0.1735900530731039,0.2088244940000619,0.8969548921914675,0.8454664841195367,0.0615044512925865
1sumB02,379,0.1679428180106146,0.2024425103953372,0.8668425516140296,0.8927004113948326,0.0959734634480395
1sumB02,413,0.1045293614107173,0.1318729185711993,0.877361957551931,0.8993376375573882,0.0474516349940078
1sumB02,450,0.1081657250470809,0.131933542008464,0.8434202817588513,0.8449426750871216,0.0981927752097243
1t4lB00,320,0.0538265191598524,0.0972412608777239,0.9725655331209416,0.9568320446340688,0.028211544011544
1t4lB00,348,0.057677441077441,0.0913093272401702,0.976001221762569,0.9572428002451006,0.0416386083052749
1t4lB00,379,0.0648323232323232,0.0996451286101169,0.9615684024923148,0.8738870388701329,0.0013416386083052
1t4lB00,413,0.0774409652076318,0.1063313243015618,0.9317788975867254,0.8490854226558033,0.0628993265993266
1t4lB00,450,0.115980808080808,0.1582327656779424,0.9013578314934312,0.8990811540836512,0.1143682379349046
1tdpA00,320,0.1512682682682682,0.2060978425764182,0.8697922716738048,0.8179511131317073,0.0645344435344434
1tdpA00,348,0.1202334152334152,0.1608542906540888,0.9408581215728344,0.9367921751084228,0.0867280917280913
1tdpA00,379,0.1994787514787514,0.2434169407025294,0.8903409863631261,0.8812246645233104,0.1476325416325414
1tdpA00,413,0.1829663299663299,0.2208822500957062,0.828035528597798,0.8379860785142031,0.102091273091273
1tdpA00,450,0.153983255983256,0.1806545209719128,0.8907611225558629,0.893824945260087,0.1536123396123395
1tezA01,320,0.0632694917929293,0.1170932470181417,0.9650276181431932,0.954189666621623,0.0285704703282828
1tezA01,348,0.0633105457144979,0.1100938608568204,0.9649787922628688,0.9700940956797596,0.0071913667929292
1tezA01,379,0.0679120107323232,0.1062945064579238,0.9665264757768004,0.9621200170343656,0.0104915561868686
1tezA01,413,0.0686440972222222,0.1009885467612227,0.963203594743868,0.9626629632468796,0.0085612373737373
1tezA01,450,0.0680134154040404,0.0924603604843272,0.9593629302951698,0.939726271289714,0.0441384154040404
1tltA02,320,0.087213502148986,0.1477006140399235,0.9259735670123443,0.8816973011213648,0.0125924994957253
1tltA02,348,0.1049210926468991,0.1652311764258599,0.9022133080698868,0.880140893778955,0.0138464755077657
1tltA02,379,0.0911726946888237,0.1295317195558973,0.9167758251382676,0.8509785000888481,0.0110496361464103
1tltA02,413,0.1113755294884327,0.1439612327111136,0.858419347397009,0.8007181001809587,0.0348850331269686
1tltA02,450,0.0948664603019441,0.1136081261345359,0.6969409351704208,0.7881296212487446,0.0721511350059737
1tuaA01,320,0.0825935889507318,0.1731487429083517,0.9249610788497682,0.9325546575587644,0.0449286057857485
1tuaA01,348,0.0748243145743145,0.1431766349939392,0.9445962989000786,0.9191045995115592,0.0273837181337181
1tuaA01,379,0.0794209956709956,0.1519621283809281,0.9379205247653376,0.927392320664974,0.0397663540163539
1tuaA01,413,0.0699911014911015,0.1250703580030198,0.9464813971576104,0.9283465575421004,0.0295339105339105
1tuaA01,450,0.1258952621452621,0.1772600439291867,0.9377514216640682,0.9167081352748864,0.1200965608465608
1tvfA02,320,0.0335845410628019,0.0757078317727681,0.2865896226689143,0.4635994912179785,0.0335845410628019
1tvfA02,348,0.036818035426731,0.0807941970213246,0.4887929837453213,0.710570150920795,0.036818035426731
1tvfA02,379,0.0385026689660835,0.074183005858894,0.1998469904356381,0.4063082984550599,0.037141564103388
1tvfA02,413,0.0509674568400554,0.0911177746609618,0.3238891060166711,0.5919720451514551,0.0481584840654608
1tvfA02,450,0.0493621724491289,0.0697818223601323,0.5705192442588353,0.6152162666091078,0.046978041282389
1twfA04,320,0.0823486507750073,0.1442611769096158,0.9233252085863328,0.8417973795451934,0.0592567573110208
1twfA04,348,0.0774165464165464,0.1303364567732868,0.9347078808856456,0.8493752240858482,0.059015392015392
1twfA04,379,0.0882733686067019,0.1256046243914006,0.9315029831524856,0.8727930071772556,0.0745776815776815
1twfA04,413,0.1033823953823953,0.1228429992824123,0.9190288254329996,0.6926286376802084,0.0782100368767035
1twfA04,450,0.0968446826542064,0.114787508093891,0.8818726770688681,0.7465194879289886,0.0958555166174214
1tyjA00,320,0.0526580510992275,0.1217814619722356,0.7468501001418317,0.3590118321737602,0.0440102792632204
1tyjA00,348,0.060186036838978,0.1274783252391359,0.6467418951061892,0.3422604945016953,0.0423590612002376
1tyjA00,379,0.0665295306001188,0.1146419702658727,0.5015614070560008,0.5716442399005072,0.0593219251336898
1tyjA00,413,0.0814885918003565,0.1112917793753278,0.4239355847666782,0.5745638196360828,0.0719821152703505
1tyjA00,450,0.0757928698752228,0.1016773628614712,0.6099197195105891,0.6429384983013828,0.0747415329768271
1u0mA01,320,0.0787262679756347,0.1290793166522192,0.9430762914092424,0.9140545907196342,0.0121882653381616
1u0mA01,348,0.1060544554455445,0.1516967046166277,0.9166024122403112,0.9118547173518052,0.001523402340234
1u0mA01,379,0.1613163816381638,0.224291712184129,0.7967332815576221,0.8607409428418034,0.0437781278127812
1u0mA01,413,0.1374839983998399,0.1913650543558172,0.7712076107546246,0.7971551619484031,0.0196944194419441
1u0mA01,450,0.0759158415841584,0.107934421829923,0.7509432126092388,0.8656920076416975,0.0390796579657965
1u60A00,320,0.1104296688568533,0.1731810830377952,0.9260230316959248,0.8955462131981865,0.0047174005426433
1u60A00,348,0.1126434245366284,0.1678552027567624,0.9294898048107568,0.9112934104684922,1.618122977348202e-05
1u60A00,379,0.1298764342453663,0.1826996286168044,0.9219059868082587,0.91064210098734,0.0337010885554574
1u60A00,413,0.1855015200549181,0.2523512150163942,0.8737222365240854,0.8944097200118735,0.098365172763231
1u60A00,450,0.1507873230688764,0.2103721146386097,0.8487608330676606,0.8605920847116,0.0620079435127979
1uaiA00,320,0.049441500203832,0.1267570152773261,0.3633525807947279,0.3514634589338541,0.0494375141550029
1uaiA00,348,0.0403985142908909,0.1048213857056401,0.4938678745945018,0.4595661107637553,0.0403824795035557
1uaiA00,379,0.0412053268107079,0.0797733065096551,0.564221158942619,0.5832925864876176,0.0390436200570729
1uaiA00,413,0.0487228790143588,0.0729982454119469,0.7153052883373652,0.7010447120066168,0.0487188023735108
1uaiA00,450,0.076897178058613,0.0908115449268954,0.4509247987653306,0.3055740981820687,0.0767635548308194
1a0hA01,320,0.0532703042972183,0.0955067333992118,0.9408888959635652,0.7271138027137501,0.0503601206736822
1a0hA01,348,0.0613523754951543,0.0959182596831229,0.8675938421831405,0.6351622286559929,0.0609497302429612
1a0hA01,379,0.0536521393712405,0.0796636909313342,0.7987159164657553,0.7734666845027867,0.0460847803881511
1a0hA01,413,0.0525795028941096,0.071345309693603,0.7291116424341987,0.7704649412017446,0.0515342185903983
1a0hA01,450,0.0922714788332765,0.1191301667486342,0.6976622379525487,0.7310880551644593,0.0911122460560662
1a2nA02,320,0.0778512529137529,0.1614786363672956,0.9234992440393768,0.9201451599131392,0.0299288558663558
1a2nA02,348,0.0879209401709401,0.1458503799560814,0.9318891300567408,0.8871542311181151,0.0209722222222222
1a2nA02,379,0.0865318362193362,0.1490029134177564,0.9290110528818648,0.8830232798673459,0.0111923562548563
1a2nA02,413,0.1028778513153513,0.1622054185777859,0.9102112999206946,0.8910067355526962,0.0011139763014763
1a2nA02,450,0.129782973970474,0.1752673635744329,0.8937699728255933,0.8088814808350171,0.0172176087801087
1a3dA00,320,0.1216013678198552,0.1949129044877506,0.8971606337172777,0.8744547776760035,0.0401578813343519
1a3dA00,348,0.1433802733214497,0.1968921007018743,0.8918431888444512,0.8644147914517265,0.0135522451404804
1a3dA00,379,0.1686181139122316,0.2226524682246403,0.8537364271795693,0.8924771860385171,6.16246498599815e-05
1a3dA00,413,0.1401013496307614,0.1805517081462459,0.8542221236884757,0.8713360476517358,0.0321005008063831
1a3dA00,450,0.0848232747644512,0.1124797853995042,0.8049077657185622,0.7771909601050329,0.0118924539512774
1a48A01,320,0.1024769314769314,0.1680469740654775,0.8711420195430178,0.8311546828459322,0.0403309673309673
1a48A01,348,0.1112329602329602,0.1687700658816867,0.8778644901459607,0.8162554866289319,0.0207666757666757
1a48A01,379,0.1188536718536718,0.1643890959762416,0.8477028099557794,0.8427598506973185,0.0545366275366275
1a48A01,413,0.1029565279565279,0.1352003948678974,0.7263409255661328,0.8247904453086621,0.0576704366704366
1a48A01,450,0.1185983509936998,0.1406009729629657,0.6297857035830958,0.6622774105582606,0.1087404127171569
1a7gE00,320,0.0679068736141906,0.1259265961036121,0.9466960913538908,0.8758943502841455,0.0327356491746736
1a7gE00,348,0.0639665182461137,0.1192818923226174,0.9452272411694916,0.7676063911881655,0.0381122467987429
1a7gE00,379,0.1186314363143631,0.1693419289906432,0.8588503684631648,0.8643063790922667,0.0709056417836906
1a7gE00,413,0.1037844926863645,0.1301013339362299,0.9300379492392286,0.8883901360846255,0.1034136298566247
1a7gE00,450,0.1023690564178369,0.1255770579171241,0.8790031859206755,0.8029975834928996,0.1023690564178369
1a9vA00,320,0.0273024221634544,0.1174784528774654,0.7819142425515101,0.2237303221242879,0.0266923345766227
1a9vA00,348,0.0258174770965468,0.0963549017409059,0.918849713389042,0.3088189991611777,0.0253100775193798
1a9vA00,379,0.0284872758593688,0.0991248116603701,0.9234996906475662,0.384351668921752,0.0282476705034844
1a9vA00,413,0.0472469993400226,0.0897956468887844,0.8610347570187501,0.5181332934955094,0.0471550499457476
1a9vA00,450,0.0814517265680056,0.1220540814051596,0.6324534168327969,0.3412309376506208,0.0811385169524704
1b06A01,320,0.1071475953565505,0.13394987272772,0.9430047050400908,0.9228165606750716,0.0213661993064978
1b06A01,348,0.1266476707372229,0.1555526309146083,0.8723106620287115,0.803837917994548,0.0349793456957636
1b06A01,379,0.1062900648273782,0.1300998034194021,0.9027904536941338,0.7352051141899553,0.037904718830092
1b06A01,413,0.129405467121157,0.1511060282279305,0.7916385567863353,0.8624866678259059,0.1067404110269054
1b06A01,450,0.164132066938037,0.1892733969196762,0.7705957476560511,0.8184713710450578,0.1639375848032564
1b1yA00,413,0.1342435497835497,0.1917842026997135,0.9063549880049572,0.8639510626917649,0.0474466666666666
1b1yA00,450,0.1164327272727272,0.1809161944699467,0.8668359401865627,0.8344887107065005,0.0398872727272726
1bh3A00,320,0.0511717521233092,0.0859394850957104,0.521092606312112,0.3752556751467891,0.0429804970116388
1bh3A00,348,0.0667508450795648,0.102782149212907,0.2904829067983473,0.4993103702502471,0.0521963230925168
1bh3A00,379,0.0764571643854656,0.0947780276018637,0.3660396219441506,0.4423355908356494,0.0676176872937957
1bh3A00,413,0.0889565974381295,0.1074455548187566,0.3467181611116858,0.4255952500854773,0.0834269223172417
1bh3A00,450,0.0916263325294467,0.1083789990780439,0.4579819800468484,0.5112168600858175,0.0899691377442242
1bo7A00,320,0.0991800920598389,0.1540495995239009,0.9440247641038568,0.8829097364891081,0.0226607032943506
1bo7A00,348,0.1286752013808975,0.1884088306372013,0.9263265919983992,0.8545785958595209,0.0476539125431531
1bo7A00,379,0.1552172036823935,0.2234904800900191,0.8696895761202172,0.8701389171846502,0.0523748561565017
1bo7A00,413,0.1519562715765247,0.2175353056780559,0.8510823764840473,0.8468549918768867,0.0571921749136938
1bo7A00,450,0.1144116800920598,0.1625402550990684,0.7582629766630479,0.7699925339667831,0.0063190448791714
1c8jA00,320,0.1380007569232375,0.2008931766679021,0.9052949202308368,0.8952742037554164,0.0146329183305927
1c8jA00,348,0.1243249549761177,0.1822806699755457,0.9172855780298492,0.8814304815556724,0.0002690992613473
1c8jA00,379,0.1368527914806984,0.1876757822386628,0.9160094345180436,0.8884001489417391,0.0318175292981495
1c8jA00,413,0.2135443322109989,0.2745826525814466,0.8622413302992492,0.8651647309205998,0.11393265993266
1c8jA00,450,0.1915536849981294,0.2697486383860836,0.8132214114562942,0.7792822184299634,0.1106715301159745
1c8uA01,320,0.0848867521367521,0.1367725180237703,0.8914489079160942,0.8302719175471192,0.0495527713027713
1c8uA01,348,0.0784761072261072,0.1239005312772042,0.8924120270965956,0.8351654109672336,0.0362383449883449
1c8uA01,379,0.0854804981839865,0.1348563112450655,0.8558464952524694,0.8775115492176305,0.0105608635550496
1c8uA01,413,0.1016224423724423,0.1472379207881171,0.7070950900912217,0.7883856256757837,0.0336281403781403
1c8uA01,450,0.0645367132867132,0.084418305208593,0.8301737465803158,0.8082557711793554,0.0590530303030303
1c9bA02,320,0.1195645130550791,0.2032957939298092,0.8999798284746451,0.8984795728438885,0.0283373356203544
1c9bA02,348,0.1625550990377668,0.2310660392695084,0.8818818341398906,0.8992778047880559,0.0684911422252361
1c9bA02,379,0.167634022162324,0.2336919323426686,0.8792217495016642,0.8825413127545325,0.0948649296196466
1c9bA02,413,0.2621328378120831,0.316943741177674,0.8292783358146725,0.8823687810740111,0.1863279969506384
1c9bA02,450,0.1204784705324415,0.1493835444277076,0.8295001612260073,0.851879323627494,0.0399285305889079
1dh3A00,320,0.1370783156237702,0.157603397963289,0.5624105905189457,0.3873110763376784,0.0040669027941755
1dh3A00,348,0.1115886988275994,0.1402150098176624,0.7182410797623767,0.5812542617453552,0.0969817413030944
1dh3A00,379,0.1281584377499333,0.1507616116237177,0.3815019630254659,0.1977678597620738,0.1129342841908824
1dh3A00,413,0.1370247933884297,0.1637662248716604,0.5057634429231339,0.3583537552430489,0.1361818181818181
1dh3A00,450,0.1207714779934653,0.1371138301121623,0.726680270755215,0.5849248407930616,0.1207714779934653
1dy2A00,320,0.0637588985088985,0.1681814471177044,0.8286248070024829,0.7857884898500925,0.0361661856661856
1dy2A00,348,0.0745357142857142,0.1775396352083258,0.8018296017765244,0.717062533020435,0.0423464405964405
1dy2A00,379,0.0681820117551824,0.1426687031765735,0.8587649512058755,0.7938343372660219,0.0246103133542157
1dy2A00,413,0.0748721741221741,0.1264096100124536,0.8652427313965261,0.7722812818223148,0.0221829004329004
1dy2A00,450,0.1095932539682539,0.1463374014797944,0.8237884732405826,0.771451518092882,0.0473683862433862
1eq6A00,320,0.0748753674309229,0.1576576680139292,0.913693692997302,0.83511138027028,0.012056246516564
1eq6A00,348,0.083584682806905,0.1753140329927179,0.8875551423422676,0.8438246271973244,0.0111219603441825
1eq6A00,379,0.1096547485436374,0.2051520478248449,0.8463286524056228,0.8371013302640344,0.0248559670781892
1eq6A00,413,0.1027240660573994,0.1750105792738515,0.8713620960895156,0.8478078000111335,0.0225221527443749
1eq6A00,450,0.0941116990005879,0.1278494421820838,0.8476498343784178,0.7513840973636233,0.0217236919459141
1eyuA00,320,0.0724854312354312,0.1253206789334496,0.9499077194992532,0.9302487552092844,0.0040879953379953
1eyuA00,348,0.0878617586117586,0.1453970694437842,0.9261991280164052,0.9267902241749064,0.0058521756021756
1eyuA00,379,0.0906381118881118,0.1340169929811645,0.9415005560298436,0.9097017400264034,0.0192569930069929
1eyuA00,413,0.1016752405228015,0.1336388938914623,0.8954119750243555,0.9264066287253834,0.0006456418468612
1eyuA00,450,0.0951954804454804,0.1189323404190832,0.8876933692981647,0.9049187869681954,0.0394131701631702
1f3vA00,320,0.0913055053244926,0.1713861378119023,0.9274718780897478,0.9199996241371722,0.002093219719802
1f3vA00,348,0.0926340086172291,0.1748273754495044,0.9230279386561896,0.9298694837396548,0.0011669387427409
1f3vA00,379,0.138078250863061,0.2095819849610662,0.8927913381367972,0.907589497077057,0.0318529599795421
1f3vA00,413,0.1748670246771512,0.2383874611266011,0.8835597149801148,0.9111871498109856,0.0691183991816902
1f3vA00,450,0.2313244470016622,0.3057573711346794,0.7738778872605975,0.8285558163490327,0.1261081063802583
1fohA03,320,0.0846616127094596,0.1462813510903778,0.9061392797761052,0.7650361419095554,0.0514886113355013
1fohA03,348,0.081557302346776,0.1261870091455662,0.9338982390634392,0.7878627819791287,0.0546263096719311
1fohA03,379,0.0849445192973025,0.1177284539659447,0.9384374027593636,0.706646833611327,0.0254502652856019
1fohA03,413,0.1016224445411048,0.1447427942653979,0.8618884296416995,0.7119944506475869,0.0260939538929969
1fohA03,450,0.0865960631606564,0.1096116119231368,0.7179615300623209,0.6084645561045031,0.0425853200494349
1fwxA01,320,0.0599610667704886,0.124160236865784,0.8762636291067932,0.6622758142675461,0.0272610473038738
1fwxA01,348,0.0556394782947245,0.1052716734141889,0.8963492173929123,0.7156618592930815,0.0260346505742651
1fwxA01,379,0.0509869573681136,0.0954642968034721,0.8895841435013451,0.762584535876566,0.0263616897021608
1fwxA01,413,0.0667227004467825,0.1140528488881637,0.8377276837255508,0.6412955259871888,0.0267427368161164
1fwxA01,450,0.0763631836516653,0.1264662633884688,0.6996698343920938,0.5794311584154662,0.0298626019167824
1g2rA00,320,0.0758558994197292,0.1591071509078142,0.9301812967796684,0.8897791567982293,0.0288791102514507
1g2rA00,348,0.0818113045347087,0.1420868257673986,0.9421689763660482,0.8841569565307971,0.0311300236406619
1g2rA00,379,0.0882211476466795,0.1375044069107055,0.9587664479609236,0.8451836401101476,0.0408450462067483
1g2rA00,413,0.075642596174511,0.1018115761411361,0.945625391983852,0.8861230514391649,0.0130361057382333
1g2rA00,450,0.0930921985815602,0.1251928922711732,0.8380898690123184,0.7309804114399656,0.0890575972490866
1g5aA03,320,0.1017558922558922,0.1629938655238057,0.8792961155636113,0.7385068942509777,0.0918641975308642
1g5aA03,348,0.0970788439955106,0.163898924153944,0.837605457638868,0.7978258202305551,0.0847662738496072
1g5aA03,379,0.1056174242424242,0.1505072699756882,0.757609403352749,0.7790227331030324,0.0943755611672278
1g5aA03,413,0.0984427609427609,0.1323136910118895,0.7662371728275282,0.745884532424828,0.0922000561167227
1g5aA03,450,0.1034457168585075,0.1396913925717298,0.6869025431172378,0.689917861594214,0.102669981468431
1gccA00,320,0.0776536796536796,0.1360905823959994,0.9437680526949472,0.7901515310476227,0.0258989898989899
1gccA00,348,0.0725685425685425,0.1185248933115485,0.9460838783897882,0.8613472849284322,0.0292929292929292
1gccA00,379,0.1143756613756613,0.1674951825159567,0.8571558287277037,0.8510104244117993,0.0351959275292608
1gccA00,413,0.1174021164021163,0.1544496365670383,0.784608867724647,0.7646144766084677,0.0539597562930895
1gccA00,450,0.0946153450339496,0.1165957773949809,0.6653543771252047,0.8723264958448345,0.07349300312091
1gjsA00,320,0.1678876002046733,0.2362228424713405,0.7935032010652893,0.754010448088932,0.0279022847071628
1gjsA00,348,0.1069930069930069,0.1349908522718322,0.9321845044212004,0.8880263053817169,0.0811048951048951
1gjsA00,379,0.1324895104895105,0.175963445461234,0.8513089888862219,0.8718227998062968,0.1212727272727273
1gjsA00,413,0.170027972027972,0.2019966293550961,0.860405446620533,0.8774758214182586,0.1656783216783216
1gjsA00,450,0.2016374514374514,0.2295099797989395,0.8761103581636168,0.8697638288304493,0.2010065268065268
1gtvA00,320,0.111309052059052,0.2019290331895741,0.885138960548445,0.9101490744374584,0.0002146464646464
1gtvA00,348,0.1079522144522144,0.1724141666243301,0.9127523166294812,0.928463396633764,0.001547397047397
1gtvA00,379,0.1243416375291375,0.1744293918527666,0.9239338218749124,0.9309841551444462,0.0527102272727273
1gtvA00,413,0.1392983197358197,0.187288682794061,0.8924429588798521,0.9266309118984364,0.0491093142968142
1gtvA00,450,0.1201671522921523,0.1758511019372516,0.7094633509758588,0.8230271223488532,0.0123681041181041
1gxcA00,320,0.0466740682688958,0.1313532364907549,0.7083713915211951,0.5643552643217633,0.0294123127830024
1gxcA00,348,0.0408592824799721,0.1073806582283393,0.6768364722876586,0.6681046066454996,0.0216024033437826
1gxcA00,379,0.043602229188436,0.0906623291518298,0.7820573163085955,0.6206300841430946,0.043602229188436
1gxcA00,413,0.0609438146501097,0.0907964337215687,0.8172685817850331,0.5199762310844396,0.0609438146501097
1gxcA00,450,0.0951987983281086,0.1293137423824226,0.5872040549077465,0.4158757152905366,0.0950276036224312
1hn0A04,320,0.0163273720814704,0.0465688760547961,0.6280711341151739,0.5191534445142968,0.0151992051664182
1hn0A04,348,0.0159652260307998,0.0493302602723638,0.4523542391902029,0.6500313150326031,0.0157559198542805
1hn0A04,379,0.0217585692995529,0.051898420111076,0.8253113933431423,0.5727342881286523,0.0217585692995529
1hn0A04,413,0.0202941712204007,0.042077132130934,0.7821571295937321,0.6712381711875196,0.0202941712204007
1hn0A04,450,0.0532812551746978,0.0728056016835986,0.7069946246838592,0.4195077429120049,0.0532666832256996
1hsjB03,320,0.0964907211651397,0.1369742457181393,0.9316531607407204,0.9392220760763044,0.0277319708715057
1hsjB03,348,0.1214799154334037,0.1600810474864739,0.8866572461703531,0.9053060388945696,0.0089112050739958
1hsjB03,379,0.1253112520554381,0.1498936238985557,0.8909187909222557,0.9058280946608503,0.024650927883486
1hsjB03,413,0.0874027484143763,0.117976184008728,0.891388325756766,0.8826313519364556,0.0542392529950668
1hsjB03,450,0.1666195626979834,0.1878724021418243,0.8649141119046846,0.8864267055433878,0.1664709795942895
1hufA00,320,0.1342199228052886,0.1832752497741129,0.93924303613476,0.8879541326489367,0.0433881908516055
1hufA00,348,0.1330142892338014,0.1807252931701419,0.9399397781326196,0.8697991858104027,0.0428576003941857
1hufA00,379,0.1745502176233883,0.235426049177798,0.9049870970076984,0.840569243901237,0.0828852755194218
1hufA00,413,0.2057444362322411,0.2516700885612447,0.9085249190711732,0.8267658637693895,0.0738020858996468
1hufA00,450,0.0973297199638663,0.1178008669907652,0.8394305842432889,0.7374801476198588,0.0767551942186089
1i2nA00,320,0.0863938434982738,0.1650334471579151,0.9309673143815412,0.9082485328454516,0.0194318181818183
1i2nA00,348,0.0913508290355508,0.1534889817550112,0.9375180504981075,0.9054972880784,0.0087326129370579
1i2nA00,379,0.1040799368426686,0.1489104939488691,0.9436488032774089,0.9295545905911876,0.0219115797361307
1i2nA00,413,0.1151957275135815,0.1614214081005161,0.9257749384208814,0.9235365419578598,0.0324417601091872
1i2nA00,450,0.0830005753739931,0.1099215535456277,0.9212977286807524,0.900752653646238,0.0011565017261219
1i7xB00,320,0.0968341307814992,0.1380956065529396,0.912738612859368,0.848762602981306,0.0966586921850079
1i7xB00,348,0.1186301612617402,0.1658521870041613,0.719000190878315,0.7990201400995133,0.113117490696438
1i7xB00,379,0.0716177070583435,0.1006545973911275,0.5495749983736334,0.6695377070283163,0.0536506435221245
1i7xB00,413,0.0990487470732268,0.1344970649793409,0.7043285814461425,0.7505761442917313,0.098770828880988
1i7xB00,450,0.0977671451355661,0.1235878035793274,0.7616184808587358,0.873727031322287,0.0975279106858054
1inlC02,320,0.0715239898989898,0.1155987816591926,0.4743236415824009,0.601450915760045,0.0715239898989898
1inlC02,348,0.0751560921717171,0.1118951718867697,0.4326740504883432,0.4961045312531169,0.073419981060606
1inlC02,379,0.1010669191919192,0.1223808700402184,0.4132927139270961,0.3085733317762424,0.0987547348484848
1inlC02,413,0.0717164727633477,0.0957835577096783,0.2575225721408416,0.3627793829982498,0.0583632981601731
1inlC02,450,0.1060361426767676,0.1260979348962381,0.5710275800439584,0.6157974625384633,0.1055443497474747
1j7gA00,320,0.0526976711560044,0.1071005424981215,0.9586654826525464,0.8532809687801491,0.0333054152637486
1j7gA00,348,0.0561675785634118,0.1048201430494169,0.9628961819808116,0.8717780882420539,0.044454335016835
1j7gA00,379,0.0566792929292929,0.0891324786395342,0.9693596756186054,0.8212139323991142,0.0423528338945005
1j7gA00,413,0.0762098063973064,0.1133250314710311,0.9423541394952126,0.8035916579864427,0.042856130751964
1j7gA00,450,0.0842611009970506,0.1120275031501173,0.9477137707042962,0.7765998148131947,0.0770904539581865
1j7mA00,320,0.0609353535353535,0.0878966291730869,0.1564910107211509,0.4217223052496661,0.0516127946127946
1j7mA00,348,0.065806635460294,0.0862580713348855,0.2561648487565732,0.5961249803497265,0.0606028906955736
1j7mA00,379,0.055880303030303,0.0701637024874951,0.2989485348354136,0.6674117919075724,0.0529065656565656
1j7mA00,413,0.0918643578643578,0.1182263649453464,0.2385259812133508,0.3582121038975812,0.0871124098124098
1j7mA00,450,0.0759840772061702,0.094787944115729,0.7848477808025162,0.7257600924926438,0.073822038211573
1jeyA03,320,0.0883578643578643,0.1148980319041333,0.7680457992125638,0.5903983910985224,0.0866714766714766
1jeyA03,348,0.1020753567420234,0.1294322905762786,0.554269951632115,0.6263089395575311,0.0952919672919672
1jeyA03,379,0.1208196248196248,0.147246708233542,0.5839182617695514,0.7094741520908247,0.1208196248196248
1jeyA03,413,0.0934290524290524,0.1141239726891412,0.7418887289826512,0.731081499376204,0.0932558922558922
1jeyA03,450,0.0867671957671957,0.1078557894083027,0.7745028144329035,0.8335054769576615,0.0867671957671957
1k8kF00,320,0.0730895094940492,0.1230664155463241,0.9542421777889536,0.9533208316495118,0.0146934953208453
1k8kF00,348,0.0885606835110267,0.1326050605698795,0.9476523205910882,0.949959266271454,0.0176972662214373
1k8kF00,379,0.109697876973326,0.1585577152558491,0.9293196609368152,0.9415749078889594,0.0240528034839412
1k8kF00,413,0.0943282779050777,0.124810024333646,0.9466476097765156,0.9426513315897128,0.002804560013166
1k8kF00,450,0.0801338343269116,0.0990692091044159,0.8840722824090206,0.9126904569509589,0.036750799952202
1kfwA02,320,0.0556002886002886,0.0945126863705316,0.903382567129952,0.5856099713203409,0.0502342472342472
1kfwA02,348,0.0646084395076643,0.1155400538100487,0.8761699793420791,0.7123616129098677,0.0636207851866766
1kfwA02,379,0.0600207799665164,0.079426122381109,0.93044867207311,0.7617847356548032,0.0583746248009813
1kfwA02,413,0.0721759316521221,0.0958436526312302,0.9102683808781016,0.7413486718525868,0.0705856524427952
1kfwA02,450,0.0975520282186948,0.1414390251818968,0.938062681340609,0.8544570551298339,0.0967901234567901
1ks9A02,320,0.1338223700418822,0.199297482387381,0.8737249366308782,0.8473556201979932,0.0007091237579041
1ks9A02,348,0.1827756131649367,0.2460637812534928,0.8217645901842271,0.831132310493681,0.0648836733650356
1ks9A02,379,0.1565928389586926,0.1895957864286445,0.8644184813341225,0.8661578839477638,0.0429922805288659
1ks9A02,413,0.1208272152418493,0.151364436734859,0.8859427547481576,0.8839666071286815,0.0383394103638005
1ks9A02,450,0.0846546768497988,0.1041549847078202,0.857240785599123,0.8680994718860565,0.0652858667980619
1l5oA02,320,0.0994139185977421,0.1625053640953775,0.9413527212428486,0.9190956876466264,0.0084978461081402
1l5oA02,348,0.119682895127748,0.1750987556894671,0.9329367968168668,0.9112403954495412,0.0226024584076054
1l5oA02,379,0.1165068701723113,0.1653380624999838,0.9369685110869764,0.9174889763623492,0.022336638443256
1l5oA02,413,0.1398426544860368,0.1926133858723669,0.9105680909085924,0.9031173006672016,0.0386843062982768
1l5oA02,450,0.1377867647058823,0.1894339432400321,0.8783686245388405,0.8932536960947459,0.0241607991681521
1ll8A00,320,0.0675277334751019,0.1295980757755883,0.8773122880416715,0.8216619100285901,0.0309744816586922
1ll8A00,348,0.0678779947528342,0.1233580079600122,0.8777247304772662,0.8418180205017027,0.0091812325220541
1ll8A00,379,0.072995126705653,0.1247340568115908,0.8604584073079498,0.8229661868721189,0.0234537480063795
1ll8A00,413,0.0843385610490873,0.1284690298013989,0.8435361551714567,0.8291379918912012,0.0143086124401913
1ll8A00,450,0.0968429027113237,0.129425330976485,0.7558831783376135,0.8143808696137134,0.046901205032784
1lujB01,320,0.1357837131422037,0.1765895862772878,0.9545883174864676,0.9618882948519554,0.1101102126385146
1lujB01,348,0.1095861067897048,0.1479563161753787,0.9513189215383332,0.9415856966349976,0.0791097238288989
1lujB01,379,0.130723651610444,0.1754423763277479,0.8853397264022983,0.9342555273016322,0.0491120640365922
1lujB01,413,0.0618860301124452,0.0791360067522252,0.9435102646294452,0.953063731408471,0.0443903182771107
1lujB01,450,0.1483261727790029,0.1751314456122249,0.9331489055661594,0.9429654732387056,0.1483261727790029
1mixA01,320,0.1668029272314986,0.2163106706064974,0.8968325891332738,0.9443699938738164,0.019524840239126
1mixA01,348,0.1783627087198515,0.2329034049883586,0.8684398153170829,0.9285920210950956,0.0409856730571016
1mixA01,379,0.2030121624407338,0.2476944432882825,0.8936502241786504,0.9110882767269156,0.1186408987837558
1mixA01,413,0.0791868686868687,0.1067550502898863,0.9013752524579672,0.9196704287308416,0.0477498453927025
1mixA01,450,0.0990294784580498,0.1202461236776937,0.8970690902811469,0.8803614053147911,0.0977777777777778
1mnmC00,320,0.106008658008658,0.1276611821231061,0.964736963539998,0.9268208411488394,0.0824284402466221
1mnmC00,348,0.101803489439853,0.1354245315829222,0.949023157482134,0.9388469543708352,0.091681227863046
1mnmC00,379,0.1602828282828282,0.2073191889621237,0.907921188828796,0.8781307100870204,0.1589090909090909
1mnmC00,413,0.1938202807293716,0.2420086418987581,0.8992890304506106,0.9012942025322164,0.1936405614587432
1mnmC00,450,0.2006328217237308,0.2512086207553917,0.806030773089705,0.9016764558614816,0.2006328217237308
1neiA00,320,0.087840404040404,0.1291663940740497,0.897501475255737,0.9242506543188364,0.0389892255892255
1neiA00,348,0.1002691197691197,0.1457275099659245,0.8281690095460132,0.8588181032965391,0.0349151034151034
1neiA00,379,0.0972750841750841,0.1241792646118841,0.8494141061685986,0.8752949329386267,0.0936040404040404
1neiA00,413,0.1172521885521885,0.1492016554979635,0.8333842376023083,0.7918540499365243,0.1158659932659932
1neiA00,450,0.1119626262626262,0.1427133358101932,0.903570746104033,0.9114571614824668,0.1119626262626262
1ng6A02,320,0.0866680843522948,0.1395736672740604,0.9435371024321134,0.8575905518948379,0.0047797270955166
1ng6A02,348,0.0827921318447634,0.1363086877824436,0.9424573587403536,0.9134818431717574,0.0251812865497077
1ng6A02,379,0.0898479532163742,0.1219581339698676,0.9350238829809864,0.8581379580872254,0.0480077972709551
1ng6A02,413,0.1667537059703522,0.1984698752395698,0.9173829149295726,0.887160706536576,0.1646328482705472
1ng6A02,450,0.1726714513556619,0.2034633485370443,0.8603916225208746,0.8926345678269487,0.1720430622009569
1nijA02,320,0.047557558342041,0.1018752195440166,0.9601522432913878,0.931503649978877,0.0423302856147683
1nijA02,348,0.0582050679205851,0.1092499907644888,0.957271623880321,0.9405969777445922,0.0537917972831766
1nijA02,379,0.0457070707070707,0.0831942838098363,0.9744788530612232,0.96031961258278,0.0409285963079066
1nijA02,413,0.0432533919791337,0.0832763778400994,0.9662635928483996,0.9569186344870296,0.0340399747272241
1nijA02,450,0.0478872344130964,0.0691602543879521,0.9751161812983636,0.8565802174113605,0.0432083768721699
1nktA02,320,0.0980146547441629,0.1807716999521319,0.9062932860660696,0.8480446742147807,0.0288343268753105
1nktA02,348,0.1010914886570624,0.1804234719876782,0.8997790573927179,0.8492602138978905,0.0220628415300546
1nktA02,379,0.1220232654412982,0.1895605904613725,0.8831826014799883,0.8167208458469811,0.0252676767676767
1nktA02,413,0.1223727438317602,0.1636332495221498,0.8638237821857806,0.8201955426526026,0.0327746315615168
1nktA02,450,0.1318429375724458,0.1688359471439938,0.9113058811489656,0.8588407731086002,0.1277083126345421
1o0sA02,320,0.1581603067714178,0.2136382558007405,0.851082937020812,0.8512543751982811,0.0731999625888514
1o0sA02,348,0.2016712495323606,0.2447995294246713,0.7023229445463602,0.7456144377225709,0.0295079498690609
1o0sA02,379,0.1365203890759446,0.1904812379365542,0.6494982695128747,0.684092605934999,0.0536932285821175
1o0sA02,413,0.1164721721956864,0.1428597456225768,0.5695227275957296,0.6031211387858413,0.052702668371919
1o0sA02,450,0.1203497007108118,0.1389539570296303,0.6795229233800374,0.618372516221151,0.1191529180695847
1on2A02,320,0.1684901394901395,0.2122510407299463,0.8418562496069911,0.8691165677954372,0.125861311527978
1on2A02,348,0.1558110935862874,0.1970718525998016,0.7800491965406717,0.7716852258170068,0.0700472014347982
1on2A02,379,0.1887115600448933,0.2470378622035551,0.7654859902970215,0.7579409026166055,0.185002405002405
1on2A02,413,0.1719666506333173,0.2073999378273649,0.8251462235076559,0.8223666478539678,0.1711011704345038
1on2A02,450,0.2135763760049474,0.2414134635111715,0.6960019729554576,0.7704551860038362,0.2132826450445497
1oygA01,320,0.0698243623702884,0.138559247646639,0.808365022090234,0.6904085192472866,0.0185660243458077
1oygA01,348,0.0756954335986594,0.1393730692074583,0.7808456041217056,0.6647756954112202,0.0152052785923753
1oygA01,379,0.0648418516966904,0.1161928375911515,0.679535078960566,0.6241465227353166,0.0216851696690406
1oygA01,413,0.0651764889274266,0.10402539171528,0.4429589094211565,0.5729134006509494,0.0441644664412856
1oygA01,450,0.0603341013824884,0.0760712334521839,0.4302241430446255,0.477478702814076,0.0567940930037704
1pgjA02,320,0.1219571909571909,0.1803373279189448,0.9054627881010908,0.9011518404278688,0.0327025067955299
1pgjA02,348,0.1150983632976602,0.1563238151501174,0.9248976818530322,0.919287778836948,0.0130580812633273
1pgjA02,379,0.1269015784307834,0.163813029450219,0.9094236763488638,0.9186165355086304,0.0063356141184696
1pgjA02,413,0.1313601127554615,0.1702629367033166,0.8892680671097711,0.9019134306110992,0.0549224806201549
1pgjA02,450,0.0910200845665962,0.1128445599405712,0.8921087503669143,0.8604174375180861,0.0165063424947146
1pi2A00,320,0.0130849478390462,0.0232121160239118,-0.1709035439220558,-0.2114126678947858,0.0098658718330849
1pi2A00,348,0.0145216095380029,0.0284480097053967,0.0498361090880333,0.2234082560077134,0.0145216095380029
1pi2A00,379,0.0244109951978804,0.0400503477080606,0.1789968261040211,0.1605370535176418,0.0237976486173207
1pi2A00,413,0.0418483192581553,0.0524006330520022,0.0802077767341689,0.3547001921959745,0.0407040900811392
1pi2A00,450,0.0522863056797483,0.0716875865058037,0.2587254408182886,0.5098510887500489,0.0512642821659215
1pytA00,320,0.0759608854502471,0.1431725769736145,0.9288236547393732,0.9009429780514864,0.0281564581990115
1pytA00,348,0.0809042553191489,0.1509771161146405,0.9154822049359552,0.8890298099881507,0.0347147001934236
1pytA00,379,0.0871379447975192,0.1275503820228584,0.9446920561214388,0.9299742456272028,0.0398383531362254
1pytA00,413,0.1043713889111361,0.1547010661149763,0.925631553999636,0.9151632959600275,0.0080871766627791
1pytA00,450,0.1075642596174511,0.1349913763422674,0.8221768564927958,0.9243804516461808,0.0590405114979583
1qexA03,320,0.0174152046783625,0.0516660273703348,-0.0659867837734277,0.0412970038451842,0.0172748538011695
1qexA03,348,0.0225875528930727,0.0458956778275368,0.5239115645063289,0.53605582059057,0.0223950934246184
1qexA03,379,0.0291228070175438,0.0568087581371301,0.3183778623264076,0.3362032693833178,0.0290604288499025
1qexA03,413,0.0441222753854332,0.0728740821747928,0.2854147991641986,0.4185018868502344,0.0424552542973595
1qexA03,450,0.0513771929824561,0.072399570114919,0.627431451804336,0.5833670042387541,0.0500498848130427
1r3fA02,320,0.0383914638333242,0.0959322747794803,0.9522719681661328,0.6645388614970085,0.0313831264342892
1r3fA02,348,0.0321345765345765,0.0704543663820957,0.9717876665345584,0.6538497823356098,0.0204972804972805
1r3fA02,379,0.0482548784548784,0.0840851433549068,0.9665124555919364,0.6881675957938795,0.0142129204129204
1r3fA02,413,0.0994315462315462,0.156174260487986,0.8893753095626148,0.6070464094514266,0.0122809634809634
1r3fA02,450,0.1058245532245532,0.156159454310357,0.9220541295373604,0.5110406791692539,0.0153757575757575
1rq2B02,320,0.0482175925925926,0.0858864332934388,0.9783573926947846,0.8707301015918875,0.0025046296296296
1rq2B02,348,0.0613172348484848,0.0993856830760077,0.974980863370175,0.9179266724446888,0.0106295244107743
1rq2B02,379,0.0916439393939394,0.1398703883004939,0.9465429827450018,0.9114547157290444,0.0095641835016835
1rq2B02,413,0.1103048753994914,0.1513576270214211,0.931739915767811,0.8832142616717664,0.0138857058362687
1rq2B02,450,0.0973704755892256,0.1212403701168122,0.7888233252030707,0.7936489122673485,0.0967583122895623
1rzmA01,320,0.0428434343434343,0.0773455659378605,0.980388166503867,0.8340889541316262,0.0076388888888888
1rzmA01,348,0.0463238636363636,0.0941825691259295,0.9688633235835512,0.9026947031349448,0.0110112373737373
1rzmA01,379,0.0394758838383838,0.0699682192876499,0.9836532230719526,0.898733560658609,0.0020359848484848
1rzmA01,413,0.0627373737373737,0.1098365128156168,0.9576965557900776,0.8738543213031886,0.0130565656565656
1rzmA01,450,0.0995990221987314,0.1489096790708111,0.95681979039869,0.883126439764406,0.02363730032887
1s5lB02,320,0.0996973906289674,0.1555047168807188,0.9100748292891756,0.8296454513584446,0.0151287956863975
1s5lB02,348,0.0984386640976236,0.1527489818435074,0.8993963969560997,0.8516149868143463,0.020438430548257
1s5lB02,379,0.0978818824078939,0.1380118539012351,0.8754361689403763,0.8763407433182908,0.0311383779996496
1s5lB02,413,0.0958159047118584,0.1286215456554142,0.8585901118802243,0.8770826943997638,0.0505553464474018
1s5lB02,450,0.0818169556840077,0.103150946019161,0.7720116816464269,0.7492953406856764,0.074224732877912
1s5lH00,320,0.1715780445969125,0.224036182643864,0.715647052436838,0.7636376059221294,0.0853859348198971
1s5lH00,348,0.1538715728715728,0.187352634483699,0.8205373399847483,0.8457708608255001,0.1238301342263607
1s5lH00,379,0.1656146369353917,0.1931705145604698,0.7435629944545582,0.8447290788935812,0.1483518200876691
1s5lH00,413,0.1669796384201825,0.1905874374653527,0.8102249222087986,0.8153436707737248,0.1667087327863984
1s5lH00,450,0.1440055269677911,0.1664881294197011,0.8016145456589779,0.8687804936094304,0.1440055269677911
1st6A03,320,0.1412171712042738,0.1843832191858199,0.9132492771044396,0.9079148292903936,0.1098179817880233
1st6A03,348,0.1946746504344757,0.2387117827171725,0.8838375728492507,0.9064369230890612,0.1686671518680255
1st6A03,379,0.2327094084954347,0.2661301660029839,0.8806761456631355,0.9118632301518445,0.2011651448987693
1st6A03,413,0.3085127614112076,0.3512058322119185,0.81905045113966,0.8575831746450374,0.2881886940902884
1st6A03,450,0.2214783644303294,0.3083940119333695,0.6778769762709231,0.7549795454848017,0.1296855013012217
1sxjE02,320,0.1320625,0.1653159806455205,0.9526104076157632,0.9068996728587406,0.0492152777777778
1sxjE02,348,0.1750198412698412,0.2089871767696999,0.923279373060982,0.9002704612427083,0.0791349206349206
1sxjE02,379,0.1759303977272727,0.2152169262290779,0.8756187379214915,0.8605040460568447,0.081773751321353
1sxjE02,413,0.1014670285705896,0.1278201362489742,0.8693196690351785,0.8938499800873086,0.0938334544573643
1sxjE02,450,0.1565256358225108,0.1847992456651002,0.839789933362485,0.8576838121700465,0.1557499774531024
1sxrA00,320,0.0573646873357856,0.1055005985398294,0.966096856196886,0.8758983986846218,0.0161678636071699
1sxrA00,348,0.0655145092543936,0.1009962493102479,0.9649765649838332,0.8526823167125839,0.0269193420580704
1sxrA00,379,0.0948147953523676,0.1284249559220962,0.9478882891136172,0.7978456209264654,0.0257987388334209
1sxrA00,413,0.1065292812518246,0.1499430687115937,0.9036268399519756,0.8098392451204145,0.0238829333800431
1sxrA00,450,0.1530461843872248,0.2048994626200354,0.764265880489133,0.7362222702127762,0.028301979330881
1tvjA00,320,0.0770455849371512,0.1306532044016293,0.9419381840547528,0.855433751239061,0.0119397938072636
1tvjA00,348,0.0886117196056955,0.1492984815483787,0.9248552106557028,0.8542037325322569,0.0122699890470975
1tvjA00,379,0.128052080060906,0.2096528972014766,0.8521863222588869,0.8041943286703083,0.0472816268598
1tvjA00,413,0.1366971783236843,0.2103149500729865,0.8066509214320724,0.7947360144440091,0.035726281750378
1tvjA00,450,0.1025124132895217,0.1519145971795226,0.7642372300291215,0.7801885709112519,0.0096187781428745
1txlA00,320,0.0605456144822795,0.1434553812665353,0.924958559854796,0.8644922965974512,0.0171220118053368
1txlA00,348,0.0610527079303674,0.1244085381206926,0.9215813582980932,0.866958489017327,0.0192806254029658
1txlA00,379,0.0620635611433483,0.1079709866009294,0.9195043833617816,0.8800709400399109,0.0203299484203739
1txlA00,413,0.0776758542875564,0.1091297369854583,0.8467366093476519,0.8947137096073867,0.0447317322157748
1txlA00,450,0.0766324414356329,0.0995657004529604,0.7322576656977915,0.7337045266030976,0.0705791424887169
1u0vB01,320,0.1009714400643604,0.160533412595768,0.9337050092131978,0.9073353011691137,0.0134452936444086
1u0vB01,348,0.123769263950474,0.1884256057401671,0.911869333679148,0.8796881662311766,0.0370533166611578
1u0vB01,379,0.1475298883047391,0.2215355587643306,0.8530474648444717,0.8566022598892947,0.0553848528503806
1u0vB01,413,0.1392397425583266,0.1996573300445119,0.8471966757221,0.8331567443600859,0.0385076427996781
1u0vB01,450,0.1018979307377126,0.1407582181836809,0.8782930533539897,0.8427347663292502,0.0005376620703848
1uapA00,320,0.0596981263011797,0.1425002945945558,0.9189718354602092,0.6962836233779486,0.0236728352224535
1uapA00,348,0.0574848484848484,0.115759718553939,0.944378888221228,0.6524190515136258,0.0094351916107641
1uapA00,379,0.0783359549695427,0.1439374194441926,0.875751434871429,0.6939752684368942,0.0045146888734675
1uapA00,413,0.0857711465803068,0.1362587657906061,0.6487124827179422,0.6573745747349214,0.0242074176883337
1uapA00,450,0.0737549541213663,0.0969557947471388,0.484737776030837,0.5945912003715,0.0707918883491402
1uh4A02,320,0.1425824915824916,0.2174935331226066,0.8308680231219979,0.7843753134740439,0.0469811352293622
1uh4A02,348,0.1281309549394655,0.1959864225979308,0.8603336966610056,0.7809110138424981,0.0590721875970102
1uh4A02,379,0.1509703941333417,0.1994682537210976,0.8488847365644023,0.7521236318591044,0.0113841843447448
1uh4A02,413,0.1509295658373672,0.2099877342937763,0.6568267841055851,0.676120397333167,0.0067661075462494
1uh4A02,450,0.0996692695274255,0.1265975223512704,0.5965268663923955,0.6499638267437178,0.0421157198462162
