Domain,Temperature,MAE,RMSE,Pearson,Spearman,HelixContentError
1a1zA00,320,0.1548562792395799,0.2107863724081911,0.8857881276404924,0.905839876986101,0.1105832378138345
1a1zA00,348,0.1483296823658269,0.1930747206515005,0.8859619989148616,0.908198473282124,0.0917469879518071
1a1zA00,379,0.2062320798344894,0.2583372419922218,0.7986751625173263,0.8586930759345303,0.1417409030059633
1a1zA00,413,0.1020983327248387,0.1232592478322552,0.8711108298534243,0.8406931472943084,0.0265031033223804
1a1zA00,450,0.1888335158817086,0.2220313747987015,0.9000447183232413,0.8611920081365259,0.1882749178532311
1a48A01,320,0.148013013013013,0.2192965952854136,0.7772937298067776,0.7246798279959248,0.0095789425789425
1a48A01,348,0.1503367913367913,0.2298178465450765,0.7380473413810008,0.6609386143438216,0.0116657566657566
1a48A01,379,0.1338768768768768,0.1965552422248624,0.7422528489886903,0.7298583035204677,0.0053474383474383
1a48A01,413,0.1101707551707551,0.1529738473540055,0.6019112211302091,0.7683786992581948,0.0493821483821483
1a48A01,450,0.0872738552505994,0.1078102380109991,0.6080906353893007,0.6240003474557696,0.0669386109153551
1a9vA00,320,0.0255560548356918,0.1212593206481659,0.7621857073254549,0.3132709139825603,0.0248318694603436
1a9vA00,348,0.0267195207892882,0.0957496110683077,0.9393938186047182,0.4955587692892123,0.0265503875968992
1a9vA00,379,0.0377050348445697,0.113957234727602,0.9229684476013132,0.4817095941576752,0.0377050348445697
1a9vA00,413,0.0372960390169692,0.1019377023427048,0.8226950972433031,0.666246804674886,0.0372325693255925
1a9vA00,450,0.0475342573016991,0.09876742759787,0.6201424677636856,0.5032171190995984,0.0460997572625479
1adnA00,320,0.1338537549407114,0.1881545229483704,0.8900385343995193,0.6632515949479729,0.0170059288537549
1adnA00,348,0.1066536770027278,0.1435684643630906,0.898177463213518,0.7164508939854023,0.0471274286032399
1adnA00,379,0.1098615221987314,0.1480828361894883,0.8363431669091983,0.7815010978832189,0.0613651785805476
1adnA00,413,0.1094021739130435,0.140270171079663,0.7500547508406756,0.5242445845009173,0.0805879446640316
1adnA00,450,0.0863870760180163,0.1050982447208572,0.7318211736910459,0.704418465639574,0.0827950638845482
1b4aA01,320,0.0860171283190597,0.1329640788601497,0.9535898904137922,0.9100646935441912,0.035097287418927
1b4aA01,348,0.0889078924841637,0.1187727491436398,0.9586331487311716,0.92435383773003,0.0222949837356616
1b4aA01,379,0.1066341379900702,0.1492566340235019,0.9165480328291988,0.9165705571898914,0.0476733436055469
1b4aA01,413,0.0674646464646464,0.0855315778453821,0.9442288369831606,0.92056243088703,0.0372092107515836
1b4aA01,450,0.132065570963876,0.1625239467390617,0.837945702627851,0.7930845347787231,0.1315909946926896
1b4rA00,320,0.0121422979797979,0.0276317530276322,0.7266227132543097,0.3624716097693394,0.0116650252525252
1b4rA00,348,0.0088465909090909,0.0181635561696291,0.3977434958078635,0.4235547524765481,0.0088352272727272
1b4rA00,379,0.0203540404040404,0.0390855696115849,0.4114769395233317,0.4734698664374097,0.020320707070707
1b4rA00,413,0.0536786616161616,0.07420179697328,0.3047990014645573,0.3395955547376116,0.0536786616161616
1b4rA00,450,0.0566733093126385,0.0774784409019569,0.4905251188772769,0.6477799534749343,0.0545256805863513
1b97A00,320,0.1009927554230833,0.159466643557053,0.93076451921229,0.8553320333476392,0.0150040983606557
1b97A00,348,0.0901191836396754,0.1378144858343993,0.94086329666254,0.8947991643236088,0.0059131892697466
1b97A00,379,0.0981196330991412,0.1455213790574367,0.920833755866734,0.8962253626507672,0.0023008480590447
1b97A00,413,0.0789772965272765,0.1071329413451815,0.9385057657563536,0.8659086384982807,0.0340295699901857
1b97A00,450,0.0828385494287133,0.1094890122370702,0.9019415414567896,0.8891564984910628,0.0608051829773141
1b9nA03,320,0.0618823445724854,0.1187246293851199,0.6734181313423402,0.7167267479476767,0.0514703371745625
1b9nA03,348,0.0500036989614454,0.0930382210752141,0.7845108794928797,0.7482329398292685,0.0437615592545169
1b9nA03,379,0.0694340588988476,0.0986930567321679,0.8037809944417962,0.6294629510721166,0.0659891876511594
1b9nA03,413,0.0620254659268743,0.0858340715758771,0.7538864451215043,0.6731669643520442,0.0588767961303172
1b9nA03,450,0.0839248826291079,0.1063191914693676,0.7861214923961666,0.7846586034115447,0.0837370892018779
1beoA00,320,0.1267619047619048,0.1644491082258311,0.9305367701838108,0.889221666820813,0.0282131519274376
1beoA00,348,0.1578929388459005,0.2032536379932228,0.8934199274722849,0.8327961685745945,0.0575462112413332
1beoA00,379,0.1222480931766646,0.1553763758907433,0.9239375741057432,0.9009837989810446,0.0424562976705834
1beoA00,413,0.0821367927015767,0.1046578946756117,0.8967142158041159,0.9014373321877184,0.0336739967304751
1beoA00,450,0.1751785198928055,0.2103247006839973,0.7911230582870958,0.8010715033006256,0.1749029066171923
1bgqA00,320,0.1940299726234305,0.2891889426798875,0.6823797761452911,0.7772295719044765,0.0233046823373925
1bgqA00,348,0.1780784809626366,0.2566778644621842,0.739657266425608,0.8028378225809377,0.0272712453814388
1bgqA00,379,0.1484998583970546,0.2301742603371202,0.7543224266797689,0.8211010076504787,0.0242885868026054
1bgqA00,413,0.1413504258449551,0.2039097209506832,0.7367722585195309,0.8114033221132343,0.0168744948919327
1bgqA00,450,0.1110577740016992,0.1507072228763788,0.7057644712920486,0.8499205729152668,0.0376338147833474
1bkcE00,320,0.0807114504419192,0.1374981117854021,0.9440533949482518,0.8587088926384413,0.0144696575126262
1bkcE00,348,0.1002566682449495,0.1447819535560041,0.9511842061171176,0.8755388195112046,7.86379419191463e-05
1bkcE00,379,0.1206323784722222,0.1788409664371148,0.9006324512285551,0.8625016609784002,0.0161985085227272
1bkcE00,413,0.1186385732323232,0.1695555283826868,0.8790420042778904,0.8528337109953505,0.0097135416666666
1bkcE00,450,0.0629923453282828,0.0872363001731574,0.9100892611377838,0.8759945046910738,0.0377516571969697
1c3gA01,320,0.0367718457253341,0.1069444240306628,0.8826480931472991,0.5765355203116759,0.0249893388265481
1c3gA01,348,0.0433969178969178,0.1089819371235388,0.8685452008492606,0.5140715465547909,0.0263466718466718
1c3gA01,379,0.0578199948199948,0.1172233837338722,0.8440884181341839,0.5759227136972191,0.0249782439782439
1c3gA01,413,0.0545024605024605,0.0959994019457187,0.8817232346972891,0.7052495447701559,0.0335273245273245
1c3gA01,450,0.0464272209272209,0.0633376455924733,0.9187031576391396,0.4421889103217901,0.043584952084952
1c5eA00,320,0.1131657628920786,0.1477464582242742,0.7374827832027888,0.4541930502281791,0.0833435406698564
1c5eA00,348,0.1217253588516746,0.1611875883575574,0.6190957035769893,0.4531782261128299,0.084190855927698
1c5eA00,379,0.1166407230196703,0.1433410545741169,0.7076634517873525,0.3693141877364088,0.083672514619883
1c5eA00,413,0.1143784157363104,0.1346770018291484,0.5086046744785486,0.5425352777150697,0.0849406698564593
1c5eA00,450,0.1167511961722487,0.1371271210407477,0.7433806634577137,0.6809049685942854,0.1165311004784689
1c8jA00,320,0.2454038837992326,0.3264262359822009,0.825726072802548,0.8478942054354731,0.1437687207997284
1c8jA00,348,0.2458498681909534,0.3291018900619437,0.8144777841580707,0.8083209355675709,0.1496074439485291
1c8jA00,379,0.2808992509070028,0.374491939372139,0.7525676082015372,0.7686169384280502,0.1843113564586432
1c8jA00,413,0.2785342312008979,0.3737137147848661,0.7255702822078659,0.7533965897064662,0.1840561167227834
1c8jA00,450,0.2017110255999145,0.2947723440853178,0.719066614230312,0.741129719143107,0.1291406659184437
1ceeB00,320,0.0895300462249614,0.1332214900131233,0.9094278225578358,0.5882691925887996,0.0546918335901386
1ceeB00,348,0.108365617433414,0.1401549300402035,0.9168983104590872,0.7326237214814956,0.0966501577518526
1ceeB00,379,0.0860400616332819,0.1078215505492846,0.9453070443423558,0.7641172359160731,0.0815716486902928
1ceeB00,413,0.139668721109399,0.1760165579923981,0.8702733873670556,0.7186418499028477,0.1391602465331279
1ceeB00,450,0.1186055469953775,0.1592187577860369,0.8855255627180281,0.7315763002850775,0.1176964560862866
1ceuA00,320,0.1250534759358288,0.1722135737666077,0.8059523282884706,0.8569432226806007,0.0194385026737968
1ceuA00,348,0.1355943751237869,0.1728805090742866,0.775394069603801,0.825513172099214,0.0919207763913646
1ceuA00,379,0.1536734006734006,0.1945308198961981,0.4169135870080589,0.6197641183536048,0.0826795405030698
1ceuA00,413,0.1184937611408199,0.151345381715204,0.4697053803623707,0.673747845314971,0.0943582887700534
1ceuA00,450,0.1026999405822935,0.1228356199792292,0.7898104471843932,0.8499226094686845,0.1016858783917607
1chzA00,320,0.0700337752525252,0.1163548401595886,0.9458283943347447,0.6116155118994981,0.046059659090909
1chzA00,348,0.0793737373737373,0.1156555363221144,0.9592358682198736,0.6093771554538812,0.0219438131313131
1chzA00,379,0.1057746212121212,0.1466583339009821,0.9242185691571798,0.5452137605181602,0.0344946338383838
1chzA00,413,0.128920928030303,0.1824123696500019,0.9166563550769228,0.5649816427799504,0.0097050189393939
1chzA00,450,0.1051388888888888,0.141842228200913,0.8802669889374576,0.6065146769352795,0.040091856060606
1cz4A02,320,0.1431372989150767,0.17546497015517,0.850188273672047,0.6551848559462113,0.0877166729018581
1cz4A02,348,0.1461930415263748,0.1787278469390617,0.8144930273175781,0.4138647066388626,0.0800643471754583
1cz4A02,379,0.1467466018206759,0.1842915669575201,0.7542969052344307,0.5395431609935329,0.0830785634118967
1cz4A02,413,0.1245735129068462,0.1563518171478546,0.7588554039599329,0.4501116204714644,0.0941245791245791
1cz4A02,450,0.0926870112055297,0.1135593618181768,0.8541159703308272,0.6863771585040387,0.0885877825877825
1d0bA00,320,0.1692060355103833,0.230325373948892,0.6933665443658829,0.6835381393243127,0.1018122215948303
1d0bA00,348,0.165351686041127,0.2077828682704862,0.7184796748148092,0.7046100132044597,0.0887399550070357
1d0bA00,379,0.1801427316644708,0.2173203765995253,0.65792338086961,0.702700196843252,0.0946047430830039
1d0bA00,413,0.1533333333333333,0.1891963185047763,0.6873853022717067,0.6337037557586478,0.0646859903381642
1d0bA00,450,0.0999165568730786,0.1192593859361531,0.6378325106093098,0.6354437284807866,0.0693763724198506
1d2nA02,320,0.0993489694385216,0.1747181900775574,0.9153373301125776,0.8617924543009977,0.0153049902005124
1d2nA02,348,0.0911289224871314,0.1245366779347859,0.9465763865431246,0.8630466034437879,0.0031648467618616
1d2nA02,379,0.1189810040705562,0.1492611154481708,0.9413334050916524,0.909678085445645,0.0677435549525101
1d2nA02,413,0.0690269862807176,0.0871358379339968,0.9467243567504776,0.937822140221645,0.0077274234886175
1d2nA02,450,0.1917367706919946,0.2182697979557462,0.943252878434536,0.9512751485043835,0.1904206241519674
1dkyB02,320,0.2370344622697564,0.288474008200939,0.8334071281363178,0.7788179657681573,0.2036203208556151
1dkyB02,348,0.2745074272133095,0.3183170748507252,0.8400274544756052,0.8101366790095588,0.240153000594177
1dkyB02,379,0.2005632798573975,0.2453519484320893,0.7925150839198652,0.8188165772267918,0.172562091503268
1dkyB02,413,0.084796642899584,0.1055282065838829,0.8135220300541486,0.8506021379887414,0.0480940285204992
1dkyB02,450,0.165636660724896,0.1854988092194937,0.8284884302968557,0.8229983834212533,0.1651411170528817
1e0bA00,320,0.0923689352541811,0.1514940946012709,0.9035149789495952,0.8791951470160455,0.023278026163272
1e0bA00,348,0.089232735282678,0.154536133345503,0.903092571211741,0.8947619713394454,0.0242521016493566
1e0bA00,379,0.0537304594962674,0.0782601820917156,0.9404925665050906,0.8137413751689923,0.0007422096508747
1e0bA00,413,0.0744851796655075,0.1250879306357851,0.77118236110165,0.72305578663934,0.0524103328365623
1e0bA00,450,0.0918416956449743,0.1236952672527802,0.7591993335093142,0.6490155412747749,0.0756005961251863
1e1gA00,320,0.3523249805749806,0.4410542400801299,0.4561098983656552,0.4659938590964828,0.2064547397047397
1e1gA00,348,0.3791628787878788,0.476189735693465,0.3953793708063111,0.4408798115044714,0.2517699106449105
1e1gA00,379,0.3101356837606838,0.3999761845569083,0.3606191652951128,0.3294140873097542,0.1623474164724165
1e1gA00,413,0.2417693278943279,0.3181436704925656,0.5131657936394485,0.5235736565106568,0.1301314102564102
1e1gA00,450,0.1028389388389388,0.1251985206208268,0.5964381885494949,0.6562082179129561,0.0781172716172716
1e9rA02,320,0.2657008134441763,0.3437459426698534,0.7292556243933139,0.8315580322790387,0.1810178778939841
1e9rA02,348,0.2376552248145168,0.2960350417201196,0.7935672805788496,0.8453178281565636,0.175649325109502
1e9rA02,379,0.2642508975326427,0.3213126008230098,0.7955240674688308,0.8179085299819606,0.2034686773060923
1e9rA02,413,0.1202059533386967,0.1633228650542214,0.8190308157346297,0.8406611568780913,0.0586385983731115
1e9rA02,450,0.0912115848753016,0.1168415278100622,0.7353912366673928,0.8020825701674394,0.0542830070617681
1epwA01,320,0.2096689497716895,0.2841087607508677,0.7570864107052376,0.617570658090633,0.0346357409713573
1epwA01,348,0.2035593498066461,0.2778586265095087,0.7344664272044785,0.5818152879048306,0.0305635664503725
1ex0A03,320,0.0285824029771398,0.0817813683334294,0.831060817095418,0.662049068253638,0.0089564947722842
1ex0A03,348,0.027987240829346,0.0718980778189052,0.8746758741105731,0.5211686126483542,0.027987240829346
1ex0A03,379,0.0314792663476874,0.0691927054791041,0.8872856391724109,0.6391113558829533,0.0314792663476874
1ex0A03,413,0.0409867978025872,0.0728691935964363,0.8883227016225799,0.5773379277453992,0.0409867978025872
1ex0A03,450,0.0620400560520571,0.0833366693616976,0.8967323557258754,0.5359361213237447,0.0620400560520571
1f3vA00,320,0.1847559409648017,0.2851353266042462,0.8071331544462009,0.8510832367570851,0.0844982830109413
1f3vA00,348,0.2085378810180105,0.3000250445365315,0.817924938993009,0.8581118799382391,0.1202808627933738
1f3vA00,379,0.2137156373865234,0.2964026405257615,0.8285278689288044,0.8505789565487473,0.1161567574478966
1f3vA00,413,0.2425902058560286,0.3173453565018288,0.7935382574880725,0.8417272585615181,0.1202576396880193
1f3vA00,450,0.2612900524229638,0.3374622654313686,0.7354496065048441,0.7442672130847159,0.1478802582789925
1fcdA03,320,0.0692462462462462,0.0883816535590494,0.9609063056441408,0.7442713490378108,0.060030849030849
1fcdA03,348,0.0899082719082719,0.1109543693661851,0.9011282083109948,0.6749107818545279,0.0524212394212394
1fcdA03,379,0.0611656526656526,0.0790318509778411,0.9200073541405251,0.8525626227886993,0.0559790374790375
1fcdA03,413,0.1023250458250458,0.1235824346823377,0.7778765438697909,0.802515982414274,0.1016536991536991
1fcdA03,450,0.0846466201931318,0.1059803964084037,0.864489876638772,0.87977147300287,0.0839618656711679
1g7uA00,320,0.1364750828201532,0.2054297338861187,0.8872500211974657,0.8906774490069379,0.0237641708838892
1g7uA00,348,0.1268638141983212,0.1896170649946936,0.8896703250974319,0.8845076878352788,0.02078186797553
1g7uA00,379,0.1281408907993415,0.1827831111705642,0.8986357328261092,0.8866895681793933,0.0297308853118711
1g7uA00,413,0.1338488405178546,0.1796756018120652,0.914308503726012,0.8988776476804824,0.0389705505761844
1g7uA00,450,0.0853038127756437,0.1164938569159569,0.91453298186835,0.8994951910253771,0.0407849622990467
1gqoB00,320,0.1225482093663912,0.182851249979414,0.9043568462006388,0.9258100117690992,0.0046516211061665
1gqoB00,348,0.1155238397965671,0.1745500108773236,0.9023285387618528,0.904442767523485,0.0130781238963057
1gqoB00,379,0.1501972169244896,0.2174653740180462,0.8283763337466359,0.8501796871748042,0.0069947022674295
1gqoB00,413,0.1308842975206611,0.1876384165250238,0.888776395184022,0.894596301499304,0.032409903228085
1gqoB00,450,0.1123210425937698,0.1561292042468349,0.8721068971778776,0.8988770112787988,0.0036272515363424
1gwcA02,320,0.1812960813811877,0.236154053087759,0.863309931024725,0.8259251601563402,0.084776416648757
1gwcA02,348,0.1862306755498244,0.2404328298519533,0.8427563440168531,0.810815640144444,0.0896274804785443
1gwcA02,379,0.2331529479189053,0.2858642170067703,0.7990957824452293,0.8033920178820623,0.1494446593595529
1gwcA02,413,0.2121957160255032,0.2831489024882276,0.6909096794611792,0.7219008695352098,0.1137757719034315
1gwcA02,450,0.1369532184787009,0.1959966854535932,0.5473815910704006,0.7035093487100473,0.0034375105166792
1hf2A02,320,0.0305153421002477,0.0442861284033773,0.3349799369598431,0.2692654365418016,0.0305153421002477
1hf2A02,348,0.0342821612349914,0.0500197664378383,0.3008048711382109,0.2319065908583273,0.0342627215551743
1hf2A02,379,0.0516138745950066,0.0632810212274038,0.173504440110779,0.1472022419528134,0.0516138745950066
1hf2A02,413,0.0900475782079555,0.1048229827351109,0.0405979525803036,0.006238081624023,0.0900475782079555
1hf2A02,450,0.103476748618258,0.1209387776084166,-0.0337631300210953,-0.1410836304701879,0.1034683628740232
1hyoA01,320,0.1839570930544381,0.256617707729143,0.6809377956601418,0.6475877172260208,0.0318137123446857
1hyoA01,348,0.1655126486099937,0.2271333476887104,0.6650382907929541,0.7283719953495369,0.0315650308393671
1hyoA01,379,0.160450522928399,0.2104224651445038,0.6135402204617512,0.7540680380555874,0.0265674443550549
1hyoA01,413,0.0800263698936265,0.1028355741821098,0.8217815273332867,0.8204012228621438,0.0662539554840439
1hyoA01,450,0.130948243496916,0.1639857124066502,0.7980669113643866,0.866408532189771,0.1305497452400107
1ihvA00,320,0.0307692307692307,0.1028815599833876,,,0.0307692307692307
1ihvA00,348,0.0374156954156954,0.0993238999980008,0.0562330945311902,0.4919915705914675,0.0374156954156954
1ihvA00,379,0.0369230769230769,0.0939721726404643,,,0.0369230769230769
1ihvA00,413,0.0351612276612276,0.0677007388341742,-0.0671725430201235,0.1421405341984108,0.035040404040404
1ihvA00,450,0.0579736246138685,0.0735338120163372,0.5977326917850454,0.7105722731298876,0.0569666410824947
1j5sA02,320,0.2193071373071373,0.2922342679185616,0.7259264240133021,0.7720382296656166,0.0847252747252746
1j5sA02,348,0.2074949494949494,0.2650086857929844,0.7510886636641353,0.7909425834516381,0.0642923742923742
1j5sA02,379,0.197026418026418,0.2639748391177289,0.7524946198311795,0.7831730866904184,0.1204256854256854
1j5sA02,413,0.1454595404595404,0.2069197571709743,0.7489646108034738,0.7622058718997364,0.072099789099789
1j5sA02,450,0.0846883116883117,0.1012498925368445,0.8315964924093273,0.797286653828786,0.0437101787101787
1ji3A00,320,0.1814424658960741,0.2661025222462298,0.8411394531598358,0.7755149758896313,0.0758357804852649
1ji3A00,348,0.1886881443298969,0.2725877932231531,0.8107530945637234,0.7838504949263059,0.0717008486931167
1ji3A00,379,0.2007504800329165,0.2871862329679995,0.7901186841653616,0.779361300836524,0.0829803472238096
1ji3A00,413,0.179282807342814,0.2596472770653374,0.7808439173420709,0.743161886906061,0.0722272676337557
1ji3A00,450,0.1125313855408556,0.1723974696936689,0.7150704934136596,0.7564340307339796,0.0016824502517381
1lcsA00,320,0.1169715361212808,0.1805470171821993,0.2825582312104455,0.2618064299546755,0.0436381684112824
1lcsA00,348,0.1201974166754654,0.1830460383095128,0.2049550257209302,0.1471865544595284,0.0506041178333861
1lcsA00,379,0.1264871860980766,0.187410327512049,0.0456921821881696,0.1708222894996077,0.0585165781467539
1lcsA00,413,0.1105670482336752,0.1564398582317302,0.3143949566127827,0.4199699941957141,0.0560015166537474
1lcsA00,450,0.1069115545700911,0.1281819510447156,0.2136794221007922,0.2902287187943078,0.084779896526238
1lf6A02,320,0.2112425734564439,0.2835145505199423,0.8436355446589454,0.8423568867061012,0.0879858690128623
1lf6A02,348,0.2326750154607297,0.3089212453269246,0.8406903623615016,0.8456012236743702,0.1184548031333745
1lf6A02,379,0.2685052566481138,0.3576074415124133,0.7848061710535077,0.825025529561895,0.1544973716759431
1lf6A02,413,0.2897002937538652,0.3928636526064092,0.7050688371073627,0.7272556927635491,0.1805169294990724
1lf6A02,450,0.2777639404246547,0.3881997830646818,0.7083795873289785,0.7775917666187491,0.1887770820449392
1ll8A00,320,0.0997279815700868,0.1892466557757837,0.7718102306905126,0.7891576183902883,0.0544832535885167
1ll8A00,348,0.0755401101299689,0.1528151485541498,0.8247079014689567,0.8475123832658635,0.0270759693641593
1ll8A00,379,0.0617989544568491,0.1254521185611633,0.8850821592831557,0.8574176215094225,0.0395940988835725
1ll8A00,413,0.0635389863547758,0.1064233981681449,0.892766452291748,0.818261858420679,0.0153612440191387
1ll8A00,450,0.0702898281056175,0.1051466665693512,0.84400964111728,0.8322945439398453,0.0358485734538366
1lujB01,320,0.1303709330501783,0.1568029928260933,0.9721287038502404,0.9549981765452962,0.0961479484875711
1lujB01,348,0.0700974776284122,0.1040471886404634,0.962747668884842,0.9652278510339632,0.0092984030741818
1lujB01,379,0.1201419858967029,0.1499101336978345,0.9235680748122116,0.9473815033040738,0.0309988564894225
1lujB01,413,0.0784852296550409,0.111434892712643,0.906068199590271,0.9296745482529056,0.0696733371450352
1lujB01,450,0.1501261128808298,0.1833402887651499,0.9036461567616696,0.9195419265007008,0.149458248250701
1m2dA00,320,0.1239772977297729,0.2774155126172732,0.7813235296782275,0.8768049841644785,0.1103365336533653
1m2dA00,348,0.1345536181525129,0.2907189662290048,0.7609918271686207,0.8508615052357498,0.1163251208841814
1m2dA00,379,0.1337908790879088,0.2796022056692313,0.7398167674370089,0.8538277587678175,0.0963145314531453
1m2dA00,413,0.1279411941194119,0.263413072807721,0.7620684204469754,0.8925154829140419,0.0953145314531453
1m2dA00,450,0.1137484748474847,0.229835023692717,0.8007733027295683,0.9299240707948004,0.0959128912891288
1mtyG02,320,0.070960702919607,0.1231614359502465,0.9628469548064889,0.9119132156975498,0.0268782343987822
1mtyG02,348,0.0816342880863428,0.1221579291930134,0.969355691488506,0.9276664771926656,0.0364329597343294
1mtyG02,379,0.1028226096582261,0.1260704174146555,0.9626845342875088,0.9052087369844368,0.0501263318112634
1mtyG02,413,0.1349832572298326,0.1606029144417292,0.9468119713427664,0.9189068676865636,0.1313059360730593
1mtyG02,450,0.1871627231216272,0.2181363890439213,0.9012378713650534,0.8374312777375957,0.1871627231216272
1o0sA02,320,0.2137304526748971,0.300519587773633,0.6752792690603008,0.663470905169696,0.1417184811073698
1o0sA02,348,0.1885043958099513,0.2701128209771289,0.6326483460353147,0.631510827892374,0.0796931350542461
1o0sA02,379,0.1314019827908716,0.1975590964274377,0.603530718037957,0.626607615240462,0.0459154508043397
1o0sA02,413,0.1305629899337909,0.1564156719605861,0.4822218775864931,0.4520908961546878,0.0538137794830301
1o0sA02,450,0.1149757762813318,0.1378207199447767,0.7014021670902176,0.6809845057215499,0.1110047699214366
1o75A03,320,0.0980708648989899,0.1435625720739469,0.789901418804277,0.4668085417575514,0.0609684343434343
1o75A03,348,0.1222413848854397,0.1721852660060243,0.6985399988147295,0.4750896638096034,0.0748863058943089
1o75A03,379,0.1083263888888889,0.1422746431170153,0.7436048379889006,0.5128291886545512,0.0648263888888888
1o75A03,413,0.1281935763888889,0.1626418298546887,0.5082534340621954,0.7521243742768978,0.0756184501262626
1o75A03,450,0.0962904829545454,0.1146138148892032,0.6626909056482715,0.7573900191989544,0.0948589804292929
1ow4A00,320,0.0699747474747474,0.126017427895731,0.9557638872031432,0.9269863233620028,0.013026430976431
1ow4A00,348,0.0753796296296296,0.1332678009487564,0.9491577421755676,0.9485737579899324,0.0031614478114478
1ow4A00,379,0.0966820707070707,0.1439404742147423,0.9389576738897945,0.9389678984511692,0.0085514309764309
1ow4A00,413,0.1043376262626262,0.1316039202809564,0.9483069230366236,0.950985396342252,0.0256002525252524
1ow4A00,450,0.1011463443963444,0.1298511389012737,0.9315767472636975,0.9467220754536474,0.0541224386724387
1pi2A00,320,0.05876304023845,0.0859897783031938,0.1405533079124117,0.0604630635649917,0.0577347242921013
1pi2A00,348,0.0594396423248882,0.0809841946172701,0.0943756769605104,0.1503760737077065,0.0594396423248882
1pi2A00,379,0.0752730584533863,0.0987457854101588,0.2605126594927513,0.3329099387076796,0.0752730584533863
1pi2A00,413,0.0503070044709389,0.0680229709174339,0.37661960192513,0.3815435542993127,0.0498844179499917
1pi2A00,450,0.0538872329855936,0.067433647720695,0.6340801507126493,0.6989864311609135,0.0538872329855936
1qwzA00,320,0.0702176230388996,0.1320590260667504,0.9359137835628872,0.8769992555195636,0.0129391360412637
1qwzA00,348,0.0766759939823769,0.1471858763856673,0.9020391021142192,0.8454047487218385,0.0194959381044487
1qwzA00,379,0.0679322587577906,0.1192808829094178,0.9145706280817828,0.8665419916741036,0.0233102084676552
1qwzA00,413,0.0669026004728132,0.1051157336566615,0.9211988085543452,0.9102889133287184,0.0392077799269288
1qwzA00,450,0.0640232108317214,0.0887028020604244,0.9284275364333484,0.8952370550292897,0.0591876208897485
1reoA03,320,0.1933560356035603,0.2475237307891321,0.7848744515086631,0.7837444647054571,0.0652936293629363
1reoA03,348,0.183030603060306,0.2488081186386716,0.7846998130528582,0.7885684300713918,0.0843967396739673
1reoA03,379,0.0969479947994799,0.1265498129562161,0.8273499927010582,0.8409972356090234,0.0025679567956795
1reoA03,413,0.0838348462753252,0.1063247199538166,0.7711169743326276,0.8165814738619896,0.0181916773072657
1reoA03,450,0.1093739573957395,0.1380240176023909,0.6281157303398828,0.72467574675738,0.1076887888788879
1s5lB02,320,0.0864088661857179,0.1360858893678476,0.9324294314486348,0.8777347036579992,0.0213715702528715
1s5lB02,348,0.0955747649909499,0.1487449589220669,0.900640974516791,0.8831469766789014,0.0227505692765807
1s5lB02,379,0.0985874350440824,0.1337251871111087,0.8872098226855987,0.8834703302887847,0.0383060080574531
1s5lB02,413,0.0807010052127675,0.1044140139103198,0.9095721499409556,0.8848580651391049,0.0477807799734133
1s5lB02,450,0.1054049746015064,0.1456593329736463,0.805625789437596,0.8157269195603355,0.1025484322998773
1sxrA00,320,0.1075983534769662,0.1605577281523881,0.9289811040205732,0.8162160316602739,0.0153928300344485
1sxrA00,348,0.093918466247946,0.147078949156101,0.9304353490698596,0.753742845450369,0.0105373053407734
1sxrA00,379,0.1086390494540783,0.1554328613741912,0.9119562170460916,0.7846220796359329,0.0107698370993168
1sxrA00,413,0.1391414141414141,0.1928579263768229,0.8369443447495827,0.7637205749014824,0.02064593916039
1sxrA00,450,0.151468908740585,0.2020595607014918,0.7568599136600315,0.7634834198197934,0.0458742336661412
1t4lB00,320,0.0722666345999679,0.1387365839606355,0.938157204756596,0.926792196399965,0.0046559884559884
1t4lB00,348,0.0671423120089786,0.1213214991165982,0.9469423444748232,0.9345185678972115,0.0276386083052749
1t4lB00,379,0.0666047138047138,0.1036975341642879,0.96054443350053,0.9326215087610514,0.0042139169472503
1t4lB00,413,0.0878441077441077,0.1253372300427715,0.9476496164805884,0.9080596680004228,0.0811215488215487
1t4lB00,450,0.1303345679012345,0.1744912658244465,0.9177424233232196,0.9209958754892776,0.1301460157126823
1tg0A00,320,0.0372451790633608,0.154520091906862,0.8605434426389156,0.5608748983997661,0.0372451790633608
1tg0A00,348,0.0412121212121212,0.1711281639147936,,,0.0412121212121212
1tg0A00,379,0.0430027548209366,0.1317638816629734,0.6562366307340292,0.4445627875697927,0.0430027548209366
1tg0A00,413,0.0458357820630547,0.1221820818929321,0.655090032914831,0.4337670961010295,0.0426683501683501
1tg0A00,450,0.0455622895622895,0.0813667021390486,0.6982840168623651,0.6846770494029547,0.043030303030303
1tuaA01,320,0.0678314436885865,0.1348229176217673,0.9562320450626022,0.9411195643870568,0.0456428915000343
1tuaA01,348,0.0833659211159211,0.1497494813131118,0.9412784691869908,0.9242298818922134,0.0404789562289563
1tuaA01,379,0.090783189033189,0.1518276242032414,0.9377857237494488,0.9271424806186916,0.040718734968735
1tuaA01,413,0.0722037037037037,0.1257958672731712,0.9476522314569408,0.936869597265038,0.0383434343434344
1tuaA01,450,0.1462810245310245,0.1922485803124971,0.9345626176499467,0.9001320306468997,0.1410489417989417
1tujA00,320,0.1100856532807752,0.2045272100868755,0.8658416875019835,0.8451864023154908,0.0296453149379978
1tujA00,348,0.1473221647367988,0.2290721394942255,0.8061294029227183,0.775486495636978,0.0311861706495852
1tujA00,379,0.1346968875749363,0.1731621920184833,0.8766266686613896,0.8448182145408157,0.0309999178779667
1tujA00,413,0.158060852426706,0.1852443511200774,0.7742908227689163,0.7213484864260974,0.0130307136404697
1tujA00,450,0.1287011579206701,0.1607589227261408,0.6562283425642365,0.6884524407147301,0.084189701897019
1tyeA00,320,0.0831557034639459,0.1423065295196542,0.4077629012113646,0.2223738361273184,0.0361080121029184
1tyeA00,348,0.0862880128720836,0.1452974227222262,0.3335474569834942,0.2735495315616646,0.0424589255385715
1tyeA00,379,0.0883814009616644,0.1333318125236884,0.3899381217410585,0.2909087009338915,0.0530340137327171
1tyeA00,413,0.1013135559131134,0.1494561869175197,0.1294582732027964,0.1409969301391681,0.0623944533833914
1tyeA00,450,0.0930775198253074,0.1291140249094806,0.1798835983672032,0.2699358064986962,0.0665369753157364
1tyjA00,320,0.0926956030897207,0.1540278337156003,0.4531496993333266,0.2736318870341685,0.0614220439691027
1tyjA00,348,0.1052879976232917,0.1609955205289074,0.4134494579813819,0.2416122925539347,0.0718884729649435
1tyjA00,379,0.0882426619132501,0.1224128511375535,0.3578748501766637,0.4233870431102906,0.0734395721925133
1tyjA00,413,0.1046014854426619,0.1363320337865758,0.1549383062236587,0.499725715250581,0.0889232917409388
1tyjA00,450,0.0852089126559715,0.11149618118092,0.4628003664034141,0.5969441207511322,0.0846238859180035
1u0vB01,320,0.087672968624296,0.145704447056031,0.9418449906293184,0.8989448475446616,0.0025724054706355
1u0vB01,348,0.0988000908446473,0.1508056742479007,0.9392075504303088,0.9115071875479964,0.0055488918823967
1u0vB01,379,0.1165040505902823,0.1736005900521506,0.9273806200157808,0.8861823048180041,0.0460043218769293
1u0vB01,413,0.0966653258246178,0.1478613167464034,0.9189858021301024,0.9001625210428698,0.015144810941271
1u0vB01,450,0.0680507118935808,0.1016394919651969,0.9309498612262332,0.8826885262736294,0.0189447417164025
1uoyA01,320,0.0988538011695906,0.1307017496762038,0.186031546521938,0.1611087802717757,0.0988538011695906
1uoyA01,348,0.0739415204678362,0.1122581418206488,-0.1020759093825448,0.0226929019287489,0.0739415204678362
1uoyA01,379,0.0938486620591883,0.1190958464485136,0.5265011657982218,0.3714501194649248,0.093786283891547
1uoyA01,413,0.0661582491582491,0.0840751694980597,0.3334743286985068,0.2924531503834326,0.0597187666135034
1uoyA01,450,0.0730979975190501,0.0897622300602767,0.4733469491577429,0.4489579110023932,0.0725546695020379
1epwA01,379,0.1832864738001724,0.2519090406258036,0.7579465221697571,0.6275601694603227,0.0228886068269629
1epwA01,413,0.157079701120797,0.2259022168501128,0.7559648387713153,0.5579753012683721,0.0071772519717724
1epwA01,450,0.1394593192195931,0.205221957940253,0.7438004119413287,0.6427603741170271,0.0011093814860938
1eq6A00,320,0.1064884139963504,0.1910723277210201,0.8955452894299072,0.7865151011217746,0.0323737068340243
1eq6A00,348,0.1098303137192026,0.1959120912428673,0.8782324731203905,0.7610341000224657,0.0230796323018545
1eq6A00,379,0.1322307733418844,0.2302110164002417,0.8164142665627627,0.7474799870430406,0.0355437977660199
1eq6A00,413,0.1351965154187376,0.1986736656884083,0.8218332940643849,0.7624140316469938,0.0023105125327347
1eq6A00,450,0.0898643578643578,0.1175755371491373,0.8867281395235093,0.7707206088890255,0.028601998824221
1fgxA00,320,0.0574965834818776,0.1090608465591073,0.9586921400916808,0.8093868326116906,0.0008378639334521
1fgxA00,348,0.0498623366013071,0.0950107809952617,0.9678439986784936,0.8467766056119491,0.0051437537136066
1fgxA00,379,0.0468305109922757,0.0859749654609784,0.9721569189032196,0.8469366286330744,0.0145207219251336
1fgxA00,413,0.0618803475935828,0.0971305641662581,0.966911428049066,0.8007419444398026,0.0033343731431966
1fgxA00,450,0.0558511215092097,0.077933944264526,0.9701885109443462,0.8831506211252718,0.0233029188948306
1fohA03,320,0.1068774139204761,0.1499410465481458,0.9081144602206248,0.7499822342585427,0.0411536831058362
1fohA03,348,0.0963062302113153,0.1410109946896151,0.9152195504818758,0.7643122943508537,0.0238129125427445
1fohA03,379,0.0814444255838817,0.1183162897901643,0.9355649235071398,0.7339966509557053,0.0280339973430182
1fohA03,413,0.0931274467159634,0.1380585975637294,0.8692144589581458,0.7629537470589484,0.0209264897781644
1fohA03,450,0.0752642073503317,0.1005700597402317,0.7836529638855425,0.7742720267581584,0.0441164205279037
1ft9A02,320,0.1063944508374888,0.1718829614949702,0.941405291218073,0.9337068827030968,0.062512082853855
1ft9A02,348,0.1176221710778672,0.1614200584683165,0.9497816789050753,0.9016259764349156,0.0562919064058303
1ft9A02,379,0.1885138729062779,0.2485339783813399,0.888006775084374,0.8906227784106068,0.1064473852448536
1ft9A02,413,0.1269748114051911,0.159081460645749,0.8826753725218601,0.899451878817054,0.0404521160976857
1ft9A02,450,0.1457446618079529,0.1810741318035285,0.8550126961337094,0.849676617126373,0.1402778417082214
1fwxA01,320,0.0876542729219388,0.1624286320381294,0.8070689744207036,0.6057035924929521,0.003535137239634
1fwxA01,348,0.0843799883200311,0.141976013783743,0.8293252878598796,0.6374174186668243,0.0116877554993186
1fwxA01,379,0.0785419505547985,0.1335400950231105,0.7946055106268138,0.5960620085635971,0.0245201479462721
1fwxA01,413,0.0920207533105115,0.1477095956627672,0.6926012930893511,0.5341291926187526,0.0364215376726475
1fwxA01,450,0.0883592360032776,0.1341644611509669,0.6538915591466292,0.4206685355271747,0.0416399038439773
1gcyA02,320,0.1256903750043994,0.1491854501815431,0.1032365344141694,0.3619311271135934,0.0909687423010593
1gcyA02,348,0.0999330808080808,0.1177485818980317,0.3747582808002213,0.5633508875734426,0.0966780303030303
1gcyA02,379,0.0924085078358334,0.1117506809961418,0.4586146000130968,0.5573702640177299,0.0906147815362931
1gcyA02,413,0.104066378066378,0.1188213771131806,0.478843230562754,0.4323190994085766,0.1038398268398268
1gcyA02,450,0.1199704184704184,0.1370848978751615,0.5187033378329434,0.4888804067021418,0.1192691197691197
1gntA02,320,0.1360917508417508,0.1724202155655995,0.924295690045294,0.7862562143243562,0.0916376863876864
1gntA02,348,0.1731325156325156,0.2064805931267824,0.9266199715640184,0.8990971288794071,0.1319963924963925
1gntA02,379,0.081137789040228,0.1105929213251777,0.9312915520113976,0.939034924362457,0.0212235244430367
1gntA02,413,0.0976517556517556,0.1197995994932876,0.9403132880797694,0.9503423761732877,0.0886560846560846
1gntA02,450,0.2274846023915791,0.2495566740472697,0.8677689837391288,0.9171076611874504,0.227484602391579
1gwyA00,320,0.0364184126984127,0.1090997175669949,0.9216554213166852,0.6985983036801586,0.0148271861471861
1gwyA00,348,0.035139163059163,0.1019958048007261,0.9306874835826616,0.7014095523702731,0.0101446464646464
1gwyA00,379,0.0357473593073593,0.0845304806881914,0.9426646296176628,0.6335342661176593,0.0221456277056276
1gwyA00,413,0.0497321212121212,0.0897328617495545,0.9212733312808776,0.727247928192875,0.0341993073593073
1gwyA00,450,0.0587526118326118,0.089966780552843,0.902829491120624,0.7338408403692956,0.0553822222222222
1gxmB00,320,0.1721538882803943,0.2319636813722628,0.880254277754396,0.8355687200026777,0.0165965680905439
1gxmB00,348,0.1691595603191988,0.2303707454613086,0.8842105880399579,0.8221278261704161,0.0329220127262295
1gxmB00,379,0.1995587805768529,0.2632818088464037,0.8659186265772095,0.8014764149056005,0.0581855299987829
1gxmB00,413,0.2184994849819295,0.2864489647719858,0.8443477540885655,0.7812641800303171,0.0827117120688457
1gxmB00,450,0.1992674054287651,0.2709584599710247,0.8661584875048282,0.7719260916288313,0.0903949434100036
1h7zA00,320,0.038653741850503,0.0935968744909581,0.764364921453387,0.4988090260005233,0.0369262145379276
1h7zA00,348,0.0380605002908667,0.0867154401839549,0.7209296158977617,0.5558734898550981,0.0376985562430588
1h7zA00,379,0.0496416558129695,0.100295285693885,0.7318520610223103,0.6566293322180274,0.0495931689966756
1h7zA00,413,0.0656066158971918,0.1040886007966386,0.5791666468331051,0.5956729154509078,0.0654914326511185
1h7zA00,450,0.0673048245232587,0.0874602579419549,0.6625025495875619,0.6540940602777063,0.0671447720670903
1hn0A04,320,0.014609041231992,0.0455759249640789,0.9392670766566312,0.734487279823279,0.0142155986090412
1hn0A04,348,0.0191985428051001,0.0577899436951028,0.7570009190776225,0.7098533413702667,0.0191985428051001
1hn0A04,379,0.0199552906110283,0.0561587364987631,0.9310376593120412,0.694189311997951,0.0199552906110283
1hn0A04,413,0.0184384003974167,0.0383863522568607,0.8960317873469478,0.6194825002811856,0.0183269581056466
1hn0A04,450,0.0226001821493624,0.0412889674818345,0.6802429014325831,0.5351488752537518,0.0222830766683225
1i2nA00,320,0.1753495397008055,0.2339216809853772,0.8988135263122307,0.8979113396751525,0.0927200805523589
1i2nA00,348,0.1864427009061981,0.2405827757659227,0.9054289212748308,0.9093098364992728,0.1115838427591445
1i2nA00,379,0.2048957636417159,0.2672363480297359,0.8936982602656508,0.9052433404323224,0.1425444911285358
1i2nA00,413,0.1940841183397115,0.2615047695892394,0.8367054748088125,0.8679763973941012,0.111175937324377
1i2nA00,450,0.1117520138089758,0.1498430631061776,0.839651796385351,0.8450240405290759,0.0201438434982738
1igqB00,320,0.0396430976430976,0.0754090793698021,0.3980791881957637,0.3947861075369894,0.0372355130249867
1igqB00,348,0.0374855573276625,0.0693401037347684,0.4065955708606558,0.5093371359794727,0.0364304447988658
1igqB00,379,0.062572213361687,0.0900258582582302,0.6444837135174432,0.6189622209297413,0.062572213361687
1igqB00,413,0.0596304208960267,0.0805136951543606,0.6730843271376303,0.4914903986682385,0.0590415620917457
1igqB00,450,0.0555863356915988,0.0721925990579972,0.704565548220438,0.6396778820224738,0.0549925162556741
1inlC02,320,0.1824614898989899,0.2380708531065226,0.3656173446172044,0.2372580536474055,0.1824614898989899
1inlC02,348,0.181544981060606,0.2419688402317226,0.3683347185017561,0.4469539922238683,0.181544981060606
1inlC02,379,0.1675757575757576,0.199227502001659,0.1664797438374066,0.232136536665087,0.1675047348484848
1inlC02,413,0.1371819309163059,0.1645617963102862,0.6986184316503576,0.6471085171290178,0.1368007981601731
1inlC02,450,0.1360535037878787,0.1562516700298467,0.5713294099969694,0.5764260052214779,0.1317943497474747
1j0tA00,320,0.1793021238021238,0.2444056489572348,0.8222197337003799,0.8448736321732665,0.0047975912975913
1j0tA00,348,0.1617521367521367,0.2166086231523161,0.8345308651042546,0.859854595316171,0.0240398860398861
1j0tA00,379,0.1204557109557109,0.1621750623421341,0.8786873147354372,0.8583664691298075,0.0100462315462315
1j0tA00,413,0.1576148666148666,0.1996417388153282,0.8075089756611513,0.8012454043070781,0.0033281533281533
1j0tA00,450,0.1117605542605542,0.1644710368441987,0.7852497110099884,0.8079942805852304,0.0274225589225589
1jbiA00,320,0.033820404040404,0.0675049344559375,0.970273487641339,0.6174242368755857,0.0171842424242424
1jbiA00,348,0.0410956565656565,0.0711258904737516,0.9690602973418576,0.7393457490302362,0.0225639393939394
1jbiA00,379,0.0727155555555555,0.1031563598034616,0.944004338053584,0.6448525379798852,0.0387866666666666
1jbiA00,413,0.0887926403570589,0.1216726940511386,0.9337819098147828,0.6193661078856056,0.0408079516091143
1jbiA00,450,0.0726259595959596,0.0904939486505767,0.8940589284174815,0.776698046640977,0.0667481818181818
1jl5A00,320,0.1201828183674813,0.1840866234163524,0.7434173910202952,0.4251010173397146,0.0412736196539477
1jl5A00,348,0.1324430444149921,0.2034629819682933,0.5833502478812734,0.3692417818958633,0.0417109602205988
1jl5A00,379,0.145543394282771,0.2197870931805423,0.336383726719388,0.3202600311178368,0.0485822817409219
1jl5A00,413,0.1420375153756799,0.2207140573429992,0.3276049266751658,0.2750272601185164,0.0433088263604107
1jl5A00,450,0.1140226628895184,0.1445059850841556,0.3614015315779081,0.3159047153858975,0.0732165851146021
1jqpA01,320,0.0668818668411691,0.1127280709569014,0.7498692960623481,0.3993105267069567,0.0351311201718178
1jqpA01,348,0.0769076301054463,0.1304649412655337,0.6236812082478936,0.4069660350086849,0.0390663958685796
1jqpA01,379,0.1036639302431985,0.1651511950245464,0.350041886114249,0.3293601565537122,0.0634931105479885
1jqpA01,413,0.1301640864217084,0.1769866898893733,0.1006464957030028,-0.1350537772300376,0.0873749230105937
1jqpA01,450,0.1205318299271787,0.1609810873386632,0.1725806672334225,0.2375913191438769,0.0833159711735293
1jw3A00,320,0.0649706282090003,0.1203947772500242,0.9691976749184672,0.7790851483290094,0.0224834642102083
1jw3A00,348,0.0766980519480519,0.1370685078130588,0.960221299752046,0.7669819426385303,0.0269446608946608
1jw3A00,379,0.0861962481962482,0.1486443051736281,0.9539113611450736,0.7862526853876164,0.0308756132756132
1jw3A00,413,0.1103712121212121,0.1593617108112253,0.9461563745174272,0.7766270730503856,0.0116136363636363
1jw3A00,450,0.1184696377927234,0.1637843509038731,0.9212831754690196,0.8069393595793758,0.0001848238482384
1k32A01,320,0.0311430481283422,0.0729591057598142,0.1745817149847703,0.2610952085115923,0.0311430481283422
1k32A01,348,0.0284856925246593,0.0889093234964124,0.1419854626871987,0.3918133554581899,0.0284790080326807
1k32A01,379,0.0401686295730413,0.0917831530878101,0.2653217708727753,0.5284033498488824,0.0401686295730413
1k32A01,413,0.0438222079112502,0.0807099725970831,0.2007196990503087,0.4352298070211812,0.0431471974044606
1k32A01,450,0.0481872029114676,0.0828526371765085,0.4122324926268839,0.5253161517894959,0.0481672237076648
1k70A02,320,0.1942513736715691,0.2640998577272601,0.8652634783489441,0.8756582022799426,0.0831357878458854
1k70A02,348,0.1621596702248168,0.222294141167517,0.8926206443744084,0.9011646801881892,0.0639789425196591
1k70A02,379,0.1604438193004968,0.2238737443927662,0.8958960267457111,0.9042376374968188,0.0831930707728753
1k70A02,413,0.1368410160234264,0.1915781639096304,0.9220655455148196,0.9161143542235602,0.0635491396045141
1k70A02,450,0.1195203622025154,0.1739550181174354,0.8638073191834895,0.8460940423914325,0.0286204666240668
1k8iB01,320,0.1286485736485736,0.2048318310596788,0.8283724618685133,0.8461521446528227,0.0276500166500165
1k8iB01,348,0.1155988455988456,0.1784241737969527,0.806704240027327,0.8239082915237885,0.0082664002664003
1k8iB01,379,0.1264283494283494,0.1734653270847336,0.7810842756592825,0.7931277144827507,0.0119590409590409
1k8iB01,413,0.0771214341214341,0.1052362162670564,0.8292371727719042,0.7451134742768876,0.0617623487623487
1k8iB01,450,0.1132167832167832,0.1349791017706536,0.8458732849733516,0.8062650610955425,0.1099500499500499
1k8kD01,320,0.1745713999025257,0.2490539614134511,0.7427407501122456,0.8245902030618851,0.0730376136005275
1k8kD01,348,0.1576610475617098,0.2099787415841087,0.7663675231634312,0.7360221429557532,0.0454154124021673
1k8kD01,379,0.1151416243800349,0.1689148075100973,0.8197557753794911,0.7818922533694055,0.0195649493993864
1k8kD01,413,0.1010174593618302,0.128804470605514,0.697428638046133,0.776434113045248,0.0428296207104154
1k8kD01,450,0.0699366450583145,0.0857948066224178,0.7691013794874786,0.756872712198233,0.056179171975414
1kplA00,320,0.3840137420718816,0.4443358439361147,0.6739093963904563,0.6772697516440469,0.3143224101479914
1kplA00,348,0.3734566596194503,0.436045472892606,0.653718518066105,0.6272039489290966,0.3074376321353065
1kplA00,379,0.3749767441860465,0.4377625930044068,0.6446006458904632,0.6419382048908775,0.3095644820295983
1kplA00,413,0.3175369475485755,0.386354214865548,0.6803063561289342,0.6913101180563034,0.2587787057903336
1kplA00,450,0.2326331923890063,0.3189705604466877,0.5468635337659604,0.5752814816301892,0.1731363636363636
1l3gA00,320,0.0950851605485751,0.1494587297511223,0.8792696647670474,0.8896848439460773,0.0041929867783526
1l3gA00,348,0.0912379896526238,0.1367754744236569,0.9018214735720887,0.8344259724597357,0.0137952697708795
1l3gA00,379,0.0889373408885604,0.1213367365506498,0.9215526659945622,0.846584698188258,0.017110125646711
1l3gA00,413,0.0991835427445183,0.1421347833795508,0.8737908781185657,0.8708830539948686,0.0087632421778763
1l3gA00,450,0.0895912786400591,0.1152685942230846,0.8105043274833894,0.7810656807951046,0.0804681777120801
1lkoA01,320,0.1896330895158481,0.2348560872542446,0.8695240893298871,0.8171288290193678,0.1109671194705678
1lkoA01,348,0.3137327954768211,0.3672557549855304,0.7856260989052616,0.7904957743090117,0.2608696362178319
1lkoA01,379,0.3496289097875305,0.4102556507542898,0.6626403572730151,0.7220909127370039,0.2893495646116337
1lkoA01,413,0.2300171368861024,0.2890409938722826,0.7386089859669402,0.7240002442823491,0.1819655869035178
1lkoA01,450,0.0847223267154301,0.1095211546727088,0.7171781035834564,0.6391625308319421,0.0173180773249738
1oygA01,320,0.1011739371729216,0.2055412897676889,0.4684281223657744,0.5346529349928947,0.0070560954698605
1oygA01,348,0.1011206535400083,0.2005750245684485,0.3873393298744944,0.5163592675347589,0.0071910347716799
1oygA01,379,0.0823806032677,0.1462728555701639,0.3676794805034932,0.5827591551666511,0.0183671973188102
1oygA01,413,0.0697488820257012,0.1109285374633387,0.3181994642092164,0.5068129846773133,0.0443487982385206
1oygA01,450,0.0670601173020527,0.0868823446818749,0.3561093437950895,0.4819320883986701,0.0627387934645999
1pe4A00,320,0.0657333031810643,0.107161884843035,0.9235134268435278,0.6396877802830875,0.0211097542590079
1pe4A00,348,0.0503348409467812,0.0759609381747872,0.9513181987272464,0.5655149212248973,0.0386502336800844
1pe4A00,379,0.0710544248454696,0.0934533794422143,0.853701230169803,0.6721885449651008,0.0592166440524649
1pe4A00,413,0.0749507010402532,0.090343899318948,0.9087440333535716,0.6441144292817274,0.0722608171264887
1pe4A00,450,0.0721527212422734,0.094827952310598,0.665515144509989,0.5770368464530565,0.0707162671491029
1pjqA03,320,0.1353177933177933,0.1900392735404654,0.8722461418033665,0.7460896322855805,0.0636636252636252
1pjqA03,348,0.1647863247863247,0.2138834218415524,0.8566946757353665,0.7082158403026649,0.1075282051282051
1pjqA03,379,0.1428001554001554,0.1978991237602514,0.8786456550043574,0.8659501002766444,0.1118
1pjqA03,413,0.0739558663558663,0.0894705225714297,0.837972599180501,0.8350553482631324,0.0615496503496503
1pjqA03,450,0.1611602175602175,0.1803814824610242,0.8316722812812993,0.7908647983032981,0.1611602175602175
1q2zA00,320,0.2771872895622895,0.3509015666504986,0.673287846266941,0.6903970534482148,0.1799822390572391
1q2zA00,348,0.2765487373737373,0.3412390045349423,0.7412862907631073,0.757221599710207,0.1991036195286195
1q2zA00,379,0.2984583333333333,0.3611364947460524,0.7000422120820189,0.7126991251420728,0.2271931818181819
1q2zA00,413,0.2213362794612794,0.2877526671645167,0.6729169486385568,0.6544136474923217,0.1683559764309763
1q2zA00,450,0.1145340909090909,0.137628458651741,0.7965167265290168,0.7711498561096509,0.112465909090909
1ryuA00,320,0.1078457501847745,0.147092778101523,0.927627589580618,0.9214905765117188,0.0244000082122032
1ryuA00,348,0.1266896464646464,0.1591538725199018,0.8870809183624403,0.8856928416194778,0.0236618686868687
1ryuA00,379,0.1073798821548821,0.1360015884234519,0.8855978883884504,0.9017462139254424,0.0531776936026935
1ryuA00,413,0.1089434589800443,0.1371514465931466,0.9111900535635102,0.9357704393305146,0.1020668883961566
1ryuA00,450,0.2042496392496392,0.2463590144558812,0.8106020314773251,0.8146825838768341,0.2021323953823953
1rzuA02,320,0.1523593349765598,0.2155878056635651,0.9093770048216548,0.8760574877241778,0.0652962640761684
1rzuA02,348,0.1458139287612971,0.2237455325083233,0.8870225695493672,0.8822847013203999,0.0815957662751921
1rzuA02,379,0.1703274853801169,0.2352274149292856,0.8982578941988123,0.919044424710211,0.1007657435600019
1rzuA02,413,0.1550533082016335,0.217800959153942,0.8542249399726581,0.8616561070020669,0.0694119182253153
1rzuA02,450,0.0848469866125368,0.1108064325226038,0.8605063323987531,0.8906696430929242,0.0193767821758252
1sxjE02,320,0.0714652777777777,0.1000926576900463,0.9826459905629984,0.9539713980938288,0.0354652777777777
1sxjE02,348,0.084672619047619,0.1108131255056392,0.9739254358286022,0.9512967150890296,0.0191349206349207
1sxjE02,379,0.0851944040697674,0.1131298355460313,0.9590520876725735,0.937916305502976,0.0198987513213531
1sxjE02,413,0.2299972508515386,0.2871449441263196,0.9194911723891408,0.9449238195574046,0.2253959544573643
1sxjE02,450,0.1681479752886003,0.2017746124841356,0.8194290854517527,0.8300916315231048,0.1673124774531024
1tezA01,320,0.0535766256313131,0.091245061232221,0.9780004245485884,0.9628143113571656,0.0070545296717172
1tezA01,348,0.0580298249034462,0.1096410731431838,0.9659971554407358,0.9667042139319448,0.0139023832070707
1tezA01,379,0.058292692550505,0.0935107519994211,0.973947661126718,0.9628993875519064,0.0095540561868686
1tezA01,413,0.0457885101010101,0.0737131158317876,0.9792178327603266,0.965342285766468,0.0107487373737373
1tezA01,450,0.0606174242424242,0.0869723322038253,0.9729264127034124,0.9467486125541726,0.0511696654040403
1u0bB02,320,0.1915038202538202,0.2465321797178234,0.8694735715627776,0.8507565188840798,0.1252238409738409
1u0bB02,348,0.1893212250712251,0.2413715824694447,0.8648958087444435,0.8678798455990602,0.1122804325304326
1u0bB02,379,0.194511396011396,0.2595468088728725,0.8200007847444427,0.8556246782378213,0.1166081326081326
1u0bB02,413,0.1934429709856538,0.2705160429108684,0.7918946796513381,0.833298555447546,0.1038648824075653
1u0bB02,450,0.1399405594405594,0.1802742218766718,0.7573087906330892,0.8209992040038318,0.0289740999740999
1a0hA01,320,0.0711908211986602,0.1076953895897959,0.7960658643538945,0.3616337859597775,0.0678882105613226
1a0hA01,348,0.0628998923186372,0.0854272221924034,0.7865255190851873,0.5313374228603986,0.0625227639508264
1a0hA01,379,0.0703653387810691,0.0915361540237346,0.6596269970810774,0.7049330307481484,0.0597926455566905
1a0hA01,413,0.0645295653160821,0.0859666208484544,0.48588049238287,0.6006635102706417,0.0569274770173646
1a0hA01,450,0.0775024401316536,0.1015591997765223,0.6239711407236648,0.6820351126939771,0.0771796617864033
1a2nA02,320,0.117606012043512,0.1859805185132156,0.8987399950908452,0.8701931560740551,0.0039673174048174
1a2nA02,348,0.1061217948717948,0.1814700888917872,0.8935144686361716,0.8667069498891549,0.0017200854700855
1a2nA02,379,0.1350613622488622,0.2008320460761228,0.8841283753344846,0.8598461752900931,0.0176537975912975
1a2nA02,413,0.1500971042846043,0.2182793420224829,0.8474798316453869,0.85491668129296,0.0241744852369852
1a2nA02,450,0.1543504759129759,0.2208782901348676,0.814523281809665,0.805000555628846,0.044525301087801
1a39A00,320,0.1147483563817728,0.1982319536354783,0.6795014627223482,0.5186762326195453,0.0086159600997506
1a39A00,348,0.1200906823849467,0.2138161984209777,0.4838256702265861,0.4403714876945028,0.0024937655860349
1a39A00,379,0.109438006463756,0.1903905939011482,0.5629255125640048,0.3761550923250731,0.0051086606949855
1a39A00,413,0.099835638177284,0.1622019313067859,0.5584196515306845,0.515820817927244,0.0228757651326229
1a39A00,450,0.073888091837446,0.1089072392740418,0.4217382579714941,0.4899975544054722,0.0449665555206105
1a3dA00,320,0.2050183709847576,0.2498607934153558,0.8691462510760739,0.84249944028106,0.0500942195059841
1a3dA00,348,0.2161793565911213,0.2798296267760503,0.8688841680925133,0.830615853072588,0.1071200237670825
1a3dA00,379,0.2283218742042271,0.2984280188902244,0.777970190999089,0.7837023902135354,0.0908627450980392
1a3dA00,413,0.1830893812070282,0.2393997651521701,0.7524429754192857,0.772709590492273,0.0684030218147865
1a3dA00,450,0.0942340208810797,0.1156919531391457,0.8143215936592861,0.7510280022068643,0.0023126220185043
1aocA00,320,0.1060499278499278,0.1575841842846161,0.8363474625954608,0.6208867690916419,0.007702453102453
1aocA00,348,0.1074831168831168,0.1717277127313841,0.8002486614718245,0.6445701913458192,0.0050935064935065
1aocA00,379,0.1077792207792208,0.1643274404174301,0.8172651667561927,0.673970657747065,0.0063298701298701
1aocA00,413,0.1118675324675324,0.1555972118190296,0.5021600972165917,0.6715601407845648,0.0296701298701298
1aocA00,450,0.098025974025974,0.12117631830545,0.48153544067598,0.5635017579994477,0.0581142857142857
1b06A01,320,0.2377627016432986,0.3109225696166706,0.6946342471894325,0.5202903894898696,0.1747532036785767
1b06A01,348,0.1401326699834162,0.1756160215726387,0.8945490463607232,0.6850224901821713,0.1014385647519975
1b06A01,379,0.0807088798432082,0.1011881212831539,0.9449180611646228,0.7343559875956213,0.028960952811699
1b06A01,413,0.0915694807558659,0.1105488958531877,0.9021043925716812,0.7501215205554207,0.0789792169970546
1b06A01,450,0.1281103573043871,0.1490369151490875,0.6572520448045146,0.651295996209927,0.1275196743554952
1b1yA00,320,0.172917399577167,0.2477934212456248,0.9075058915186118,0.8383945203770268,0.0791434038054968
1b1yA00,348,0.1576820084566596,0.2326118421806779,0.902278845503244,0.845355759324369,0.0738658562367864
1b1yA00,379,0.1915554545454545,0.2815270453663862,0.8653496620736403,0.8139374987813064,0.1037645454545454
1b1yA00,413,0.1854137662337662,0.2759936058108138,0.8548138360287268,0.8060188002995229,0.1086866666666666
1b1yA00,450,0.1398890909090909,0.2329319377056435,0.770854797901981,0.8091181449769309,0.0744072727272727
1b2rA02,320,0.1385669267525555,0.2124108575278214,0.891781914476203,0.8429881083781486,0.0334982761749229
1b2rA02,348,0.1188913687775963,0.1791804865160605,0.930447707822121,0.8840240776746454,0.0421255065626322
1b2rA02,379,0.1524957006353747,0.2111080394110473,0.9072023744610644,0.8972124221817919,0.062213662878612
1b2rA02,413,0.1617306598923365,0.2163678616055094,0.8732047548078063,0.8643121256426312,0.0670817758422548
1b2rA02,450,0.0973438577390673,0.1226157951150303,0.8882291587540444,0.8724062991579487,0.0104028307022318
1b5fB00,320,0.0884139092070126,0.1169827595406217,0.8057494572725793,0.6459675750061922,0.0737170556136073
1b5fB00,348,0.0857311704897911,0.1074591107584551,0.6778482623599204,0.6788420756637485,0.0569307525169593
1b5fB00,379,0.0818902821316614,0.0933739922573881,0.7120978364750004,0.7259253731463543,0.0471820503889469
1b5fB00,413,0.0673945199117613,0.0882148936413704,0.6582894765608892,0.6373325976448376,0.0635096946476256
1b5fB00,450,0.0872541507024265,0.1063019786912285,0.6902826599202069,0.6546787908548042,0.0864316730523627
1bagA01,320,0.1798925858003667,0.2410710030740203,0.8718170939603129,0.7625786332825126,0.0408671731726486
1bagA01,348,0.1937499582881603,0.2680869394321951,0.8381206273836651,0.7464501229996582,0.0628914356185741
1bagA01,379,0.1947109321212933,0.2793654963576266,0.7689903770224332,0.74166002805087,0.065041521711316
1bagA01,413,0.1650746659680377,0.2535257960614326,0.7663047165670311,0.7194155308901499,0.0500550170290804
1bagA01,450,0.1116091682268669,0.1720461856952142,0.6231430144471157,0.6702058417453065,0.007637271002
1bo7A00,320,0.1977613937431423,0.2909857212717292,0.8174899801730664,0.8052415242474563,0.1074708298766291
1mabB01,320,0.024882800608828,0.0752625889634427,0.91307853136881,0.4644090651874688,0.024882800608828
1mabB01,348,0.0209984779299847,0.0693456453963073,0.88378685792072,0.522303672700532,0.0209984779299847
1mabB01,379,0.0291163691711636,0.0512095126391779,0.6138989554462068,0.3371444550713037,0.0291163691711636
1mabB01,413,0.0381093123010931,0.0610262948634229,0.6471609414053179,0.4656749264580621,0.038084405700844
1mabB01,450,0.0314459665144596,0.0468067188858586,0.7885194900881595,0.6399782369804845,0.0269893455098934
1pqwA00,320,0.0951189253976139,0.195076935598618,0.8811116270507507,0.8913368862870059,0.0222707086477578
1pqwA00,348,0.1027508417508417,0.1904265517989225,0.8770580396737185,0.9060547067167168,0.0116026384059171
1pqwA00,379,0.1141227024341778,0.205881705185951,0.8392350142615168,0.9022057671592826,0.0065447369873599
1pqwA00,413,0.1225696307335651,0.2045540806084747,0.8143878031837004,0.8917835255455123,0.005150742396644
1pqwA00,450,0.089059978357729,0.1419091373460274,0.8817431761377731,0.9204896810290656,0.0375520845768654
1q5zA00,320,0.2508904214559387,0.3187501838328671,0.7923596424618684,0.7946606917011281,0.1287693486590038
1q5zA00,348,0.2509692093347266,0.3129129031744014,0.800829294164935,0.8231015638525676,0.1222633925461511
1q5zA00,379,0.2896159526297457,0.3649180418663729,0.769080662425164,0.8107155725527635,0.2026947405085336
1q5zA00,413,0.2543215206249689,0.3412368315494292,0.7640896291067097,0.7832369895107729,0.1917974623078071
1q5zA00,450,0.1173437826541274,0.1477794189953177,0.821446557978366,0.8286411824432927,0.0275877394636015
1rzmA01,320,0.0609785353535353,0.1353091604196857,0.9329783757848048,0.8563824965988315,0.0203888888888889
1rzmA01,348,0.0491011363636363,0.1163857126323427,0.9512428696705124,0.9220490352428212,0.0234887626262626
1rzmA01,379,0.0360018939393939,0.0807761665593387,0.9765163450728382,0.9592405810316504,0.0155359848484848
1rzmA01,413,0.0456292929292929,0.0916057866816052,0.973037299115846,0.9075527088183328,0.0374434343434344
1rzmA01,450,0.0462999735729386,0.0907918844491974,0.9685266522412904,0.9315129351140004,0.0253626996711298
1s5lH00,320,0.1693996569468268,0.2251717815407726,0.6424597460327145,0.6959453482342399,0.0091595197255575
1s5lH00,348,0.1672561463693538,0.2023830032281965,0.6790066684721393,0.7480626508699005,0.077415039886738
1s5lH00,379,0.1549380598437202,0.1793751759752802,0.6717038034439425,0.7715232423164644,0.1204272917857824
1s5lH00,413,0.1397993316224997,0.1688230104642562,0.8402705441144291,0.7841664297718653,0.1365200535411154
1s5lH00,450,0.1268166571374118,0.1530370678025583,0.8616961599230472,0.8672974877118343,0.1247602439489231
1st0A02,320,0.1487138928552541,0.2293080884435572,0.7975485581199185,0.8019235344839787,0.0137645036754984
1st0A02,348,0.1396815801999048,0.2116771861686413,0.8291536325424111,0.820888054607758,0.0074415886614839
1st0A02,379,0.1428045891768039,0.2310201340945846,0.7532511592047824,0.7921231904209417,0.0129623213752033
1uapA00,320,0.0892940858971393,0.1878531501153675,0.9025890472189124,0.6382347060872419,0.0357339039247436
1uapA00,348,0.0698663736602667,0.1371115770097635,0.9147236516531488,0.6329661368741989,0.0126412984809931
1uapA00,379,0.0772296244891664,0.1540366885000044,0.811142486862052,0.6715700160507836,0.0072627804765209
1uapA00,413,0.071512529878942,0.1327946167353303,0.6692700219626314,0.6630865947268587,0.0005432955509291
1uapA00,450,0.0567096923432801,0.0814850816548913,0.6139962632072098,0.7636519229070655,0.0512499036163158
1um8A02,320,0.1189262052314078,0.1774154858424635,0.9066109371107794,0.8837153674334439,0.0101747394830588
1um8A02,348,0.1469646985317088,0.2132924248365698,0.8525539502359942,0.8477368167718505,0.030953660314485
1um8A02,379,0.097381859835468,0.1371349501315689,0.9248359497990096,0.9274509093794276,0.0004947858556105
1um8A02,413,0.1069253358325523,0.1427863970273237,0.9277240564218768,0.9252503780146292,0.0401210038529626
1um8A02,450,0.1103769655316047,0.1418198753745686,0.905811215581564,0.877576184236218,0.1009786525044257
1a7gE00,320,0.1039450603596945,0.1789277302070253,0.8865577334357104,0.8764585263903764,0.0402966247844297
1a7gE00,348,0.1021820104675547,0.1753386333335819,0.9010090559209628,0.8943988131582072,0.0871366370426453
1a7gE00,379,0.131420300566642,0.2205394516680908,0.7905653009525712,0.8672126284390796,0.0984666173934466
1a7gE00,413,0.1266081199319996,0.1693133393823604,0.8724835054365865,0.8597768244948614,0.1236575322956492
1a7gE00,450,0.1299522049765952,0.1863628586663579,0.8673869101127272,0.7732773836248413,0.1274910076373491
1ak2A00,320,0.1204943782433211,0.1829348733713507,0.9259807772809658,0.898947819732616,0.0446377570632327
1ak2A00,348,0.1536776859504132,0.2150042807045064,0.914500923656197,0.9011524695933754,0.0785123966942148
1ak2A00,379,0.1433719008264463,0.2034810782631138,0.9207667265103264,0.921655510732409,0.0773388429752066
1ak2A00,413,0.1487520661157025,0.2119312673944425,0.8715775243542621,0.883317444334519,0.0712572084481174
1ak2A00,450,0.1336859504132231,0.2082108049400032,0.7131545993266639,0.8537646251701627,0.0352685950413223
1bf6A00,320,0.1652773785969662,0.2311976754257944,0.8623105042237815,0.8611953971768804,0.0105112985525356
1bf6A00,348,0.1646121124939154,0.2176958471076629,0.8847667835123398,0.867125999418303,0.007256852873012
1bf6A00,379,0.1577086047805182,0.2190171082681292,0.8652077126589647,0.8607747232683522,0.0143381641407791
1bf6A00,413,0.1746188691034051,0.2243289403719424,0.8758084064907548,0.8809955485544311,0.0390581068416119
1bf6A00,450,0.1560125832770282,0.2028028967779027,0.8574978642394824,0.8290865272797331,0.0354806274202102
1bh3A00,320,0.0857109153821956,0.1175333766496535,0.2252893862140776,0.3624785743272106,0.0730843032400125
1bh3A00,348,0.0936642000828852,0.1248081468723648,0.1687267754727043,0.2680420674186886,0.0777326552724476
1bh3A00,379,0.0992932178467706,0.1151419012789688,0.165012707450314,0.3606010136796242,0.0865104208578096
1bh3A00,413,0.0911216778714968,0.1093867882144555,0.2077417359330611,0.4280726673676184,0.0826656766425013
1bh3A00,450,0.0778137429659921,0.0940955743017531,0.3169963880950587,0.4255843394336933,0.0721144664639474
1bo7A00,348,0.2017390678941311,0.3017498148354309,0.8036632707437984,0.8141894315838185,0.1151855581127732
1bo7A00,379,0.2105940736478711,0.30636291607821,0.7819235669530435,0.7777159962381586,0.1174381472957422
1bo7A00,413,0.1860212888377445,0.268911688929921,0.7767017212096765,0.7626319482737772,0.0942807825086305
1bo7A00,450,0.1014226121979286,0.1602439944265139,0.7969163554440253,0.8010891848750304,0.0258328538550057
1c01A00,320,0.0255263157894736,0.0493643809366952,,,0.0255263157894736
1c01A00,348,0.0255263157894736,0.0531631055288692,,,0.0255263157894736
1c01A00,379,0.0442105263157894,0.0644817395612285,,,0.0442105263157894
1c01A00,413,0.075766081871345,0.0919191666812684,-0.0035754440798554,0.0135546395148252,0.075766081871345
1c01A00,450,0.1047538543328017,0.1231180513469557,0.1633384914116889,0.2754075713171153,0.1047538543328016
1c16A01,320,0.0642841916093449,0.1092570313412746,0.953225818959772,0.8481441119954899,0.0258678812666542
1c16A01,348,0.0626006692693809,0.1129308004908584,0.9399014959071456,0.8654445661213016,0.0196065563611576
1c16A01,379,0.0857031046662948,0.1293712674989841,0.9183497080791648,0.8071781298977286,0.0091670694676829
1c16A01,413,0.0717080636584132,0.1089084654477104,0.9047236462216544,0.7574391748210738,0.0079225411483936
1c16A01,450,0.0609892965898102,0.0892947250150283,0.9285055848046012,0.8901174890346056,0.0587686336903058
1c30A08,320,0.0672899800928998,0.1068778733504113,0.9688793972685972,0.9618933577003403,0.0158240802182407
1c30A08,348,0.0849498464529868,0.1232305827643965,0.9580356864095818,0.9573062142242617,0.0025510665987664
1c30A08,379,0.0955554818255548,0.1399811357143014,0.9339640526498324,0.961006409903943,0.0756328983263289
1c30A08,413,0.0950033178500331,0.1301757156970143,0.937169379806455,0.9571799594029884,0.0838354346383543
1c30A08,450,0.0987279362972793,0.1319717119531914,0.9242859903136976,0.9329412807956672,0.0961948683919486
1c5kA02,320,0.0262406015037594,0.0627562416390724,,,0.0262406015037594
1c5kA02,348,0.0331545530492898,0.0666780218678105,-0.0186461262367345,0.0161461412244177,0.0331445279866332
1c5kA02,379,0.0355778841041998,0.0681057098262425,0.1582840834241365,0.1600028595777267,0.035543707754234
1c5kA02,413,0.052902103744209,0.077375619707258,0.0229201689020846,0.0503116538023086,0.0528987620566567
1c5kA02,450,0.0767908407382091,0.1042090638464747,0.1211917913410931,0.3089436999343413,0.0764832535885167
1c7sA02,320,0.0667353058140459,0.1128539170779675,0.9618672998530714,0.7230434865167581,0.0352448103078024
1c7sA02,348,0.0733448659826612,0.1230312225729735,0.9540060600968864,0.6751656826648548,0.0358570746838463
1c7sA02,379,0.0868095919828203,0.1249509424842247,0.9576639042555471,0.7838220652616229,0.0216771653543306
1c7sA02,413,0.0833464353541173,0.1118642517157928,0.96706949403606,0.8385723159887061,0.0171563920363613
1c7sA02,450,0.085038177046051,0.108226883742466,0.92016607175856,0.9110570322459364,0.0714264694185953
1c7sA04,320,0.0221212121212121,0.0466450166229745,,,0.0221212121212121
1c7sA04,348,0.0235555555555555,0.0396679255802931,-0.0009324198067778,0.1863100102711675,0.0233082338536884
1c7sA04,379,0.0490108662381389,0.065999196107474,0.718574219660406,0.368522363404572,0.0474684726048362
1c7sA04,413,0.0553010407101316,0.0809089394587608,0.3982464853908935,0.4288100096160392,0.0503607284970921
1c7sA04,450,0.0843200183654729,0.1038071477349892,0.6896908585612161,0.57375175517791,0.0843062442607897
1c8uA01,320,0.0965505698005698,0.1547841170080567,0.854247427250769,0.7983373198165733,0.0055784123284123
1c8uA01,348,0.1188956876456876,0.1738134973486342,0.7902480607538809,0.7876419519578416,0.0068793706293706
1c8uA01,379,0.1045697809941996,0.1499733242249999,0.8367781196063924,0.777820057311333,0.0088941968883829
1c8uA01,413,0.1071151903651903,0.1499246893157194,0.7147972171357723,0.6670043255682956,0.030294807044807
1c8uA01,450,0.0804691142191142,0.0978766070502605,0.7459105197964874,0.7683369061982569,0.0686684149184149
1c9bA02,320,0.1824850390699447,0.2544753780660582,0.8625468173010423,0.8706632715495751,0.0945637507146941
1c9bA02,348,0.1880253123601083,0.2455312155760894,0.8820695344448818,0.8992841961112584,0.0969817082629719
1c9bA02,379,0.1883761605271039,0.2359364983457076,0.8937447271113973,0.9288701237391694,0.1063743635819108
1c9bA02,413,0.2481961120640366,0.3061551371524003,0.8284790730235668,0.9039449733745836,0.1808562988374308
1c9bA02,450,0.1066254515315507,0.1403409032746633,0.8446120711068547,0.8864193869946222,0.0284190966266438
1ca1A01,320,0.1178001268498943,0.166812585998314,0.935931032157185,0.9239228322390955,0.0011204651162789
1ca1A01,348,0.1187904646464646,0.1549484870234427,0.949736390910698,0.9442066198715235,0.0344937373737373
1ca1A01,379,0.136969696969697,0.1792490195769107,0.9269090148522616,0.940954248595932,0.0631345454545455
1ca1A01,413,0.1300385396825397,0.1665893766366518,0.9364466011237816,0.9347936309236804,0.0669961154401155
1ca1A01,450,0.0914528888888888,0.1194508291355283,0.9614378307193828,0.9486293012524986,0.0125814545454544
1cb5A01,320,0.250877987956937,0.3524752462908303,0.8133492679244928,0.8154766747640736,0.1478426715915311
1cb5A01,348,0.2606767172976649,0.362672862766651,0.7672351692829719,0.7747177326287591,0.1479857175243708
1cb5A01,379,0.2396475249508364,0.3467647998367477,0.7541769507705895,0.7571912416493098,0.1507214258223363
1cb5A01,413,0.2230265245975969,0.3144747598785765,0.7484921585354997,0.7773153320883656,0.1181024710949897
1cb5A01,450,0.1720448877805486,0.2416682942299577,0.7172772369214029,0.7598906497372101,0.0661323962820222
1cfbA02,320,0.0218086525633695,0.053384229199055,0.7744098893208189,0.376040229919192,0.0218086525633695
1cfbA02,348,0.035701924909472,0.0545310936914756,0.5775402004070164,0.3354638731337579,0.035701924909472
1cfbA02,379,0.0469771297884505,0.0693188850111333,0.6981316260990259,0.560399563407761,0.0468145607013531
1cfbA02,413,0.0505876691442729,0.0698430483245138,0.655656677861933,0.5749856187175374,0.0501624737945492
1cfbA02,450,0.0546192109777015,0.0821684218576999,0.2841612728016884,0.6741072045604604,0.0455485039069944
1cukA01,320,0.0291867156412611,0.0751387174331212,0.9712036648023964,0.613742315189349,0.0291867156412611
1cukA01,348,0.0333729721456994,0.0819542937310588,0.977206122320185,0.4508469647041671,0.0333178757269666
1cukA01,379,0.0370201486321993,0.0940286444497196,0.9576779989210772,0.795266208020047,0.03555060470811
1cukA01,413,0.0419570315124638,0.0744921013567935,0.9682214171071124,0.8384874780113597,0.0416785258348451
1cukA01,450,0.0659217936945209,0.0952985381585333,0.9582069436686176,0.9173849778592033,0.0653365472910927
1cywA00,320,0.0548400355758846,0.1312946973006544,0.9234611575432696,0.7741650125382284,0.0294731592656121
1cywA00,348,0.0488227558604917,0.1148374721588566,0.9337997438061244,0.7797521644615587,0.0344677593545518
1cywA00,379,0.0593149101073629,0.1327954099427346,0.8969416556842934,0.7848491398030769,0.0338837430912902
1cywA00,413,0.0529160278966997,0.091248330321707,0.9408218932315572,0.7507815377700447,0.0325543438681956
1cywA00,450,0.0803135124833238,0.1233850136295975,0.9279875279565096,0.8354566073775227,0.0781827711072993
1dh3A00,320,0.1576623376623376,0.1952801897219059,0.3709967149879994,0.2156353345562417,0.0382487209759938
1dh3A00,348,0.0802056505862002,0.1012269107301435,0.7750625560005056,0.7151601220348408,0.0751635594849126
1dh3A00,379,0.1137519328179152,0.136813476342947,0.400430174583571,0.2520097646399089,0.1009342841908824
1dh3A00,413,0.1313884297520661,0.1522314610421555,0.6762913883999228,0.6268982751941673,0.13
1dh3A00,450,0.1550751489525274,0.1704820657862578,0.736333375175515,0.7455909054108616,0.1542260234480107
1dkiA02,320,0.1785605015673981,0.2358070720775661,0.8709487096711233,0.7404064809593547,0.0095437129919888
1dl5A01,320,0.0753474546459621,0.129220708644721,0.9527793421458808,0.8507545968727082,0.0151933765515854
1dl5A01,348,0.0757319965827428,0.1259599632771281,0.9543359217948396,0.8721811344922116,0.0102979546710889
1dl5A01,379,0.0936480225136941,0.1464995340681187,0.9359019550173432,0.8902323059076288,0.0036414895220865
1dl5A01,413,0.0745892255892256,0.1185992563411692,0.9559730292512026,0.8939162542244503,0.0119209508015479
1dl5A01,450,0.0881293029800492,0.1264440008731512,0.943346633486512,0.9354587428073234,0.0228917533544399
1dy2A00,320,0.0746379268879268,0.1735875151536869,0.8173703033621305,0.7327014291802597,0.0446185666185666
1dy2A00,348,0.0671547619047619,0.1462326807303355,0.8633312320356394,0.7300670140447941,0.0390131072631072
1dy2A00,379,0.0604011514682246,0.1170507196362048,0.9070341297853476,0.7881227630592497,0.0094912657351681
1dy2A00,413,0.0544312169312169,0.0915195218788537,0.9346219960667322,0.7957944249538186,0.0168257575757575
1dy2A00,450,0.0555197811447811,0.0887452112112873,0.9347612332423104,0.8111609273381419,0.04117791005291
1eb6A00,320,0.1014995719910974,0.1462402433318979,0.9590797367637371,0.9320717948444692,0.0387896478913428
1eb6A00,348,0.0954199623352165,0.1359319133032232,0.960663788622234,0.939551764741818,0.0232783199223877
1eb6A00,379,0.1285766945502854,0.1684815986608591,0.949122407464232,0.913401742910359,0.0425723653563622
1eb6A00,413,0.0838656622724419,0.1072865125402956,0.9696214927693496,0.9462443151058574,0.001269759744336
1eb6A00,450,0.1140889524787829,0.1395952651747853,0.9530523358571864,0.9240083850575652,0.1120714408002543
1ebfA02,320,0.0717766233766233,0.1248653962404166,0.9550624686280405,0.9064245530464042,0.0180831168831168
1ebfA02,348,0.0651573448773448,0.108728114016381,0.9618125953522212,0.9094562567217788,0.0045673304473304
1ebfA02,379,0.0734217294900221,0.1082152987050318,0.9664286660019242,0.8785163815959439,0.0128771618625276
1ebfA02,413,0.0631955555555555,0.0860164947652295,0.9578179775485928,0.8696762462577708,0.0084258008658008
1ebfA02,450,0.1112672850958565,0.1433667565334227,0.92150910635049,0.8969571536659574,0.1093956709956709
1escA00,320,0.1773449729078868,0.247812538833596,0.8619742905647875,0.8143433702944001,0.0524081878386513
1escA00,348,0.1861608038760356,0.2536202184533099,0.8603847982503665,0.8185441542806213,0.0529257454439169
1escA00,379,0.2043270095067415,0.2814740536760606,0.8172474993888194,0.7825474932203917,0.0727604397587455
1escA00,413,0.2323765803732691,0.325796644279001,0.752873818493066,0.7472474667127755,0.1129876580373269
1escA00,450,0.1606781471637715,0.235770683674235,0.7568491431520844,0.8092946041004571,0.0636213491725525
1eysL01,320,0.2313716108452951,0.2852336464167318,0.7351095296879583,0.70100979590865,0.0314832535885167
1eysL01,348,0.1887214247740563,0.2395920560912501,0.7893189765022018,0.7183347511422392,0.0130116959064327
1eysL01,379,0.1636753115268007,0.211749834802513,0.7456043193929235,0.8047325180730659,0.0240335463982954
1eysL01,413,0.1447835666607596,0.190153851099008,0.7876454530374837,0.8299982574567193,0.0322733179750723
1eysL01,450,0.1244887059085345,0.1538912390520611,0.7554798219825671,0.841473357236908,0.0873988353547717
1eysL02,320,0.2131181818181818,0.2762500065442578,0.4940367220359362,0.5512299403882279,0.0464181818181819
1eysL02,348,0.1470227272727272,0.1926146272433616,0.677139125032489,0.6728191980380026,0.0001227272727273
1eysL02,379,0.1473889445475159,0.1988617517720522,0.5172763758137796,0.5934268443109822,0.0124879509379509
1eysL02,413,0.0908932346723044,0.1099672310790634,0.7778445341323773,0.7371835485304241,0.0505355179704016
1eysL02,450,0.1229409090909091,0.1468782384907606,0.7325199181413453,0.7814130131731967,0.1179590909090909
1eyuA00,320,0.0621182983682983,0.1099582664190761,0.9624299404066284,0.9460463587839476,0.0063956876456876
1eyuA00,348,0.0641497668997669,0.1008675119490304,0.9672758669918136,0.9491790593788666,0.0068778166278166
1eyuA00,379,0.0743327505827505,0.1219564468182556,0.9460708949201748,0.9397925856890108,0.0138723776223775
1eyuA00,413,0.0669589310869798,0.1008971813003098,0.929398259511054,0.9497031134255516,0.0010302572314767
1eyuA00,450,0.0705710308210308,0.1011370669505765,0.903602748954258,0.9236190167239204,0.0197977855477855
1ffvC03,320,0.1492328548644338,0.2282393099485383,0.8587544794689628,0.8707647165127472,0.0840109870636186
1ffvC03,348,0.1235816327921591,0.1898055287032597,0.8720054424979204,0.8473283105739445,0.0662723592197275
1ffvC03,379,0.1316293638135743,0.1785805056473496,0.8169837067274559,0.757934812419252,0.0342995746943114
1ffvC03,413,0.101083820662768,0.1240912119282693,0.7275772741432688,0.7079629667994903,0.0195155059365585
1ffvC03,450,0.0627983342193868,0.0791002463782537,0.8319281956041662,0.78696439316656,0.0416010987063618
1fjkA00,320,0.1140522533022532,0.1468947110497239,0.8306212509583906,0.7825979249716778,0.0823995726495726
1fjkA00,348,0.1396153846153846,0.1608896811808933,0.8407776409036859,0.8197504862991926,0.119020979020979
1fjkA00,379,0.1890211732711733,0.2245844374945036,0.7236917260629838,0.7344939116741936,0.1785301087801087
1fjkA00,413,0.1662365831842576,0.190550331844827,0.8096227168691837,0.7956395615641851,0.1640459830866807
1fjkA00,450,0.1814073426573426,0.202515539419309,0.7542115914084607,0.7037216509851503,0.1802884615384615
1g5aA03,320,0.0666074635241302,0.108705820014451,0.8982871292983505,0.71806246570581,0.0263086419753086
1g5aA03,348,0.0543602693602693,0.0860278247530971,0.8960662714073557,0.7965801262885853,0.0364329405162738
1g5aA03,379,0.0771715768799102,0.1017214487232142,0.7704711162415243,0.7033202934383946,0.0502088945005612
1g5aA03,413,0.071655162738496,0.0975240586208634,0.8520153843095593,0.7034419215656325,0.0685889450056116
1g5aA03,450,0.0879659971811134,0.1136794627042024,0.7305299542166622,0.6253001113682447,0.0873922036906532
1gccA00,320,0.0648154561487894,0.1232519868424898,0.9537704069478236,0.8479317949831822,0.0097085137085136
1gccA00,348,0.0852669552669552,0.1349275268127343,0.9304052882338566,0.8317476654941239,0.0426262626262626
1gccA00,379,0.1035278178611511,0.1488538681690589,0.9091586825282744,0.8487718799748906,0.0723387846721179
1gccA00,413,0.0941707551707551,0.1188494783028733,0.905532845527852,0.7968750127081032,0.0679280102613435
1gccA00,450,0.0934436576917196,0.1113495824413993,0.7467043264320791,0.8994262108518345,0.0776199872478942
1ghsA00,320,0.1479980148037603,0.2135607405991409,0.886712338248739,0.8454655280090756,0.007984933696288
1ghsA00,348,0.1640016174820096,0.2365361027539968,0.8646977446358319,0.82546702159041,0.0393789859378094
1ghsA00,379,0.1846567967254241,0.2583003382827135,0.852070737030505,0.8216467923162241,0.0603634052947778
1ghsA00,413,0.1897742127153892,0.2712081503209639,0.8116862537539739,0.8200082760652133,0.0764587046939988
1ghsA00,450,0.1535650623885918,0.2227027827975681,0.8353142325581155,0.8323176605700259,0.0326797385620915
1gjsA00,320,0.1365486789633131,0.1909360375561724,0.8754087832674761,0.7916514958384854,0.0385592537543755
1gjsA00,348,0.1256923076923077,0.1601987798898435,0.942801435864195,0.8877310038785848,0.1109510489510489
1gjsA00,379,0.1791888111888112,0.2170689713763643,0.8970290157225154,0.9022792398904228,0.1668111888111887
1gjsA00,413,0.1937762237762237,0.2372248833150247,0.7938399530646366,0.800372362398166,0.1881398601398601
1gjsA00,450,0.2068526806526806,0.2378682378582255,0.8511332201362111,0.8663396217376048,0.2068526806526806
1gxeA00,320,0.043615628557489,0.1065182790154671,0.2792984468108731,0.5239942439701485,0.0433373719303951
1gxeA00,348,0.0306118881118881,0.0833584715209953,0.2780434251103974,0.7651822074052619,0.0273111888111888
1gxeA00,379,0.0358159050252073,0.0800096806946333,0.4059100169748367,0.6939078750235553,0.030027972027972
1gxeA00,413,0.0376118881118881,0.0663590739882056,0.6153874926765505,0.644998538580926,0.0366748251748251
1gxeA00,450,0.0352896658896658,0.0616011154581992,0.5702099460460778,0.4359369704718983,0.0263494949494949
1gz1A00,320,0.1385001953233997,0.2079930010457966,0.8859981374490815,0.8416062657262957,0.0199239354874714
1gz1A00,348,0.1412368156705173,0.2015899613344976,0.9060957446474898,0.8563665486309542,0.0369399799095931
1gz1A00,379,0.1550274289859925,0.2266431481778381,0.8959408818083089,0.8672842994650307,0.0622140465427758
1gz1A00,413,0.1684598802951341,0.2537592538249379,0.8616810311123684,0.8437252144064201,0.0877334662247841
1gz1A00,450,0.1410220994475138,0.209459156431193,0.8673011065254833,0.8631633738471444,0.059028126569563
1h67A00,320,0.1073256401221517,0.1649795655799361,0.92603195148824,0.916296198280076,0.0202705804818209
1h67A00,348,0.0874132061354283,0.1334944132726001,0.9464481392882628,0.9249416150730756,0.0112854470632247
1h67A00,379,0.1068572764683875,0.1396353227695727,0.927062083967504,0.9173401700564104,0.0126412270856716
1h67A00,413,0.1092053872053872,0.1361419310557512,0.9374228635296838,0.9351674680218146,0.0877605686494575
1h67A00,450,0.1977821670625287,0.2356905093792681,0.9373751410803232,0.9496382581160576,0.1965270534805418
1hcnA00,320,0.0551192416642485,0.1487369892248516,0.5349879243295403,0.5164821089750805,0.0370928657298014
1hcnA00,348,0.0461927510398098,0.1265164410554513,0.4509685500948382,0.7152316355923005,0.0459004159239453
1hcnA00,379,0.0564583481877599,0.1120582784465966,0.4892087238151486,0.6577588072327138,0.0564369578134284
1hcnA00,413,0.0515792038027331,0.0970640983292843,0.2672262390906739,0.6618359263550773,0.0514080808080807
1hcnA00,450,0.0605018419489007,0.0893416102113002,0.6104072489999058,0.6488050840541867,0.059574688057041
1hpgA02,320,0.0495270890725436,0.0728606015005546,0.7402695606484995,0.771090216918381,0.0495270890725436
1hpgA02,348,0.0429389566662293,0.0617369391426606,0.651057038174577,0.7297762798516004,0.0396966053026659
1hpgA02,379,0.0653425160697888,0.0883557058263197,0.757910088979899,0.7473606262226722,0.0649868380777471
1hpgA02,413,0.0604418248731145,0.0753594508568303,0.5777760490821524,0.5409330290791075,0.0562951905714414
1hpgA02,450,0.0683673094582185,0.0852350923370317,0.5479509660285862,0.5200864495806906,0.0650221405978982
1hufA00,320,0.2192778188387945,0.2621113325373248,0.8720501995389137,0.7661832803878503,0.048103638006077
1hufA00,348,0.2133342366757,0.2557958286304191,0.8724125409486264,0.808245446152858,0.0428576003941857
1hufA00,379,0.2287052640223372,0.2832182389797811,0.8392532546053554,0.7350281563552795,0.0754056007226738
1hufA00,413,0.2541473269278147,0.3041154144189597,0.7681604869538925,0.6840264420150982,0.0666476143549314
1hufA00,450,0.1232592592592592,0.1472389917329652,0.7818771083527968,0.6913616723611797,0.101795844625113
1hxnA00,320,0.0488887445887445,0.1081926995563636,0.8163650774212868,0.6294348431802906,0.0456202501202501
1i5gA00,320,0.0959018658810325,0.1959581190591509,0.8660602999088275,0.9056120225020696,0.0479167368125701
1i5gA00,348,0.0770518378226711,0.1653759178142669,0.8958316076541697,0.9062221728269227,0.050856411335578
1i5gA00,379,0.0974699074074074,0.1702719588889301,0.8647410661056936,0.8948562219276386,0.0399303451178451
1i5gA00,413,0.0762803911205074,0.1389219096111905,0.869061633281966,0.9178654460975992,0.0381652278599952
1i5gA00,450,0.0676057098765432,0.0998585218537987,0.8861844481788915,0.932093103687208,0.0580981341189674
1i7xB00,320,0.1278070175438596,0.1742376360204723,0.8829651679734122,0.8273207298963282,0.1275358851674641
1i7xB00,348,0.0972961190855927,0.1313076770088214,0.7817287717966607,0.888918888332483,0.0962753854332802
1i7xB00,379,0.0859602759541559,0.1202592418724834,0.7149710219954603,0.8461602930470098,0.0785629242238789
1i7xB00,413,0.0661912439072781,0.0917496367863301,0.836869492235547,0.933337569119098,0.0657883727406371
1i7xB00,450,0.0825039872408293,0.1172978843731245,0.7634059845646332,0.8141453782680499,0.0806858054226475
1j78A05,320,0.117424074074074,0.1740392976206254,0.8991848846324602,0.8908818977556318,0.067007239057239
1j78A05,348,0.0949042087542087,0.1270493866840912,0.9273775915288096,0.923326476742746,0.0324311447811447
1j78A05,379,0.1206427609427609,0.1505004618987312,0.901645737711153,0.8909137752726091,0.0610872053872054
1j78A05,413,0.0829883838383838,0.1075807747917127,0.9007062230000233,0.8847133950412526,0.0539661616161616
1j78A05,450,0.1099534531360112,0.1322870719593672,0.8475951005848159,0.8872996289609598,0.1064353887714352
1j7mA00,320,0.0866020202020201,0.1224717348513508,-0.0314922207818897,0.1334106119753518,0.0739461279461279
1j7mA00,348,0.075806635460294,0.1049892680402743,0.051462777823616,0.2439298808413744,0.0659362240289069
1j7mA00,379,0.0802136363636363,0.1047101934294517,0.2291224097453191,0.5114093553317288,0.075239898989899
1j7mA00,413,0.0717649831649831,0.0871067832852791,0.579641407091521,0.59323891215265,0.0711124098124098
1j7mA00,450,0.0612388888888888,0.0785672798397915,0.6225783072913137,0.7225161088025909,0.0598220382115731
1j8mF01,320,0.1054907697666318,0.1386951444508497,0.945416648390708,0.8956716817477466,0.0471406014164634
1j8mF01,348,0.1074882154882154,0.1592878719563624,0.9182310025190908,0.8930859443070192,0.0256131429234878
1j8mF01,379,0.1262427725531173,0.1587277519954723,0.9005974622202608,0.8581836228953189,0.0128910948566122
1j8mF01,413,0.1517913618948101,0.1813145137714362,0.8614176447963371,0.8584496478804218,0.0004807848600953
1j8mF01,450,0.1058383838383838,0.1265435449666041,0.8935190682612146,0.8861134406494522,0.0228166724718449
1jbjA02,320,0.0206569696969697,0.0315770864262581,0.3672117582051142,0.4370467096805464,0.019354074074074
1jbjA02,348,0.0334522558922558,0.0459520414259599,0.701938249746142,0.5339446411312305,0.0329663299663299
1jbjA02,379,0.0480661279461279,0.0601796412770034,0.239602130392687,0.3354607070450527,0.047073265993266
1jbjA02,413,0.0456500090334236,0.0588554319049451,0.5153901784469834,0.5622206906546118,0.0389012860310421
1jbjA02,450,0.0716907744107744,0.087028246460981,0.6220374236669319,0.6621799479045194,0.0711771043771043
1jeyA03,320,0.1361282667949334,0.1737781669430028,0.4293313172056506,0.1899080196918123,0.1225444925444925
1jeyA03,348,0.1152826679493346,0.1525941050938686,0.4522138877498022,0.6315070900941725,0.1073554593554593
1jeyA03,379,0.101753086419753,0.1279001935025281,0.7200610306620432,0.7239354601874048,0.1005021645021645
1jeyA03,413,0.0892276735610069,0.1122437233733991,0.7216987132391899,0.7730374878683767,0.0891289081289081
1jeyA03,450,0.1059703383036716,0.129108050194035,0.6360080814048774,0.7459688000616774,0.1048624338624339
1js2A00,320,0.0895631596867552,0.1504126553384878,0.773555209008997,0.8175209189366098,0.078619339462036
1js2A00,348,0.0885216207013959,0.1236034908244963,0.8096876475970897,0.7703722869576252,0.0774300306435138
1js2A00,379,0.0828672114402451,0.1070021520881311,0.8492736911291191,0.7678383714750392,0.0823832709113608
1js2A00,413,0.0866277380547043,0.1079156277199473,0.8268472235816435,0.7522690637774635,0.0858441720576552
1js2A00,450,0.1082914538644875,0.149765042339548,0.7881375706120218,0.7257958522844062,0.1074234479627738
1k8kF00,320,0.0832598748943269,0.1252276686764447,0.953825598132816,0.957580874222918,0.0058312198717434
1k8kF00,348,0.0791159366411301,0.1279520731964671,0.9490241528711096,0.9540443157577436,0.0233260087364074
1k8kF00,379,0.071984213391399,0.1034394587723559,0.968407285105515,0.9672025231144776,0.0073244420250408
1k8kF00,413,0.0681623855882315,0.0911721729952682,0.9744606008056113,0.9479635518288928,5.00689952019906e-05
1k8kF00,450,0.0872540063996176,0.1239068845306735,0.9514504473875464,0.9480292927174188,0.0858525963593876
1kfwA02,320,0.0601104697771364,0.0987140377899103,0.891993265078434,0.4656582905842567,0.0527739297739297
1kfwA02,348,0.0725937932294521,0.1036891959870279,0.8212539450488211,0.3930148262407034,0.0588588804247719
1kfwA02,379,0.0705319007722108,0.0961928492771785,0.8806573764328138,0.7588601136058376,0.0685333549597115
1kfwA02,413,0.0867350374493231,0.1117809396547426,0.9263209575832078,0.8114661810491806,0.0858237476808905
1kfwA02,450,0.0828218694885361,0.1121522159278493,0.9192936419538038,0.6913207417814828,0.0821869488536155
1khcA01,320,0.0809281385281385,0.1660702655012485,0.0971353125161216,0.3004980454569406,0.0329180153180153
1khcA01,348,0.077621756021756,0.163652586704328,0.1211764356815207,0.4139299473189839,0.03124662004662
1khcA01,379,0.0784421134421134,0.1367307995225257,0.2174007454487515,0.7687647565718163,0.0625552447552447
1khcA01,413,0.064421756021756,0.1071540993804028,0.3300690433311835,0.3786684420528858,0.05288547008547
1khcA01,450,0.0452034188034188,0.060090643781586,0.6007093949130968,0.5652282368053642,0.0348649572649572
1ks9A02,320,0.1465493142810216,0.2276123027134192,0.8310438652890847,0.8573484098689675,0.0080261969286359
1ks9A02,348,0.1897305312675768,0.2524773335441283,0.8045922862700554,0.8228261663823195,0.0533389579178812
1ks9A02,379,0.1437374558594071,0.1928368305595315,0.8448277324391309,0.8457299999370713,0.0281955325613862
1ks9A02,413,0.1256471216227313,0.16668561449477,0.8294918353101429,0.8253883920744295,0.0064694916646135
1ks9A02,450,0.1346190358873285,0.1768063178404121,0.8634241851544553,0.8755079920629572,0.1260988749281432
1kx3D00,320,0.1082698259187621,0.1459773301343411,0.9225166762151776,0.9222587087624502,0.040279926928863
1kx3D00,348,0.0974075865033311,0.1277214497930267,0.9376726182197438,0.9467351689031266,0.0623564367075005
1kx3D00,379,0.0918839458413926,0.1155971924404029,0.9287305225634804,0.9274223862541872,0.0563122716526973
1kx3D00,413,0.1512627030180222,0.1783528543293208,0.8799562670701159,0.9055131148938758,0.1505035000460533
1kx3D00,450,0.1722389856006877,0.200142143901288,0.8696839781551937,0.9142240488445464,0.1722389856006876
1kx3G00,320,0.1582578084486816,0.2104403260787953,0.8977291885277067,0.8138775459243425,0.0480296381985719
1kx3G00,348,0.1191295025728988,0.1736422625689672,0.873058414539391,0.8659955304191763,0.0153387650085762
1kx3G00,379,0.0998156089193825,0.1320591560337399,0.8968756146159618,0.903050930668458,0.0364279588336192
1kx3G00,413,0.1007975986277873,0.1300592861011404,0.9089881907061016,0.9109801812281744,0.0975643224699828
1kx3G00,450,0.1140018026437508,0.1428640088229046,0.8990666268900913,0.9171592062577344,0.1131924649871118
1l3wA03,320,0.0473372319688109,0.0946693938418732,0.0061194880777682,0.1037210207267514,0.0473060428849902
1l3wA03,348,0.0556303384724437,0.1073465773319393,0.2084233785582047,0.4328368088121755,0.0556143895091263
1l3wA03,379,0.0467536518062833,0.0854865320505064,0.3103326634805562,0.5398346339149295,0.0437510695931748
1l3wA03,413,0.0557831827042353,0.0950886875827154,0.2060023846198274,0.5224590359600907,0.0547438419280524
1l3wA03,450,0.0563555732766259,0.080431327607922,0.6245569033653181,0.6410086895779831,0.0550238348396243
1l5oA02,320,0.092916146761735,0.1529369252478781,0.9484512118731216,0.920218609466464,0.0090860814022578
1l5oA02,348,0.1016219919786096,0.1508677976454888,0.953237082121026,0.9259229265304418,0.0260583407605466
1l5oA02,379,0.0902996509209744,0.1420662109862848,0.9510021139168238,0.9228019794891582,0.0138072266785502
1l5oA02,413,0.0747556075460487,0.1238389496910897,0.956068230752545,0.932570394930363,0.0049186348781936
1l5oA02,450,0.0905935828877005,0.1259602707055255,0.9347520096981528,0.911377265618226,0.033559789067142
1lfwA03,320,0.0467299127640036,0.0833951015828754,0.9815164922556694,0.9037215156220932,0.0030510789715335
1lfwA03,348,0.0426900826446281,0.0775262577890872,0.981978784299942,0.8920704212667738,0.0112704315886134
1lfwA03,379,0.0520670339761248,0.0735562497114191,0.982421320228856,0.8826381439310924,0.0229403122130394
1lfwA03,413,0.0598488292011019,0.0791583412032695,0.9731944505306488,0.8639936110637377,0.0302873315608516
1lfwA03,450,0.1520500459136823,0.2076483060099117,0.9121633216176092,0.8677129393818148,0.1486857208448117
1lm8V01,320,0.1267162004662004,0.1621426545388802,0.8722527951055865,0.8749225260189687,0.1036858974358974
1lm8V01,348,0.1088086635586635,0.1365219904526571,0.83034724707862,0.8268925839625529,0.032263209013209
1lm8V01,379,0.1712145632145632,0.2202154131463209,0.8473795175372513,0.9028609205358968,0.1709107004107004
1lm8V01,413,0.1428943278943278,0.1806681318780156,0.6822741814555472,0.7240308273106584,0.1417556332556333
1lm8V01,450,0.1761499611499611,0.2036954639104428,0.7937629663524404,0.7748290941543095,0.1749281274281273
1mkfA01,320,0.0853405918481295,0.1909588290068133,0.8020660966613748,0.665124564295144,0.0733566316430638
1mkfA01,348,0.0760194064048218,0.1626222392422378,0.8406652149079333,0.7976777063987557,0.061993901856003
1mkfA01,379,0.0723024211968935,0.1252199526687668,0.8881135559483182,0.717637754817019,0.041553220648698
1mkfA01,413,0.0656215928125475,0.1099488572468156,0.9101433258981184,0.8142879931385576,0.0385000253794223
1mkfA01,450,0.0648396020506573,0.1162219841040587,0.8464938186154177,0.8801262540188514,0.0423167859499517
1mu5A02,320,0.1062300584858724,0.2397281517453761,0.870804103060241,0.8784230606153862,0.0663049035374615
1mu5A02,348,0.1081529396529396,0.2352801889544228,0.8773680663790977,0.8742577158256767,0.0812733747733748
1mu5A02,379,0.102547138047138,0.2241915240717683,0.881019896274195,0.8814788154721306,0.0631324786324787
1mu5A02,413,0.0922431364931365,0.1893954556504961,0.912067097676609,0.8987078635242889,0.056904364154364
1mu5A02,450,0.1114570059570059,0.1724620979805037,0.9147242295540452,0.8896035968252753,0.0122793317793317
1mzvA00,320,0.1146677422371866,0.1781032170138373,0.9056840373533628,0.8124580010533,0.0006235970819304
1mzvA00,348,0.1074585203890759,0.1605098073377313,0.9230653226720644,0.8490084741517445,0.0008816404788627
1mzvA00,379,0.084861251402918,0.1265577282571369,0.9492592289246548,0.8887234922058488,0.0036160213243546
1mzvA00,413,0.0918145342312009,0.1338890272543241,0.9413513185384152,0.8697535974346546,0.0150949307893752
1mzvA00,450,0.0899852693602693,0.1193966993540917,0.8889404647771124,0.8884875930826186,0.0425063131313131
1n3kA00,320,0.1539580419580419,0.210054551991763,0.8838603693856126,0.8687765290338695,0.0519860139860139
1n3kA00,348,0.1747749028749028,0.2259402136844951,0.8897853527336383,0.8793084933411511,0.0729840714840714
1n3kA00,379,0.1716895104895104,0.212960808612481,0.88054397178723,0.8447620468016849,0.053252836052836
1n3kA00,413,0.197060606060606,0.2549048329887081,0.7170215104871587,0.7945153192560683,0.0846564102564102
1n3kA00,450,0.1352250194250194,0.1737707007075234,0.6849728138230758,0.7639234340256441,0.1334121212121212
1nycA00,320,0.1275408135408135,0.2395615048294254,0.2343947156882476,0.3626431579166486,0.0336414596414596
1nycA00,348,0.1193219583219583,0.2192726198923421,0.3559988532568911,0.3907243401079855,0.0344729274729274
1nycA00,379,0.1257057057057057,0.2160295096192763,0.3136069224217276,0.4228383998481461,0.0466475566475566
1nycA00,413,0.1157800527800528,0.1980468520502922,0.3354022477110255,0.4395183471452953,0.04298725998726
1nycA00,450,0.0988989898989898,0.1179218812358692,0.4153920144563599,0.4442150394405436,0.0818599508599508
1o0uA02,320,0.1458207181951675,0.2115536372158734,0.8865635649108495,0.8312351512527335,0.0252641391892492
1o0uA02,348,0.1484636230142838,0.2124818286144747,0.8913359175527089,0.8509196474859904,0.0334896542517687
1o0uA02,379,0.1657276287100075,0.2295345822952461,0.8870070949155786,0.8659765156490944,0.0576187869888309
1o0uA02,413,0.1762059642482754,0.2495915730405845,0.8386078185122084,0.8765388924671595,0.0831172475261195
1o0uA02,450,0.1198521336715169,0.1620408195532403,0.8838169589553916,0.8737524885608273,0.0354183687091175
1pf5A00,320,0.0592462315462315,0.1549047917668588,0.925748406517306,0.8953444695506252,0.0381514374514374
1pf5A00,348,0.0539432456432456,0.1358446441887616,0.9415275403040676,0.8639525853295161,0.0358362415362415
1pf5A00,379,0.0585090095950561,0.120988368097777,0.9466305494774784,0.8748701711647442,0.0284315118989537
1pf5A00,413,0.0648026418026418,0.1191649178719015,0.9316628473102408,0.792730426652933,0.0354966588966589
1pf5A00,450,0.1098308469308469,0.169600316938591,0.9133569332429342,0.8022690504042435,0.1040858585858585
1pytA00,320,0.0700853212980872,0.1363789597697778,0.9349373443133528,0.9144885651624108,0.0228373092628412
1pytA00,348,0.0721228239845261,0.1494874823698112,0.9260471774294128,0.9048898571950452,0.0510976789168278
1pytA00,379,0.0791563046882195,0.135312429743322,0.9349826384826244,0.9392990603785466,0.0455830339872892
1pytA00,413,0.0569973394655452,0.1036589296911092,0.9579408916127284,0.9273634657146552,0.0302106956776463
1pytA00,450,0.0658271007951858,0.0954985238352632,0.9397081387749368,0.946368791013301,0.0590405114979582
1qexA03,320,0.0779766081871345,0.0998262731798634,0.2160580392251014,0.246638355685101,0.0779766081871345
1qexA03,348,0.0738371131079731,0.0968914334508435,0.2185146983500664,0.1977660788917823,0.073623163600057
1qexA03,379,0.1145068226120857,0.1369219663334949,0.1348078289781918,-0.0413719573027334,0.1144990253411306
1qexA03,413,0.1301903242955874,0.1542431089391955,0.2430702354358319,0.1873819742767319,0.1299991139464823
1qexA03,450,0.1095786815523657,0.1319383702695587,0.6230720753804846,0.6008303893920536,0.109523569023569
1qrjA01,320,0.2149231435362693,0.2849621930201795,0.8387167170662465,0.7965109941457896,0.152175433881583
1qrjA01,348,0.2127283855504194,0.2797726673761992,0.8293129420174341,0.785222113001626,0.1394934942646808
1qrjA01,379,0.2185237116932032,0.2812818279234014,0.8205927913816812,0.8502931785244192,0.1575163499400788
1qrjA01,413,0.1290353535353535,0.1541610386401744,0.9059000420441562,0.9134722423599918,0.0709110597500427
1qrjA01,450,0.0895573571744245,0.1086336171124505,0.8371074408039756,0.8343643488940223,0.0635892567774711
1rjlC00,320,0.0830531137569081,0.1164933057164503,0.8930567845404023,0.4440027615912403,0.0310521494009866
1rjlC00,348,0.1001441786283891,0.1461214792747398,0.791231126597099,0.5024203293223427,0.0319719298245614
1rjlC00,379,0.1009902179691653,0.1386604510207113,0.6989660751145241,0.4697582372760844,0.0411420520999468
1rjlC00,413,0.0958058479532163,0.1131175219721148,0.5194361899520213,0.3627726217090338,0.0864769803296118
1rjlC00,450,0.0859661881977671,0.1027988891058364,0.6696092778005494,0.5801301888235952,0.0854090377458798
1rv9A00,320,0.1005901995158193,0.1720001081167994,0.9010776356002956,0.8308346346037264,0.0176017196760998
1rv9A00,348,0.0954575924534602,0.1667630050008694,0.8912986537522583,0.8137175622286552,0.0089861006761833
1rv9A00,379,0.1015174277854462,0.1511923403680699,0.9239626113253412,0.836779772078803,0.0166437166203647
1rv9A00,413,0.093060856498873,0.1384581126115348,0.8872725811362477,0.7794079477424398,0.0160447449703648
1rv9A00,450,0.0828355037983137,0.1154567376796848,0.8925892324733704,0.7890790394268461,0.0436888304532932
1rwrA00,320,0.0824731830085365,0.1004593477520723,0.320667541204847,0.3238932396745649,0.0824731830085365
1rwrA00,348,0.0949763969662959,0.1147544494438674,0.1986724159422565,0.3962028245002595,0.0949427269326259
1rwrA00,379,0.0890878481787572,0.1078932574565777,0.1979950805396497,0.2709734020927304,0.0889286807468625
1rwrA00,413,0.1033504064211134,0.1208191839102428,0.1942253377089499,0.1780092884800188,0.1033504064211134
1rwrA00,450,0.1015077713158521,0.1164262611277889,0.3995963110735719,0.4639344878260772,0.1013796891473659
1ry9A00,320,0.0931300220247588,0.1649705504857204,0.9051973587889802,0.8977438292479024,0.0314329004329004
1ry9A00,348,0.1076614898769121,0.1706653256586068,0.8934133354383054,0.885889432221554,0.0313910816505674
1ry9A00,379,0.1145819146174103,0.1712199848360314,0.8861042555838212,0.8906621359035259,0.0312416824301768
1ry9A00,450,0.070869672419244,0.093108151140549,0.9375243385263876,0.9092802188881308,0.025483801116604
1sk7A00,320,0.2388903473235024,0.2886026140732254,0.804321544751506,0.8216176174358059,0.1234916545130447
1sk7A00,348,0.2344982984929509,0.2855997383048973,0.8219964893444496,0.8519725995830413,0.1520419705072112
1sk7A00,379,0.2266911591082713,0.2833992701690023,0.8277321328452298,0.8496130735610226,0.1634504093648479
1sk7A00,413,0.2704048782816349,0.3442363209523228,0.7139720012813852,0.7184826754147039,0.192672607181126
1sk7A00,450,0.1331005239561389,0.163675089152288,0.7112506705597119,0.7063094257151661,0.0022245989304812
1sknP00,320,0.1210716006317254,0.1635540994824209,0.8963939302972584,0.8905850627140495,0.0553418345122825
1sknP00,348,0.1124754299754299,0.1457050816759597,0.8910854667459233,0.8796367994667647,0.0313039858039857
1sknP00,379,0.0868648648648648,0.124478298698395,0.7973482479372737,0.8131453732928647,0.0298678678678678
1sknP00,413,0.1142790062790063,0.14152987034569,0.8957037329988474,0.8838779355466725,0.1097813267813268
1sknP00,450,0.1483715533715533,0.171621776853897,0.8566247159088983,0.8432050742095463,0.1483273273273273
1sqpF00,320,0.0915974025974026,0.1650500075498391,0.9179917372506436,0.926567513789348,0.0167337181337181
1sqpF00,348,0.110031265031265,0.1653870952535305,0.9194959150677164,0.9222686494694912,0.0238454064454064
1sqpF00,379,0.1445193507612112,0.1923181103275721,0.8888503057070448,0.8868086281138117,0.0180126849894292
1sqpF00,413,0.1084502164502164,0.1281797457693756,0.9254806779832592,0.9273282447567918,0.0146147186147186
1sqpF00,450,0.1252770562770563,0.1554377411742268,0.9052655446382224,0.8835545631504116,0.124948051948052
1sr8A02,320,0.0387754010695187,0.0904489053702098,0.976060690924526,0.8942861074353394,0.0149626328645936
1sr8A02,348,0.0428301313791509,0.0814127724445583,0.9805724107861848,0.8785703449972629,0.0096107480029049
1sr8A02,379,0.0541239189278405,0.0944298757690689,0.9738488630225856,0.9415447717687452,0.0088614907242357
1sr8A02,413,0.0862885059747805,0.1413042275457953,0.9395228733608124,0.9248450857120464,0.0179051957483329
1sr8A02,450,0.0480680945778985,0.0766114308861693,0.9758376902659476,0.9135281801311004,0.0425314961001235
1st0A02,413,0.1166087577344121,0.1794921266275123,0.8010734104988917,0.7778681644875375,0.0036958591147072
1st0A02,450,0.0926766619070283,0.1286463821861536,0.9107508564577572,0.7477700869313814,0.0886403828864561
1st6A03,320,0.1130795422489339,0.1535951493333143,0.9289164769246278,0.9022831644262914,0.0739227852814733
1st6A03,348,0.1250013232764324,0.162999488559731,0.9290206285811324,0.914067706763408,0.0920732654051433
1st6A03,379,0.1608475585549821,0.2110521508863032,0.8683348602233791,0.9052333582195864,0.1186323938070662
1st6A03,413,0.1812997395504758,0.2224184248381262,0.8758395880533899,0.9398960301476836,0.1540402224745679
1st6A03,450,0.1009664328878302,0.1249881424583809,0.9480872176793484,0.9074795862698656,0.026122358960787
1sumB02,320,0.1707765793528505,0.2107139400406449,0.9032537487922252,0.8436791719423857,0.0709273021902111
1sumB02,348,0.207947697312104,0.2536396710906671,0.8412636816603836,0.8339379223970571,0.0893010614620781
1sumB02,379,0.1534896421845574,0.1899397213144811,0.85443970865888,0.846366289949468,0.0483463448039718
1sumB02,413,0.1302456771100839,0.1606939004921986,0.7879155772817026,0.8062418885710342,0.0310109570279061
1sumB02,450,0.1272124636192433,0.1532912058761768,0.8277569025963809,0.8256095888037807,0.1124300633453175
1sznA02,320,0.0352941176470588,0.0631835173343895,,,0.0352941176470588
1sznA02,348,0.046042780748663,0.0721918234600955,-0.0032957121708839,0.0809209081574756,0.0460427807486631
1sznA02,379,0.0478620518914636,0.0735711949051698,0.6604790044721063,0.637332143043456,0.0478620518914636
1sznA02,413,0.0715444642503466,0.0913589906720878,0.6214001828349396,0.659122196821829,0.071317092493563
1sznA02,450,0.0737525252525252,0.0899727134945574,0.3530492039793488,0.5568227237699623,0.0701365616953852
1t0iA00,320,0.1114570024570024,0.1636409331876308,0.9345878737386922,0.8872048135069402,0.0073977067977067
1t0iA00,348,0.1155921375921376,0.1727299495460498,0.9130018122459812,0.8899772250974434,0.0052186732186731
1t0iA00,379,0.1286336882336882,0.1925365450265417,0.8819365691022597,0.8955251521030109,0.0249355173355173
1t0iA00,413,0.1117249300039997,0.157802617003629,0.8496007090072032,0.8637722224975833,0.0066033940917661
1t0iA00,450,0.0895568113568113,0.1162835057943969,0.8871699243561123,0.9026582786746208,0.0531418509418509
1tdpA00,320,0.166036309036309,0.2332331223390509,0.8228721678785573,0.8031186307723674,0.0598497588497587
1tdpA00,348,0.137964782964783,0.2083036268002269,0.8527272520697406,0.829888233867299,0.0597010647010645
1tdpA00,379,0.1712374192374192,0.2421122258530156,0.826683939123567,0.8167939985980375,0.1114163254163252
1tdpA00,413,0.150123487123487,0.1938220952971522,0.8401850192232949,0.8605494562872562,0.0858750568750568
1tdpA00,450,0.1362011102011102,0.1584332985601368,0.8727045569692707,0.8658021834309356,0.1354141414141413
1tifA00,320,0.0540136325662641,0.0983118488621471,0.9640999112761144,0.8666199149286848,0.0152053239158501
1tifA00,348,0.0574961456671983,0.1033712051357075,0.953093311677203,0.8336336541747594,0.0024443115364168
1tifA00,379,0.0665965097733763,0.1177213087277377,0.9406474878387762,0.7797227078165986,0.0386719891695412
1tifA00,413,0.0845250436697805,0.1249797696722484,0.942138725489862,0.8587141338534211,0.0241526353763196
1tifA00,450,0.1000403974816982,0.1421824774564267,0.896662943544,0.8290192532241488,0.0275556299629425
1tltA02,320,0.101939905972164,0.1842296984341529,0.8799504260711681,0.8932729918957578,0.0025924994957253
1tltA02,348,0.1078016183338764,0.1893614407988668,0.8740967548807398,0.8827572212603019,0.0255083632019116
1tltA02,379,0.0767179320082546,0.1266051023746659,0.916482254564347,0.9001219557319159,0.0271786684044748
1tltA02,413,0.0839734441186054,0.0999042606071939,0.9441004206267938,0.860376769519733,0.0445624524818073
1tltA02,450,0.0872972195068969,0.1087110046255195,0.925609747015234,0.8008133492886209,0.0858070489844683
1u0mA01,320,0.0901042429824377,0.1419485615589506,0.9312131891996316,0.9037764748627392,0.0068417306846963
1u0mA01,348,0.1181345634563456,0.1718651470351152,0.905135928695777,0.9039837047504838,0.03253600360036
1u0mA01,379,0.1457628262826282,0.2072696011141704,0.8145481207852692,0.8575560756101761,0.0208078307830782
1u0mA01,413,0.1083600860086008,0.1497836956606111,0.854490842871428,0.8706139429530246,0.0008006300630062
1u0mA01,450,0.0798357335733573,0.1079615209267555,0.8248362841951109,0.8933564910369438,0.0582875787578757
1uaiA00,320,0.040720750101916,0.070383057387375,0.4602542908446628,0.3691743863396693,0.0405585903881868
1uaiA00,348,0.0438661955881686,0.0708364480873279,0.4946630165240258,0.3462159457408414,0.0430730624631969
1uaiA00,379,0.0477524120125016,0.0704399045975171,0.5891874124119542,0.4722362819898628,0.0455907052588666
1uaiA00,413,0.0513236852833265,0.0688116794293958,0.5818772390503204,0.6413027291152078,0.0513196992344974
1uaiA00,450,0.0595497123703401,0.0744652071849818,0.5640617610112388,0.3692044348480421,0.0591850794944965
1ulvA04,320,0.0862131435815646,0.1528338912779128,0.4061022797450212,0.3677311095297696,0.0340406494090704
1ulvA04,348,0.0863908313908314,0.1354927177036755,0.3222272289769742,0.3647577758344834,0.0408782153518995
1ulvA04,379,0.0784585940375414,0.1236514944331129,0.4228539644098333,0.3759068803948246,0.0346822066822067
1ulvA04,413,0.0851895472948104,0.1169330345119661,0.3229378993387753,0.4037649049414176,0.0573058520426941
1ulvA04,450,0.0784873021715127,0.1010845814148798,0.414300898414345,0.6330701974341437,0.073558745348219
1dkiA02,348,0.1901936403564662,0.2436200922816512,0.8538158658621922,0.732735820454623,0.0015208026437631
1dkiA02,379,0.1774745384883316,0.2287609474085371,0.8474761813280903,0.6707616966712002,0.0062968303726924
1dkiA02,413,0.1267715778474399,0.1588905560328499,0.7847286802133772,0.7313130825855626,0.0201827934517589
1dkiA02,450,0.0954289794496691,0.1141419022839359,0.7478842978834377,0.7356711782476254,0.0941598746081504
1dpgA02,320,0.1413616719615816,0.2041992902790196,0.8669627050842951,0.8146724163071065,0.03707950506799
1dpgA02,348,0.1542694630073271,0.2260211204997912,0.8173040004620441,0.8185666565285674,0.0353510136034407
1dpgA02,379,0.1589764687701016,0.2358951241055696,0.7295504779716462,0.7428182124447705,0.0392449997507572
1dpgA02,413,0.1544969108561341,0.2304029582026229,0.6877261677236864,0.7029656143591247,0.0434377758164165
1dpgA02,450,0.1150191232715504,0.1655332182852737,0.6169048091596842,0.7427855997386854,0.0135863489261547
1e6vA03,320,0.1289010540184453,0.2080597979285501,0.8764094877706835,0.907183409822488,0.0199859025032937
1e6vA03,348,0.118527536231884,0.1868769216573926,0.9011735638643112,0.9307438671165588,0.0362362758014931
1e6vA03,379,0.1327931488801054,0.174749107742401,0.9139154118085316,0.9097814922770776,0.0293827843653929
1e6vA03,413,0.137568730786122,0.1765255927367798,0.9181218249199288,0.9122710424942904,0.0449576635924462
1e6vA03,450,0.1044953008344312,0.127749347327767,0.9342939041396248,0.9477495482222004,0.0462604303908651
1eakA01,320,0.0906259419592752,0.1346775511296212,0.9540136486121146,0.9319977034676908,0.009915343915344
1eakA01,348,0.0872310405643738,0.1316676080306282,0.9476182509126138,0.952513840612366,0.0101798941798941
1eakA01,379,0.084765741579695,0.1366225175473983,0.9386051909998708,0.959608047253426,0.0708813457573147
1eakA01,413,0.1160910694244027,0.1533996704227085,0.8799989875514568,0.9447883287740834,0.0979201539201539
1eakA01,450,0.1422541285874619,0.1792716457546448,0.8797305178047363,0.9343301344742344,0.1422118005451338
1eerA00,320,0.2040898788954266,0.2845287276510411,0.8056952240783705,0.8358890907492051,0.115861438707614
1eerA00,348,0.2314483388097845,0.2902714495159861,0.8210867178662553,0.8513374262760458,0.1402671291225508
1eerA00,379,0.2461938663745892,0.3159013765044198,0.7898825750613746,0.8054838950902162,0.1692113910186198
1eerA00,413,0.2181266885724717,0.2804554172649576,0.7636925119614058,0.7743022474546379,0.1192620177680418
1eerA00,450,0.1275321186083304,0.1659968729521936,0.8265649990248742,0.7943021632771505,0.0513132332005966
1eovA02,320,0.1924195496036855,0.2637240643974474,0.9002627940626268,0.8524982335126777,0.1021584113085529
1eovA02,348,0.1970752055770831,0.2753541217258727,0.8763588082753815,0.8593806892157563,0.0977885715312423
1eovA02,379,0.1997231522019057,0.2845954047432987,0.8324365457187071,0.8182125465901162,0.0872122070563997
1eovA02,413,0.2017087303631212,0.2945219547303423,0.7692412970258414,0.7421902631356383,0.0942660314190058
1eovA02,450,0.1619930733884028,0.2340545033173028,0.7757992160421238,0.7249967928490242,0.0495584051706674
1ezjA02,320,0.1020571806242537,0.1381069098569165,0.8760563439639705,0.900240048733231,0.0746428876002045
1ezjA02,348,0.1946503496503496,0.2299058653654451,0.8483923126569968,0.8749229521059044,0.1946503496503497
1ezjA02,379,0.1104502764677183,0.1372157755578241,0.8042571667017858,0.8521637045646209,0.0854055537485769
1ezjA02,413,0.1533867295495202,0.1825841695410609,0.8173520844922192,0.7314931247754494,0.151284355179704
1ezjA02,450,0.1017574530732425,0.1181991533056707,0.8074692524517826,0.8511225810501198,0.1017574530732425
1ezvC00,320,0.2230814639905549,0.2770710087459845,0.7700052105024328,0.7908474062507658,0.0984203069657615
1ezvC00,348,0.2157601056951706,0.2724051755702484,0.7895732467804949,0.8124015431905935,0.1062964524652836
1ezvC00,379,0.1801523022432113,0.2311764818056652,0.7734496469372149,0.7946801056202702,0.0677438016528925
1ezvC00,413,0.1752889970340081,0.2284702361712938,0.7966837362639198,0.8347761078015765,0.0781814438333284
1ezvC00,450,0.1476275225831251,0.1944707742366416,0.806726306721739,0.8318947436232498,0.0476421295406496
1fb1A01,320,0.1813996632996633,0.2616737397086758,0.6777198679343728,0.7117303094511901,0.1095111111111111
1fb1A01,348,0.2340230639730639,0.3013859592911462,0.4703908836388282,0.5407289941888446,0.1290183501683502
1fb1A01,379,0.0976994949494949,0.1325154232504464,0.7961401265990573,0.8416113191121625,0.0303799663299662
1fb1A01,413,0.0866092592592592,0.1029029003758296,0.7404442231384722,0.7646262452863918,0.0742853535353535
1fb1A01,450,0.1171594432699083,0.1416140844179035,0.8756494478943033,0.8709022642586755,0.1161527484143763
1ffsB00,320,0.0763472964943553,0.1755145370079212,0.9147497486879128,0.8724139180554749,0.0465475341651812
1ffsB00,348,0.0619918300653594,0.1396316887172508,0.9393745950426045,0.8103389622035881,0.0324184491978609
1ffsB00,379,0.0651130421865716,0.1269824099084711,0.9431092036892076,0.9254887725598234,0.0226852346999405
1ffsB00,413,0.100616458704694,0.1435691972642186,0.9055657539824654,0.844758552877552,0.0373422459893048
1ffsB00,450,0.131656662665066,0.1704456172163423,0.898343359355645,0.8439622242461595,0.1312829374173912
1g2rA00,320,0.0991200300881152,0.1682076361948449,0.9436836440928322,0.8796071293850383,0.065262088974855
1g2rA00,348,0.0920163335482484,0.1402788380674209,0.9619829102068806,0.8540078514888076,0.0447470449172576
1g2rA00,379,0.108873200085966,0.1582590109001173,0.9523417102628384,0.7869134548361045,0.0482918547173866
1g2rA00,413,0.0912649903288201,0.1212782792624815,0.9463052910563212,0.871965767447256,0.0156872985170857
1g2rA00,450,0.0943337631635504,0.1354308897936351,0.7560877962996374,0.7852526651138776,0.0884192993767461
1g86A00,320,0.0272340425531914,0.1105755413941524,,,0.0272340425531914
1g86A00,348,0.0244223798266351,0.1038822014425569,-0.0412846327259979,-0.0989491817671783,0.0243719464144996
1g86A00,379,0.0277951142631993,0.0749047575511146,-0.0068816966465691,0.089192279614767,0.0277888100866824
1g86A00,413,0.035177304964539,0.0710132069699162,0.0702151703084955,0.2852466988921344,0.0349065119277885
1g86A00,450,0.0440086273064996,0.0640807582737822,0.3884478433375727,0.4962092294842559,0.0438044579533941
1gakA00,320,0.1128002654280026,0.163736697839735,0.9313352459550676,0.9252711010621992,0.0430325149303251
1gakA00,348,0.0818155907352987,0.1181120851863787,0.9547674037747312,0.9493154301026876,0.0062242023993849
1gakA00,379,0.0886505197965051,0.1140264051225966,0.9622945869110932,0.9486774751758608,0.0303709356337094
1gakA00,413,0.1011446582614465,0.1240392225205211,0.9257098463674622,0.918714943158644,0.030082208950822
1gakA00,450,0.1093762441937624,0.1348451843550274,0.8511906443354069,0.8784246458267105,0.0970471134704711
1gtvA00,320,0.156918512043512,0.2248227445284576,0.8606665654261715,0.8814656435204536,0.028580031080031
1gtvA00,348,0.1358257575757575,0.2103204430227983,0.8658187454460576,0.8870818901917504,0.0047987567987567
1gtvA00,379,0.1691670066045066,0.234040866338852,0.8604614254460627,0.8946871379135098,0.0836717657342657
1gtvA00,413,0.1435871697746697,0.1967179849966681,0.8599072625148263,0.8991040130289502,0.0471862373737373
1gtvA00,450,0.1189432789432789,0.1601054034071798,0.7725512569328734,0.8855103417466936,0.0497719502719503
1gvhA01,320,0.1240937073437073,0.1700640697872376,0.8852592634197991,0.8052801222520276,0.0296059923559923
1gvhA01,348,0.1190781408862804,0.1491688190568922,0.903055880279998,0.8386822454589535,0.0266626589591706
1gvhA01,379,0.1225890663390663,0.1694714360103452,0.8717937609828296,0.850118261370941,0.0193151105651104
1gvhA01,413,0.1100307125307125,0.1360327108776847,0.8163522684651628,0.8174004411727213,0.0061081081081081
1gvhA01,450,0.124308968058968,0.1469494976071567,0.8467887242750705,0.8484330011219063,0.1180436117936117
1gxcA00,320,0.0619549808429118,0.1302803883871891,0.6245037430323346,0.4692017404948276,0.0299295541623127
1gxcA00,348,0.0475834204110066,0.0966910738138833,0.7398721443106071,0.5779073010925887,0.0307403343782654
1gxcA00,379,0.0534841518634622,0.1039919482004389,0.7433480446705457,0.5085812154345208,0.0503263671194705
1gxcA00,413,0.0588828683790592,0.0867312284346476,0.7495565783492412,0.5162992060495754,0.0588748491328683
1gxcA00,450,0.074768982932776,0.1137102929955825,0.7894684059241482,0.587266214926764,0.0746827760362243
1gyxA01,320,0.095603851010101,0.1440181167080505,0.8800492329687063,0.8802770082617517,0.0114302398989898
1gyxA01,348,0.086410827020202,0.1199943415300155,0.9076461503968438,0.8814090302222227,0.0549442866161616
1gyxA01,379,0.1346409406565656,0.1719102124562644,0.8538114992092036,0.7959103369521862,0.1230500315656565
1gyxA01,413,0.1128989898989899,0.1416974426747361,0.8327489458495795,0.849061299216927,0.102466856060606
1gyxA01,450,0.1181029737784825,0.1389319229421912,0.8509648141352558,0.8142124035411373,0.1142071331042988
1h19A02,320,0.131660210350932,0.1894611065653041,0.832857028764536,0.8730681395183252,0.0300186400083307
1h19A02,348,0.0997286264708945,0.1436840735057793,0.8624571582435216,0.9242772310348588,0.010431115276476
1h19A02,379,0.088427782984484,0.1363474792052521,0.7746868124498341,0.8842208516826207,0.020604602728314
1h19A02,413,0.0879361657815266,0.1180528158841371,0.8861720223157151,0.9160751133312932,0.0857220660210351
1h19A02,450,0.1010402999062792,0.1252346523780778,0.7754956344466499,0.7884128009484258,0.0965417057169634
1hk5A03,320,0.1697009146061218,0.2139478420649961,0.8433921252427269,0.7938739048032195,0.0947415893004872
1hk5A03,348,0.1339670619235836,0.1826938260962358,0.8622905592458765,0.8339626746260642,0.0658140096618357
1hk5A03,379,0.1615107955183789,0.215366998298544,0.7794890571785436,0.7928999221793744,0.0802359081206401
1hk5A03,413,0.1313683574879227,0.1708346181455661,0.5953908591098623,0.7436960361684002,0.0691749011857707
1hk5A03,450,0.1018132411067193,0.1270386511588809,0.6652684923419617,0.7291840940275,0.0826863197189284
1hsjB03,320,0.0952266854592436,0.1360106253066346,0.928213933205843,0.920509888121426,0.0077319708715059
1hsjB03,348,0.0996723044397463,0.1326759110272234,0.9334053145886274,0.9356996439803578,0.0505391120507399
1hsjB03,379,0.0861129903688043,0.113212300389509,0.9451421705093608,0.9464334811248004,0.0511625557904628
1hsjB03,413,0.0877353770260747,0.1111367826441735,0.9290825730221426,0.9046098602733852,0.0686578576462297
1hsjB03,450,0.2239128400594057,0.2784021124962965,0.8968181653563624,0.9167810980133214,0.2239128400594057
1hxnA00,348,0.044012987012987,0.0950359715654096,0.8487279410298995,0.6969908979183547,0.0415411255411255
1hxnA00,379,0.0445316017316017,0.0903024859153752,0.8517903186623288,0.6821206537090728,0.0440419432419432
1hxnA00,413,0.0407983027554456,0.0654366449811381,0.8609040442411199,0.6207878902091631,0.0347471243042671
1hxnA00,450,0.0457291061221293,0.0717879650563122,0.74410957291092,0.7388011256830196,0.0405578856113739
1ibcB00,320,0.085672520661157,0.1120967382692405,0.9545915455063072,0.8796506550208243,0.0476426767676767
1ibcB00,348,0.0852540708352019,0.1151414568837083,0.9237790817785282,0.7644180365761213,0.0567257805325987
1ibcB00,379,0.0940641216605804,0.1215149196037304,0.8606797632462048,0.7911413038979236,0.0584349173553719
1ibcB00,413,0.0846791781450872,0.1079878851261982,0.9368125446476672,0.9275177532909692,0.0836514003673094
1ibcB00,450,0.1000602323445875,0.130530508013074,0.7968082182170451,0.8069123705889345,0.0979827663527452
1ig0A01,320,0.1445699238373035,0.2517931222645621,0.8178623317985836,0.8771379349328409,0.0565504780424566
1ig0A01,348,0.1339412845027818,0.2107729128844599,0.8497249525643368,0.9159666706248591,0.0201343380327336
1ig0A01,379,0.1100906327294836,0.1680559280536726,0.8849068658416712,0.9292172005270416,0.0035994279318492
1ig0A01,413,0.0825040545009242,0.121056147274859,0.921343057128578,0.9156241900515384,0.0293958945131502
1ig0A01,450,0.0850174471992653,0.1229199649142277,0.8834490414831857,0.9091525883485544,0.0575384864689677
1iq8A02,320,0.1455720057720057,0.1874083987730475,0.7831461933239459,0.7416379802164091,0.0475007215007215
1iq8A02,348,0.1001601731601731,0.1303057644712415,0.8013358209712498,0.7085865682052581,0.0673743145743145
1iq8A02,379,0.0795186147186147,0.1090426165622446,0.7907302734070968,0.7780163800746216,0.0771841269841269
1iq8A02,413,0.0946397856112142,0.1136870630674312,0.7719511615413505,0.8320126018799864,0.0936421768707483
1iq8A02,450,0.1172857142857142,0.1443477370288848,0.8249621139643587,0.7741136093414345,0.1162207792207792
1irzA00,320,0.1040243055555555,0.170017523745567,0.9319154356278074,0.90877526029438,0.0201860119047619
1irzA00,348,0.1311023681583274,0.1758676687182693,0.9174110114506931,0.9145197758221856,0.0130943886539816
1irzA00,379,0.0813563432287996,0.1141255801419516,0.9464529326743928,0.9435704395106492,0.0589117005813953
1irzA00,413,0.2582618664846136,0.3140394063175217,0.8900686230442504,0.9172465282110268,0.2581879808256988
1irzA00,450,0.1907264835858585,0.2335407856697743,0.7036372602536684,0.7341292747595469,0.1877561553030302
1iyuA00,320,0.0302315560669991,0.0436787927197719,0.5479475969223541,0.4114500519454397,0.0302200485871371
1iyuA00,348,0.0452953913583881,0.0621904397790603,0.3264725748776889,0.2718717664317076,0.0452953913583881
1iyuA00,379,0.0566945403401099,0.0750108179987388,0.147435023266455,0.2986542017043433,0.0565349699526914
1iyuA00,413,0.083491914816613,0.0997773360274533,0.0671702598376199,0.1720215147712436,0.083491914816613
1iyuA00,450,0.0790957678046285,0.0981292288319411,0.1031370012462564,0.1864799600725662,0.0790957678046285
1j2rA00,320,0.1056437551809892,0.154372295144189,0.9252057201747572,0.8709768893122372,0.0160346704123299
1j2rA00,348,0.1098131313131313,0.1671817776101102,0.915219256607678,0.85829925455125,0.0123825488931871
1j2rA00,379,0.1217374274661508,0.1709533297217586,0.9202965632302944,0.8718208014123005,0.0268977541371157
1j2rA00,413,0.1224141414141414,0.1780897558550919,0.894287334684749,0.8821589373722172,0.0149645390070921
1j2rA00,450,0.0906451751558134,0.1155502968163737,0.91370668022075,0.892085980005527,0.0257104018912529
1j7gA00,320,0.1971129349046015,0.2769336494197577,0.6545811233597905,0.500794784807948,0.0610831930415264
1j7gA00,348,0.199464295735129,0.2641698414843053,0.6761773471388159,0.4953211218412305,0.0613987794612794
1j7gA00,379,0.1964633838383838,0.2580943012411612,0.6079013818316655,0.4048052531420506,0.0612417227833894
1j7gA00,413,0.187379980359147,0.2398544169310252,0.6642784487466546,0.4630643425892773,0.0584116863075196
1j7gA00,450,0.1288433707227312,0.1627073289403763,0.6266470167823034,0.7094177609860489,0.0855626761804087
1jj2A03,320,0.1077359492359492,0.1346142278506012,0.546552131070279,0.6524614557241869,0.1076105931105931
1jj2A03,348,0.0802108262108262,0.1091664833862347,0.4459710817640036,0.613183447212511,0.0752160062160062
1jj2A03,379,0.0796206941206941,0.1067650806995784,0.3486865214424623,0.5501977432505143,0.0769374514374514
1jj2A03,413,0.075078477078477,0.0960656602863768,0.7353627493888787,0.8252160229538865,0.0749176379176378
1jj2A03,450,0.0774180264180264,0.1017806437310628,0.4778068051959409,0.6821447197416667,0.0765249935249935
1jswA02,320,0.2790517812628191,0.3346374368064876,0.7823720585509895,0.8320663449104699,0.1608475592439493
1jswA02,348,0.2607242198100407,0.3191130985048254,0.8287320685719426,0.8369198027224263,0.1800661465400271
1jswA02,379,0.2656213803488102,0.3316489600538591,0.8075789633376426,0.7951537052516655,0.1813785700102592
1jswA02,413,0.2663687245590231,0.3472031516630166,0.802956944898071,0.8403087166164743,0.1791027815468114
1jswA02,450,0.2485685604745826,0.3296424820053517,0.7498659724511484,0.8133425282447174,0.1660035577924332
1koyA00,320,0.2670896057347671,0.3788233147799566,0.5893053212478927,0.4882347504776981,0.1919566634082763
1koyA00,348,0.3038494623655914,0.4056351961868,0.5849960469325094,0.5418939872729499,0.2485376344086021
1koyA00,379,0.2357316715542522,0.3124260477310982,0.6404318747526497,0.6478484433519116,0.1859271749755618
1koyA00,413,0.1451503747148908,0.1708181576610817,0.5300153179138378,0.5605480152180291,0.0014048550016292
1koyA00,450,0.0979472140762463,0.1214394251918863,0.7791380113899022,0.765720055899932,0.0926392961876832
1l5jA04,320,0.2043926767676767,0.2898371674073711,0.6097688083088019,0.5920700269978791,0.0673631628787878
1l5jA04,348,0.1901628787878788,0.2624174027480584,0.5780717711288657,0.5931893156462568,0.035262784090909
1l5jA04,379,0.1330577651515151,0.1774516307281703,0.6429503094668976,0.6719962392714969,0.0039603851010101
1l5jA04,413,0.0725767045454545,0.0873164827535761,0.8503920073779805,0.8600917167693228,0.0622957702020202
1l5jA04,450,0.0976676136363636,0.1236177591690463,0.8091922829168089,0.8639679559225936,0.0955410353535353
1l7yA00,320,0.032990078918827,0.0678398642251082,0.985824207283331,0.874395364249946,0.025868047121387
1l7yA00,348,0.0426375535322084,0.0899535564006583,0.9720618374200792,0.8682713991726396,0.028837807236873
1l7yA00,379,0.0395026864388566,0.0744379468864032,0.9793045314682812,0.9507492805290082,0.0273537502686439
1l7yA00,413,0.0636534568845306,0.0937968506440542,0.9668110408502382,0.867045986974317,0.0164736179209211
1l7yA00,450,0.0634732430689877,0.0966983020806427,0.9433295133345132,0.8991571895651582,0.0570178379540081
1lucB00,320,0.182985606060606,0.2470046373493924,0.9283821414716208,0.8868530701896205,0.1153424873737373
1lucB00,348,0.2086640151515151,0.283875463213056,0.9020681091168156,0.8661819794864444,0.1403878156565657
1lucB00,379,0.2304133522727272,0.3127618293622029,0.843533420029434,0.8276680343211568,0.1489303977272727
1lucB00,413,0.2248792613636364,0.3054727751341198,0.7106127980508398,0.729863701209251,0.1300298295454545
1lucB00,450,0.1272017045454545,0.1975184339916883,0.6165265564892037,0.6978141237860163,0.0297499999999999
1m55A00,320,0.2031936463076359,0.2930522274302433,0.7085210010006463,0.6697228520878927,0.0344515099178311
1m55A00,348,0.2141992986863453,0.2999527082300742,0.7165636926287946,0.6416829962204981,0.0556374103731616
1m55A00,379,0.1852269848746532,0.2639580834722614,0.7325247626292232,0.6581379407024546,0.0442124875700005
1m55A00,413,0.1652881334512827,0.2319740195866844,0.758667091775507,0.7192790026433127,0.0421033856829383
1m55A00,450,0.1188644853158649,0.1631196715837147,0.7056041156347627,0.7003778693898186,0.0225544150993
1mixA01,320,0.157641723356009,0.2074897406343029,0.9124234340845552,0.9187573632364828,0.0434023912595342
1mixA01,348,0.1724422799422799,0.2354233741421681,0.8994428017076973,0.9190488488768868,0.1034346526489382
1mixA01,379,0.1859420737992166,0.2466421364272794,0.8755726972296599,0.8855350145997757,0.1102735518449804
1mixA01,413,0.0827848897134611,0.1063347537126078,0.8796719121589878,0.8921939785532803,0.0016273964131107
1mixA01,450,0.1395283446712018,0.1697157584007268,0.8023246323649555,0.8252670932173201,0.1332879818594104
1mnmC00,320,0.069553194280467,0.090591210528419,0.9770258168965624,0.9474035414963606,0.0117790895972713
1mnmC00,348,0.0977339630066902,0.1256419976998784,0.9630546968020413,0.9550840685687312,0.0924604486422668
1mnmC00,379,0.1307243867243867,0.1567107958276653,0.9440867584840272,0.917971337321784,0.1295584415584415
1mnmC00,413,0.1640031483667847,0.2045403228893923,0.8649116712175346,0.929728690472927,0.1637704315886133
1mnmC00,450,0.1596040928768201,0.1817885738569915,0.8451223318518183,0.891388578535765,0.1595938606847697
1mzbA02,320,0.062129926718162,0.0867951900896401,0.9808304624198844,0.6694597019136581,0.0082269756387403
1mzbA02,348,0.0434101802337096,0.0614804907553735,0.9832629606032532,0.6012506267962554,0.0212077639136462
1mzbA02,379,0.0637017231134878,0.0772515375666841,0.9730175629852952,0.7223855075106475,0.0254323628441275
1mzbA02,413,0.0986432391138273,0.1135020010676252,0.9268485622134232,0.8784442514490418,0.0982293523469994
1mzbA02,450,0.0821937017231135,0.0954292865063943,0.7133078978368146,0.684730883686612,0.0821937017231134
1neiA00,320,0.1375595959595959,0.2073122966312507,0.7492319913629549,0.9212438468753126,0.0766558922558922
1neiA00,348,0.1379050986050986,0.2138883297390932,0.6980455219242238,0.8116194727511796,0.0859151034151034
1neiA00,379,0.0964020202020202,0.1375281967854719,0.8796037200709178,0.8542171869789525,0.0939373737373737
1neiA00,413,0.1163346801346801,0.1550261713431406,0.7674805624532277,0.778436883587831,0.1158659932659933
1neiA00,450,0.1003838383838384,0.1335752297745311,0.8874115524442888,0.8834262886851838,0.0999626262626262
1ng6A02,320,0.1054729753677122,0.1504084597050906,0.9362042980450398,0.838000368455729,0.0226744639376218
1ng6A02,348,0.1245940102782208,0.152898876767176,0.9318477704725407,0.8189646771543881,0.025345029239766
1ng6A02,379,0.0994463937621832,0.1254134095043964,0.9396011963903712,0.8767546263817239,0.0595867446393761
1ng6A02,413,0.1723135228251507,0.2111956294162445,0.9150805854519092,0.8764119544543706,0.1720012693231787
1ng6A02,450,0.2521330852383484,0.2871139016143736,0.8264900338537615,0.8629158050289418,0.2520430622009569
1nijA02,320,0.0501817311041448,0.1071834347033204,0.956387387202574,0.9263686465237492,0.0428475269940787
1nijA02,348,0.0537823928944618,0.1135761338933339,0.9451371414664992,0.9552703858741914,0.0453435214211076
1nijA02,379,0.0430074886799024,0.085122978042655,0.967896146135682,0.9475298197925122,0.0343768721699755
1nijA02,413,0.0453230905688804,0.076727696030983,0.9692965556238272,0.9290808334545476,0.0266261816237758
1nijA02,450,0.0559079588993382,0.0996017972101253,0.9417658099539004,0.8885450979854428,0.0456221699756182
1nktA02,320,0.2173983275376717,0.3199717456566587,0.7107590507891118,0.7735509109036475,0.0998541977148534
1nktA02,348,0.2263569299552906,0.3084055722911153,0.7453489005403848,0.7506924181409171,0.103346994535519
1nktA02,379,0.2518739029640669,0.3350719289723098,0.6606125610099747,0.682982693351222,0.1071913396257658
1nktA02,413,0.1990195396588839,0.2672132562270727,0.6565516196085746,0.694280985596062,0.0777171717171716
1nktA02,450,0.0795117569133962,0.1015515825904834,0.7650452942786393,0.7941002221858775,0.0736099519788044
1o82A00,320,0.1240994227994228,0.1682122787308232,0.9101124324625092,0.9007063675316997,0.0478316017316016
1o82A00,348,0.1213834054834055,0.1439216443880205,0.9464181373486432,0.9312061331870236,0.0686310245310245
1o82A00,379,0.1162922077922078,0.1398252092368704,0.9232343694907724,0.9118857677772793,0.0573961038961038
1o82A00,413,0.1200062049062049,0.1501090495643672,0.8362219974761542,0.8538570953908862,0.1184431457431457
1o82A00,450,0.2122398338788582,0.2354355163138456,0.777299822628815,0.7858079259915667,0.2122398338788582
1o9iA02,320,0.0809451659451659,0.1007472572264188,0.8699835696165287,0.8603289440834743,0.0809163059163058
1o9iA02,348,0.0914539488648015,0.1179519579376851,0.85848557815337,0.8438649957245016,0.0907908020776237
1o9iA02,379,0.0948258778258778,0.1222553958547048,0.8218923225858416,0.7974651924082358,0.0945510662177328
1o9iA02,413,0.0733075196408529,0.0947185202221979,0.8656625140654937,0.8848744370538468,0.0719087702421035
1o9iA02,450,0.0756200096200096,0.0974956584182433,0.7733172933459662,0.7729788788557015,0.0740920314253647
1on2A02,320,0.1484997594997595,0.2085425098081591,0.7583737996923772,0.7390939023577574,0.0598529741863076
1on2A02,348,0.123167246477324,0.1727995280992984,0.8290933502549145,0.8355261388236976,0.0607464493588525
1on2A02,379,0.0872804232804232,0.1189992733390602,0.8899582070530287,0.824306659324517,0.0491293891293891
1on2A02,413,0.1009424402757736,0.1184058624224698,0.938826417529952,0.9358770223627249,0.1009424402757735
1on2A02,450,0.1483884880551547,0.1720720419708707,0.8260726824738186,0.7897457088206348,0.1482032799651847
1otvA00,320,0.2360885036040685,0.2894595573309312,0.800768504586276,0.7744993699498681,0.0969777013866923
1otvA00,348,0.2092105721192884,0.2679193127564217,0.8022660708790194,0.8046407404596215,0.0775536013865074
1otvA00,379,0.2381875845064821,0.3067929657117336,0.7626487761201531,0.7693672188745373,0.1558842360614014
1otvA00,413,0.2026181102362204,0.2883455958248941,0.6205190682078507,0.6921166770869008,0.1255851825340013
1otvA00,450,0.1372425037779368,0.1836014352976578,0.5579862659575826,0.6653496028717045,0.0063690561407096
1pgjA02,320,0.2373112296833227,0.2894793019752502,0.8319097278300012,0.8515409442188191,0.1379176482432296
1pgjA02,348,0.2084025462849151,0.2661178526546605,0.8672161192632794,0.8706567339302439,0.1308954071087656
1pgjA02,379,0.2087759267453696,0.2696544366706835,0.8030289542126905,0.8313224923299903,0.1054473316179643
1pgjA02,413,0.195676532769556,0.248407407276332,0.7830735600283885,0.8054995365164898,0.1105038759689922
1pgjA02,450,0.1230355884425651,0.159562025184058,0.7499258682086727,0.7912334022430858,0.0130954897815363
1pv4B01,320,0.0292345826687931,0.0791173335737549,0.9647541521566816,0.8882346199603718,0.0009916267942583
1pv4B01,348,0.0301274587985114,0.0777438922177184,0.9704500452619008,0.8814187394502973,0.0041997607655502
1pv4B01,379,0.0245792511581985,0.0669138461286256,0.961206005396824,0.7870390438173527,0.0037885243411558
1pv4B01,413,0.0497266081871345,0.0787615729456149,0.9211949183137704,0.6586929520885285,0.0393911483253588
1pv4B01,450,0.062414673046252,0.1055816720334935,0.8928780644062553,0.623876226124446,0.0576988304093567
1qhhA00,320,0.1448800469241478,0.188454234737635,0.8778955237553374,0.8688347815863044,0.0281851054504203
1qhhA00,348,0.1419817073170731,0.1872615900128327,0.8683801294435944,0.8785202518554476,0.0302799334811529
1qhhA00,379,0.1305698208484652,0.1728747957042193,0.8382446338861366,0.8324571913319044,0.0104716079439561
1qhhA00,413,0.119731088537101,0.1516160379889478,0.7430951449817796,0.7507738548422596,0.0586438405610271
1qhhA00,450,0.1335331047285103,0.164408713506475,0.8267295852594027,0.8283635604819941,0.1289253854483577
1qwjB00,320,0.0837876582418067,0.1387595378138445,0.9454985689781992,0.7943544122387117,0.0016564774381368
1qwjB00,348,0.0947033655330598,0.1487626503527246,0.9408410572861422,0.7936684563099401,0.0142635966653433
1qwjB00,379,0.0881545145780953,0.1436515862115614,0.9431033948388128,0.8604121393679284,0.0180182171055532
1qwjB00,413,0.1016548516985198,0.1522110030494557,0.9470947465026324,0.8716840870630164,0.020684701034046
1qwjB00,450,0.1069921926690485,0.164683727417474,0.9132452726778632,0.8450480118796554,0.0217362268977988
1r3fA02,320,0.0260366744366744,0.0538702646185023,0.9836635752672525,0.6719171998977173,0.0159985110496738
1r3fA02,348,0.0324422688422688,0.061752906586705,0.9785712652168111,0.6392601795302111,0.014035742035742
1r3fA02,379,0.0356291486291486,0.0729429828248244,0.9748336001494956,0.6714794671077148,0.0043667665667665
1r3fA02,413,0.0544335664335664,0.1160279295990846,0.963077289777182,0.4203408739545585,0.0138728826728826
1r3fA02,450,0.1070553224553224,0.1731286684933179,0.8862563960140618,0.6379142167687107,0.0049142191142191
1rq2B02,320,0.0451898148148148,0.0890941957714677,0.9756823727049582,0.8395600608311605,4.629629629604448e-06
1rq2B02,348,0.0451192129629629,0.0817905761314773,0.9796942717943288,0.9292697343437116,0.0118704755892256
1rq2B02,379,0.059560606060606,0.0947629770513107,0.9819505926596416,0.9263006676714522,0.0170641835016834
1rq2B02,413,0.0688294830036314,0.0940717042028481,0.9647696426611992,0.9309210212196264,0.0161142941637312
1rq2B02,450,0.0866916035353535,0.1163146098182543,0.8731025444313023,0.7661543960728098,0.0792583122895623
1ruyH02,320,0.1321435475444096,0.2323283892623098,0.6169235967811073,0.4466407366096209,0.0060863375130616
1ruyH02,348,0.1460494601184256,0.2397498436190283,0.5272021398912349,0.266781743084236,0.0056041448972483
1ruyH02,379,0.1351392467568876,0.2261162344479121,0.5884651701534693,0.3548094765831143,0.0112025267392172
1ruyH02,413,0.1292708551027516,0.1991254689571967,0.4811325627131314,0.5201980040569951,0.0302264454893765
1ruyH02,450,0.110196471531676,0.1692175894611123,0.3722844629949504,0.4963084466266876,0.0410991834949333
1s0pA01,320,0.237010337291039,0.293113041735306,0.7742798460287739,0.7115423171864003,0.1389016480595427
1s0pA01,348,0.2991368066631224,0.3584666019715362,0.7643564759507366,0.7175652014267508,0.2374117195345266
1s0pA01,379,0.2733036210053753,0.3433657278759122,0.6753793529476423,0.6948551594101356,0.2177116781853623
1s0pA01,413,0.2165492350404631,0.2958138442469186,0.7612869736404518,0.7796471598706497,0.1754473388859354
1s0pA01,450,0.104528442317916,0.1297241183554178,0.6701866090857945,0.7266070869080599,0.0288233209285841
1svpA01,320,0.0965900543900543,0.137868127306306,0.3686264623907334,0.4707335886886556,0.0313443667443667
1svpA01,348,0.1263218337218337,0.172149568740572,0.0714735408278903,0.2158825604198778,0.0916268842268842
1svpA01,379,0.1100683796823331,0.1442230566891717,0.1934664985584795,0.3930304455174367,0.0850570860663884
1svpA01,413,0.0994905982905982,0.1294077989019405,0.1815468921744278,0.3565849595916107,0.0815940947940948
1svpA01,450,0.0963902097902097,0.1163672446466912,0.5487595514292949,0.6998212824953932,0.091638073038073
1ti2A01,320,0.051628711355984,0.0751444165033758,0.3327908763440857,0.6486857463770922,0.0395099479644934
1ti2A01,348,0.0479476584022038,0.0672656071729052,0.4736513783448306,0.6289888987163874,0.0442561983471074
1ti2A01,379,0.0548077747168656,0.0761388795884401,0.2514867272027566,0.4226547989756425,0.0451248852157943
1ti2A01,413,0.0656711049892868,0.0906347164580239,0.5259356128468718,0.4823549535808045,0.0642183960820324
1ti2A01,450,0.0599664830119375,0.0809226936763214,0.6855068127863763,0.6565699670218894,0.0596319253137434
1tvfA02,320,0.0892367149758453,0.1253689605716883,0.411168360264442,0.3843078914015645,0.0892367149758454
1tvfA02,348,0.0541900161030595,0.0771274027163909,0.6984693862573684,0.4757212679100027,0.0539194847020933
1tvfA02,379,0.1064169264222286,0.1316417419659489,0.7214691018234843,0.2326590776206495,0.1064169264222286
1tvfA02,413,0.0909431899037561,0.1086544594333021,0.4390741072238955,0.4046604029866442,0.0898976145002434
1tvfA02,450,0.0818464353681745,0.0996176655016099,0.524572812494131,0.5115708345957899,0.0811809398331137
1tvjA00,320,0.1231564700359881,0.199178008603939,0.8987920241583838,0.836484364974925,0.053602374867435
1tvjA00,348,0.1184145673603504,0.1950836128463763,0.9010293877651888,0.8431769149848167,0.0528723986856517
1tvjA00,379,0.1282569757536134,0.1986420634965937,0.8931832394393359,0.8415746699170044,0.0478840364983542
1tvjA00,413,0.130718719031972,0.1967366123826931,0.8587758101767693,0.8223503190134067,0.0352443540395347
1tvjA00,450,0.1013650359011804,0.1373352219069943,0.8170926471897906,0.8370884903755279,0.0033932700498965
1twfA04,320,0.1067673672867471,0.1679442590126823,0.9123832237981192,0.6958948483731409,0.0023305442762807
1twfA04,348,0.0905584415584415,0.1183424693346797,0.9623153837943084,0.5798341207240031,0.0263169793169793
1twfA04,379,0.1071240981240981,0.1389245701043771,0.9375289805806212,0.6030412898804801,0.0285459355459355
1twfA04,413,0.1180371973705307,0.1435993929992346,0.8589526568648,0.5846731293516381,0.0410671797338463
1twfA04,450,0.0830105132962275,0.1074768301364008,0.7411819484393071,0.7479679495128556,0.0812523420142468
1txlA00,320,0.0889923905057502,0.1587654705475299,0.9176748406491576,0.8825436079842212,0.0230907541521099
1txlA00,348,0.0857339888244143,0.1414649526991626,0.9111009403279214,0.852836560143347,0.0171023533204383
1txlA00,379,0.0759671717171717,0.1328669762104462,0.9064192406653868,0.8876589628264728,0.0276487749838813
1txlA00,413,0.0480722652052439,0.083353408991195,0.9014764129213156,0.8666205887310381,0.0167530088115194
1txlA00,450,0.0581590909090909,0.0837417823461748,0.8513284276202762,0.9047622224973916,0.0552599935525467
1u60A00,320,0.1841059788826779,0.2531656816740636,0.8772490366461985,0.885165534987879,0.0876300219018666
1u60A00,348,0.17974551338629,0.2417291340953906,0.8932355710513754,0.9007547040389804,0.0848058252427185
1u60A00,379,0.191735804648426,0.2565591137210812,0.8876786252340574,0.8671348457729524,0.0979082082965577
1u60A00,413,0.2068089634206139,0.2731660487634899,0.8712197069588277,0.8808549520839932,0.1089153345755288
1u60A00,450,0.1564345395704618,0.2077849754283211,0.9165149698181768,0.8588232634961787,0.0714577817005001
1uh4A02,320,0.184191011772572,0.2575769646405929,0.8047554673239125,0.7327633903486086,0.0342008978675644
1uh4A02,348,0.1968154834395969,0.27045627352391,0.7813353981095523,0.6956497753849222,0.0409278124029897
1uh4A02,379,0.1865327116520681,0.2713243904858307,0.7385250046678703,0.6808718042138945,0.0546205437876428
1uh4A02,413,0.1386601373409884,0.2131214699902612,0.6703428484716278,0.65736362739167,0.0231156891440579
1uh4A02,450,0.0913223965422547,0.1222830416670668,0.6062235781008714,0.6287460389360711,0.0296807316665472
