Temperature,Correlation,ID,Comparison
320,0.4980196637888051,1sk7A00,AlphaFold
320,0.6840129382990062,1bo7A00,AlphaFold
320,0.8686879925378035,1uapA00,AlphaFold
320,0.8862384744939849,1j7mA00,AlphaFold
320,0.8531851422498106,1b06A01,AlphaFold
320,0.8070615177874948,1a48A01,AlphaFold
320,0.8695905779681393,1gqoB00,AlphaFold
320,0.7299407188033871,1lucB00,AlphaFold
320,0.9607388270932332,1jbiA00,AlphaFold
320,0.8261367440540474,1c5eA00,AlphaFold
320,0.8571455422804852,1um8A02,AlphaFold
320,0.9223543331206112,1mkfA01,AlphaFold
320,0.90850543569606,1ti2A01,AlphaFold
320,0.7347353707885972,1dy2A00,AlphaFold
320,0.7825912825126475,1bagA01,AlphaFold
320,0.9503547498839592,1gvhA01,AlphaFold
320,0.7830471740875717,1lkoA01,AlphaFold
320,0.9613382358974076,1hpgA02,AlphaFold
320,0.9288097978960176,1iyuA00,AlphaFold
320,0.8983765762049871,1sznA02,AlphaFold
320,0.7840188666878105,1eq6A00,AlphaFold
320,0.946542780816673,1gyxA01,AlphaFold
320,0.8058010104845267,1mnmC00,AlphaFold
320,0.6310746846972092,1jj2A03,AlphaFold
320,0.8407957822569782,1pqwA00,AlphaFold
320,0.8882148313178752,1kx3D00,AlphaFold
320,0.9474230978877928,1sxrA00,AlphaFold
320,0.5860034391297595,1a39A00,AlphaFold
320,0.8579027418027142,1hk5A03,AlphaFold
320,0.6897412115848328,1k70A02,AlphaFold
320,0.717062169151713,1cb5A01,AlphaFold
320,0.6953251507798313,1gxmB00,AlphaFold
320,0.888503544799148,1q5zA00,AlphaFold
320,0.9555304606199344,1ow4A00,AlphaFold
320,0.9380453693440396,1pv4B01,AlphaFold
320,0.8768191423976796,1jbjA02,AlphaFold
320,0.8996360110602526,1sknP00,AlphaFold
320,0.6774285286861845,1bgqA00,AlphaFold
320,0.7570774231053147,1ghsA00,AlphaFold
320,0.9821830437430996,1gccA00,AlphaFold
320,0.210561509835237,1khcA01,AlphaFold
320,0.851434735623503,1ry9A00,AlphaFold
320,0.7714428597918852,1jw3A00,AlphaFold
320,0.8136293443183451,1tyeA00,AlphaFold
320,0.6328934784324014,1c5kA02,AlphaFold
320,0.9138380828008348,1k8kF00,AlphaFold
320,0.842729464531493,1b2rA02,AlphaFold
320,0.8731551691573367,1eerA00,AlphaFold
320,0.5771637695835881,1ceeB00,AlphaFold
320,0.8880037488985124,1tuaA01,AlphaFold
320,0.5726107801550977,1d2nA02,AlphaFold
320,0.7253083345683,1gwyA00,AlphaFold
320,0.7089828128915033,1j78A05,AlphaFold
320,0.689226173125035,1qhhA00,AlphaFold
320,0.9268299211801424,1l3wA03,AlphaFold
320,0.9362755172674454,1inlC02,AlphaFold
320,0.7849019819870664,1gz1A00,AlphaFold
320,0.9249808401062928,1k32A01,AlphaFold
320,0.9105174495910188,1svpA01,AlphaFold
320,0.4265880640369157,1iq8A02,AlphaFold
320,0.9441319414022156,1c30A08,AlphaFold
320,0.9764206533145396,1e0bA00,AlphaFold
320,0.9253969528655784,1c3gA01,AlphaFold
320,0.9859908722807912,1sqpF00,AlphaFold
320,0.3865343434006215,1s5lH00,AlphaFold
320,0.6227522826057706,1u60A00,AlphaFold
320,0.9312574030359276,1eb6A00,AlphaFold
320,0.3934956078425657,1uh4A02,AlphaFold
320,0.4975320561278256,1a3dA00,AlphaFold
320,0.7439126298343016,1jswA02,AlphaFold
320,0.7342651962548229,1dkiA02,AlphaFold
320,0.9135227691088156,1ng6A02,AlphaFold
320,0.9462238346492028,1l7yA00,AlphaFold
320,0.7279975978027782,1c7sA02,AlphaFold
320,0.8453424791413581,1ffsB00,AlphaFold
320,0.8842577669555567,1lm8V01,AlphaFold
320,0.8905661476113099,1g7uA00,AlphaFold
320,0.9090120075299216,1cywA00,AlphaFold
320,0.5944172706860105,1dh3A00,AlphaFold
320,0.5941594907029558,1oygA01,AlphaFold
320,0.8771758963072009,1gntA02,AlphaFold
320,0.8207462707298181,1o82A00,AlphaFold
320,0.8373154982237659,1jl5A00,AlphaFold
320,0.9690634838654556,1ihvA00,AlphaFold
320,0.7676743543604494,1fwxA01,AlphaFold
320,0.8197604869029711,1gjsA00,AlphaFold
320,0.9311653127224688,1qwzA00,AlphaFold
320,0.8257522404420693,1rzuA02,AlphaFold
320,0.8045915303314399,1dl5A01,AlphaFold
320,0.765028595058509,1ca1A01,AlphaFold
320,0.9188715940258686,1qexA03,AlphaFold
320,0.9024903608072667,1hsjB03,AlphaFold
320,0.9345767218163392,1c8uA01,AlphaFold
320,0.7732864002155834,1ceuA00,AlphaFold
320,0.887386732600537,1fohA03,AlphaFold
320,0.8869244203298794,1h7zA00,AlphaFold
320,0.8787594912486907,1n3kA00,AlphaFold
320,0.9238907936492574,1tezA01,AlphaFold
320,0.8399712484193481,1ryuA00,AlphaFold
320,0.89592909553575,1mzvA00,AlphaFold
320,0.6175646530018665,1pe4A00,AlphaFold
320,0.9439233745150928,1mabB01,AlphaFold
320,0.7452621626351636,1g86A00,AlphaFold
320,0.898023382530053,1dpgA02,AlphaFold
320,0.8654818976470439,1eakA01,AlphaFold
320,0.6275765215323724,1gcyA02,AlphaFold
320,0.7714290735995205,1tltA02,AlphaFold
320,0.819452456758402,1o0sA02,AlphaFold
320,0.8926758685341579,1l3gA00,AlphaFold
320,0.285836815199177,1c7sA04,AlphaFold
320,0.5742490881967047,1escA00,AlphaFold
320,0.4083947180667531,1rv9A00,AlphaFold
320,0.6825465033185022,1h67A00,AlphaFold
320,0.777109656318774,1ezvC00,AlphaFold
320,0.8780311077105333,1gwcA02,AlphaFold
320,0.5917531662090407,1d0bA00,AlphaFold
320,0.9715226025542136,1rq2B02,AlphaFold
320,0.6721104143473499,1uoyA01,AlphaFold
320,0.7912717927763536,1nycA00,AlphaFold
320,0.6777829327952144,1epwA01,AlphaFold
320,0.9523570523872608,1a7gE00,AlphaFold
320,0.5410748520962932,1ulvA04,AlphaFold
320,0.7020795575749355,1bh3A00,AlphaFold
320,0.8339074659068189,1b5fB00,AlphaFold
320,0.9055640865172556,1j2rA00,AlphaFold
320,0.8226279077073838,1t0iA00,AlphaFold
320,0.7004704458728896,1tvjA00,AlphaFold
320,0.8445007719507563,1b9nA03,AlphaFold
320,0.7188604065734966,1a2nA02,AlphaFold
320,0.7029608747054047,1b97A00,AlphaFold
320,0.4857953123918667,1chzA00,AlphaFold
320,0.7350510243587558,1fgxA00,AlphaFold
320,0.7284271681502509,1q2zA00,AlphaFold
320,0.9235070077652016,1sr8A02,AlphaFold
348,0.6521569476596402,1oygA01,AlphaFold
348,0.7108966662871484,1dh3A00,AlphaFold
348,0.8679405295612579,1cywA00,AlphaFold
348,0.864042978173125,1g7uA00,AlphaFold
348,0.8279362062631072,1ffsB00,AlphaFold
348,0.740245122310933,1lm8V01,AlphaFold
348,0.9405116811651671,1ng6A02,AlphaFold
348,0.9668888376835508,1l7yA00,AlphaFold
348,0.7154740554028669,1c7sA02,AlphaFold
348,0.6113686035541827,1a3dA00,AlphaFold
348,0.8346749503601668,1jswA02,AlphaFold
348,0.7983493114413126,1dkiA02,AlphaFold
348,0.5546158061669653,1uh4A02,AlphaFold
348,0.7742080308077302,1u60A00,AlphaFold
348,0.8905790464036136,1eb6A00,AlphaFold
348,0.9649474677258842,1sqpF00,AlphaFold
348,0.5990687864332774,1s5lH00,AlphaFold
348,0.8219063471631172,1c3gA01,AlphaFold
348,0.9428303760674672,1c30A08,AlphaFold
348,0.9188054459264208,1e0bA00,AlphaFold
348,0.654918405981225,1iq8A02,AlphaFold
348,0.9087312401094136,1svpA01,AlphaFold
348,0.6168466949556439,1gz1A00,AlphaFold
348,0.8060986766417997,1k32A01,AlphaFold
348,0.8616022093903228,1inlC02,AlphaFold
348,0.8144216855596419,1qhhA00,AlphaFold
348,0.8703857087333353,1l3wA03,AlphaFold
348,0.7192665367472362,1j78A05,AlphaFold
348,0.9341585737469196,1ryuA00,AlphaFold
348,0.9029510539716388,1mzvA00,AlphaFold
348,0.9090931932758576,1tezA01,AlphaFold
348,0.9077729461748488,1n3kA00,AlphaFold
348,0.7712252594283581,1h7zA00,AlphaFold
348,0.6222647106680589,1ceuA00,AlphaFold
348,0.9215812256483686,1fohA03,AlphaFold
348,0.8748189665959636,1c8uA01,AlphaFold
348,0.8797812418769548,1hsjB03,AlphaFold
348,0.7862071225820338,1ca1A01,AlphaFold
348,0.9026507928571588,1qexA03,AlphaFold
348,0.899554959002073,1rzuA02,AlphaFold
348,0.7899488748246709,1dl5A01,AlphaFold
348,0.8740173337153232,1qwzA00,AlphaFold
348,0.8445669294445569,1fwxA01,AlphaFold
348,0.8294433052350687,1gjsA00,AlphaFold
348,0.91314318065668,1ihvA00,AlphaFold
348,0.8657501245193563,1jl5A00,AlphaFold
348,0.844724386534602,1gntA02,AlphaFold
348,0.7888209109536284,1o82A00,AlphaFold
348,0.6069638334920874,1epwA01,AlphaFold
348,0.803028397274134,1uoyA01,AlphaFold
348,0.6124370024110176,1nycA00,AlphaFold
348,0.8744484629806695,1d0bA00,AlphaFold
348,0.9695574831131322,1rq2B02,AlphaFold
348,0.9251939335295274,1gwcA02,AlphaFold
348,0.6957951658903838,1ezvC00,AlphaFold
348,0.7395903320771718,1h67A00,AlphaFold
348,0.5255552180138411,1escA00,AlphaFold
348,0.5277082001826603,1rv9A00,AlphaFold
348,0.7720432431474659,1tltA02,AlphaFold
348,0.7868221905068339,1o0sA02,AlphaFold
348,0.8124474248670599,1l3gA00,AlphaFold
348,0.3128949132762574,1c7sA04,AlphaFold
348,0.4668171527817046,1gcyA02,AlphaFold
348,0.7976123397288092,1eakA01,AlphaFold
348,0.8640965500992731,1dpgA02,AlphaFold
348,0.8938794526086397,1g86A00,AlphaFold
348,0.9563680087317744,1mabB01,AlphaFold
348,0.7181983323425548,1pe4A00,AlphaFold
348,0.858153284961493,1sr8A02,AlphaFold
348,0.894191181521663,1q2zA00,AlphaFold
348,0.827663345029152,1fgxA00,AlphaFold
348,0.8353089443839531,1chzA00,AlphaFold
348,0.9265453789013536,1b97A00,AlphaFold
348,0.7755897976770809,1a2nA02,AlphaFold
348,0.8955163209950074,1b9nA03,AlphaFold
348,0.6690759249282907,1tvjA00,AlphaFold
348,0.8927789388743066,1t0iA00,AlphaFold
348,0.9494708954496012,1j2rA00,AlphaFold
348,0.847726043009388,1b5fB00,AlphaFold
348,0.742822717368416,1bh3A00,AlphaFold
348,0.7014357268194295,1a7gE00,AlphaFold
348,0.5709241441025052,1ulvA04,AlphaFold
348,0.970625665423316,1jbiA00,AlphaFold
348,0.7295275166848044,1lucB00,AlphaFold
348,0.9000782807021764,1gqoB00,AlphaFold
348,0.825317177300781,1a48A01,AlphaFold
348,0.7436145260763831,1b06A01,AlphaFold
348,0.9139629933041882,1j7mA00,AlphaFold
348,0.9313466152604452,1uapA00,AlphaFold
348,0.6084484726000297,1sk7A00,AlphaFold
348,0.639076727436243,1bo7A00,AlphaFold
348,0.8686483575617161,1sxrA00,AlphaFold
348,0.6637992194258042,1a39A00,AlphaFold
348,0.8377481638758908,1pqwA00,AlphaFold
348,0.9588419756452258,1kx3D00,AlphaFold
348,0.6675890142734038,1mnmC00,AlphaFold
348,0.5318601328710021,1jj2A03,AlphaFold
348,0.5526580189245434,1gyxA01,AlphaFold
348,0.6737739203389446,1eq6A00,AlphaFold
348,0.885315272839691,1sznA02,AlphaFold
348,0.8830199299394496,1iyuA00,AlphaFold
348,0.6849964359362104,1lkoA01,AlphaFold
348,0.953723591054108,1hpgA02,AlphaFold
348,0.7645904431357443,1bagA01,AlphaFold
348,0.9406843603413204,1gvhA01,AlphaFold
348,0.8148810255247689,1dy2A00,AlphaFold
348,0.5995737364559138,1ti2A01,AlphaFold
348,0.9411307688396144,1mkfA01,AlphaFold
348,0.8564832974434279,1um8A02,AlphaFold
348,0.7481886069292502,1c5eA00,AlphaFold
348,0.8929856329298937,1sknP00,AlphaFold
348,0.7373804977428959,1jbjA02,AlphaFold
348,0.9416751462768758,1pv4B01,AlphaFold
348,0.9337624055061428,1ow4A00,AlphaFold
348,0.608734766856823,1q5zA00,AlphaFold
348,0.639049396449767,1gxmB00,AlphaFold
348,0.6442026312594348,1cb5A01,AlphaFold
348,0.862956651829273,1k70A02,AlphaFold
348,0.8482324757274864,1hk5A03,AlphaFold
348,0.7595221182152386,1d2nA02,AlphaFold
348,0.6998980839778376,1gwyA00,AlphaFold
348,0.8595462642370043,1eerA00,AlphaFold
348,0.8218944841267217,1ceeB00,AlphaFold
348,0.8489129344286355,1tuaA01,AlphaFold
348,0.871116134306092,1b2rA02,AlphaFold
348,0.6467491669302844,1k8kF00,AlphaFold
348,0.6598244001442484,1c5kA02,AlphaFold
348,0.8131861593519913,1jw3A00,AlphaFold
348,0.7120585409372597,1tyeA00,AlphaFold
348,0.4394057478497737,1khcA01,AlphaFold
348,0.7314815478021771,1ry9A00,AlphaFold
348,0.9390321304511792,1gccA00,AlphaFold
348,0.7429270333472136,1ghsA00,AlphaFold
348,0.819578696629639,1bgqA00,AlphaFold
379,0.8899091148793666,1h67A00,AlphaFold
379,0.7383191476722482,1gwcA02,AlphaFold
379,0.5174854524390459,1uoyA01,AlphaFold
379,0.5301061124612033,1nycA00,AlphaFold
379,0.7440407288012715,1d0bA00,AlphaFold
379,0.951061163225666,1rq2B02,AlphaFold
379,0.4299690464551486,1epwA01,AlphaFold
379,0.8413697085221706,1mabB01,AlphaFold
379,0.8947325783481022,1pe4A00,AlphaFold
379,0.8648490256047545,1dpgA02,AlphaFold
379,0.7108769086638147,1g86A00,AlphaFold
379,0.8551847523747732,1eakA01,AlphaFold
379,0.4576242588199015,1gcyA02,AlphaFold
379,0.7271729397680319,1tltA02,AlphaFold
379,0.6901936528765359,1o0sA02,AlphaFold
379,0.9507172425661724,1l3gA00,AlphaFold
379,0.659529496292544,1c7sA04,AlphaFold
379,0.5872274325427318,1escA00,AlphaFold
379,0.8392035997081428,1rv9A00,AlphaFold
379,0.7966748041653029,1b9nA03,AlphaFold
379,0.7379704028035141,1a2nA02,AlphaFold
379,0.8625298222204458,1b97A00,AlphaFold
379,0.8181346698786702,1fgxA00,AlphaFold
379,0.7967274674329083,1chzA00,AlphaFold
379,0.6920428974691334,1q2zA00,AlphaFold
379,0.9164610471806742,1sr8A02,AlphaFold
379,0.7477549989337464,1ulvA04,AlphaFold
379,0.7002806041455882,1a7gE00,AlphaFold
379,0.5622101910226848,1bh3A00,AlphaFold
379,0.8933852491936031,1b5fB00,AlphaFold
379,0.8278462215852365,1j2rA00,AlphaFold
379,0.8496241970680619,1t0iA00,AlphaFold
379,0.5044749966172505,1tvjA00,AlphaFold
379,0.9015894761121036,1c3gA01,AlphaFold
379,0.938061630358281,1sqpF00,AlphaFold
379,0.6744728249089107,1s5lH00,AlphaFold
379,0.6210509707366774,1uh4A02,AlphaFold
379,0.6455621548722453,1u60A00,AlphaFold
379,0.2084605191752532,1eb6A00,AlphaFold
379,0.8771527223334122,1ng6A02,AlphaFold
379,0.8494729698722763,1l7yA00,AlphaFold
379,0.6587747034695405,1c7sA02,AlphaFold
379,0.800518037647892,1a3dA00,AlphaFold
379,0.6539293710656008,1jswA02,AlphaFold
379,0.8608007965995439,1dkiA02,AlphaFold
379,0.72878943101045,1ffsB00,AlphaFold
379,0.7224347868714116,1lm8V01,AlphaFold
379,0.8925554811316161,1cywA00,AlphaFold
379,0.543233371947781,1g7uA00,AlphaFold
379,0.7807909169766445,1oygA01,AlphaFold
379,0.9162754815887444,1dh3A00,AlphaFold
379,0.7801207242892749,1j78A05,AlphaFold
379,0.8892483694532893,1inlC02,AlphaFold
379,0.6360807354289582,1qhhA00,AlphaFold
379,0.934017159329244,1l3wA03,AlphaFold
379,0.6220725018516927,1gz1A00,AlphaFold
379,0.8208605342198274,1k32A01,AlphaFold
379,0.8050135525123103,1svpA01,AlphaFold
379,0.9576882962586816,1c30A08,AlphaFold
379,0.9317199023628292,1e0bA00,AlphaFold
379,0.6590905617651929,1iq8A02,AlphaFold
379,0.8955090325834931,1c8uA01,AlphaFold
379,0.7411602627820658,1ceuA00,AlphaFold
379,0.8649875316441649,1fohA03,AlphaFold
379,0.750013994288222,1h7zA00,AlphaFold
379,0.8095850442808151,1n3kA00,AlphaFold
379,0.935214648913664,1tezA01,AlphaFold
379,0.8503132090133606,1ryuA00,AlphaFold
379,0.8597307168143333,1mzvA00,AlphaFold
379,0.3591333106655893,1gntA02,AlphaFold
379,0.8973517841227784,1o82A00,AlphaFold
379,0.8200043668740084,1jl5A00,AlphaFold
379,0.7871006104813444,1ihvA00,AlphaFold
379,0.7722065000138542,1fwxA01,AlphaFold
379,0.944227690109873,1gjsA00,AlphaFold
379,0.8843890040618394,1rzuA02,AlphaFold
379,0.8889223199865764,1dl5A01,AlphaFold
379,0.8874062320614123,1qwzA00,AlphaFold
379,0.7303227606865741,1ca1A01,AlphaFold
379,0.8891723930402085,1qexA03,AlphaFold
379,0.863736695480973,1hsjB03,AlphaFold
379,0.5406987365783774,1gxmB00,AlphaFold
379,0.6670609180239722,1q5zA00,AlphaFold
379,0.8396943797089383,1ow4A00,AlphaFold
379,0.9228850127784568,1pv4B01,AlphaFold
379,0.8117448534486321,1jbjA02,AlphaFold
379,0.4540522908206574,1sknP00,AlphaFold
379,0.7792602770058364,1hk5A03,AlphaFold
379,0.8426230355238321,1k70A02,AlphaFold
379,0.7624401312458753,1cb5A01,AlphaFold
379,0.9059604944228044,1k8kF00,AlphaFold
379,0.80811648178658,1b2rA02,AlphaFold
379,0.793085104036733,1d2nA02,AlphaFold
379,0.6214487461742213,1gwyA00,AlphaFold
379,0.3840439322342765,1ceeB00,AlphaFold
379,0.6706099033856366,1eerA00,AlphaFold
379,0.6800199459114419,1tuaA01,AlphaFold
379,0.7077626401317965,1ghsA00,AlphaFold
379,0.7266306292543022,1bgqA00,AlphaFold
379,0.6143148374854326,1gccA00,AlphaFold
379,0.8247327974935877,1khcA01,AlphaFold
379,0.7723054064823618,1ry9A00,AlphaFold
379,0.7086790651982081,1jw3A00,AlphaFold
379,0.7572841316726017,1tyeA00,AlphaFold
379,0.5228338480099152,1c5kA02,AlphaFold
379,0.86836354432878,1a48A01,AlphaFold
379,0.777442659303709,1b06A01,AlphaFold
379,0.8760883267741251,1gqoB00,AlphaFold
379,0.7503353109530051,1lucB00,AlphaFold
379,0.931434880093626,1jbiA00,AlphaFold
379,0.8025453712721758,1sk7A00,AlphaFold
379,0.6990650974476861,1bo7A00,AlphaFold
379,0.8919499370550302,1uapA00,AlphaFold
379,0.871750917474217,1j7mA00,AlphaFold
379,0.8593543817180486,1gvhA01,AlphaFold
379,0.5994371137345051,1bagA01,AlphaFold
379,0.7480145119369301,1iyuA00,AlphaFold
379,0.5945465101524762,1lkoA01,AlphaFold
379,0.8747048780459307,1hpgA02,AlphaFold
379,0.795876554862094,1eq6A00,AlphaFold
379,0.8955376371924583,1sznA02,AlphaFold
379,0.825310556127338,1gyxA01,AlphaFold
379,0.7179397234649765,1pqwA00,AlphaFold
379,0.7043954764164579,1kx3D00,AlphaFold
379,0.8745626211677753,1mnmC00,AlphaFold
379,0.3868234471568891,1jj2A03,AlphaFold
379,0.8668208815248877,1sxrA00,AlphaFold
379,0.6957443977815455,1a39A00,AlphaFold
379,0.688819351899476,1c5eA00,AlphaFold
379,0.8109838801202558,1um8A02,AlphaFold
379,0.914238602099165,1mkfA01,AlphaFold
379,0.6622802046519146,1dy2A00,AlphaFold
379,0.6827937067411155,1ti2A01,AlphaFold
413,0.7621412368412253,1bo7A00,AlphaFold
413,0.3166998315625908,1sk7A00,AlphaFold
413,0.4249908866408964,1j7mA00,AlphaFold
413,0.8413964861245405,1uapA00,AlphaFold
413,0.7873367889924522,1gqoB00,AlphaFold
413,0.340492894747246,1a48A01,AlphaFold
413,0.8199128564498022,1b06A01,AlphaFold
413,0.9137024630134544,1jbiA00,AlphaFold
413,0.6586609532629697,1lucB00,AlphaFold
413,0.91103981285852,1mkfA01,AlphaFold
413,0.6298343696325972,1um8A02,AlphaFold
413,0.9102286954239076,1c5eA00,AlphaFold
413,0.8147267225123958,1dy2A00,AlphaFold
413,0.80470328816229,1ti2A01,AlphaFold
413,0.5595492549368501,1gyxA01,AlphaFold
413,0.6785945257474552,1eq6A00,AlphaFold
413,0.8379219181414137,1sznA02,AlphaFold
413,0.7936057726901219,1iyuA00,AlphaFold
413,0.3645801662645173,1lkoA01,AlphaFold
413,0.238383632792386,1hpgA02,AlphaFold
413,0.7236000334446546,1bagA01,AlphaFold
413,0.8184347135938992,1gvhA01,AlphaFold
413,0.6661466922234265,1a39A00,AlphaFold
413,0.7775819551967736,1sxrA00,AlphaFold
413,0.805444521417213,1kx3D00,AlphaFold
413,0.7752682306469038,1pqwA00,AlphaFold
413,-0.3855415965457606,1jj2A03,AlphaFold
413,0.7572134754677026,1mnmC00,AlphaFold
413,0.7272325379016146,1cb5A01,AlphaFold
413,0.6479720203538366,1k70A02,AlphaFold
413,0.6229126671689909,1hk5A03,AlphaFold
413,0.8441586733202554,1ow4A00,AlphaFold
413,0.5035367538969384,1q5zA00,AlphaFold
413,0.4383143585878615,1gxmB00,AlphaFold
413,0.6277598345103674,1sknP00,AlphaFold
413,0.756598298101061,1jbjA02,AlphaFold
413,0.8114277422433088,1pv4B01,AlphaFold
413,0.4238348282476569,1ry9A00,AlphaFold
413,0.9134815322610472,1khcA01,AlphaFold
413,0.8023577478123562,1gccA00,AlphaFold
413,0.7924045753490514,1bgqA00,AlphaFold
413,0.5270021144553733,1ghsA00,AlphaFold
413,0.5673569844050838,1c5kA02,AlphaFold
413,0.7559887630804797,1tyeA00,AlphaFold
413,0.69745942254037,1jw3A00,AlphaFold
413,0.8676080927270868,1k8kF00,AlphaFold
413,0.8903716645370232,1d2nA02,AlphaFold
413,0.6189536805402026,1gwyA00,AlphaFold
413,0.7733996857708441,1tuaA01,AlphaFold
413,0.6813733756225252,1eerA00,AlphaFold
413,0.7383359600583453,1ceeB00,AlphaFold
413,0.7547020804067925,1b2rA02,AlphaFold
413,0.5774509346012635,1inlC02,AlphaFold
413,0.6562638855685378,1qhhA00,AlphaFold
413,0.918116147968564,1l3wA03,AlphaFold
413,0.8778810478362893,1j78A05,AlphaFold
413,0.9153658499096404,1e0bA00,AlphaFold
413,0.6618212513290115,1c30A08,AlphaFold
413,0.1653649251779919,1iq8A02,AlphaFold
413,0.5177249692437014,1svpA01,AlphaFold
413,0.7437132518876435,1k32A01,AlphaFold
413,0.5833534569539343,1gz1A00,AlphaFold
413,0.8411354916251857,1l7yA00,AlphaFold
413,0.8792608049369304,1c7sA02,AlphaFold
413,0.7910259640029533,1ng6A02,AlphaFold
413,0.7783892667451873,1a3dA00,AlphaFold
413,0.7592604618852618,1dkiA02,AlphaFold
413,0.6559398570250897,1jswA02,AlphaFold
413,0.6857778944800639,1uh4A02,AlphaFold
413,0.2184005839738112,1eb6A00,AlphaFold
413,0.5164474508118679,1u60A00,AlphaFold
413,0.7662372127588163,1s5lH00,AlphaFold
413,0.8699331462518561,1sqpF00,AlphaFold
413,0.6069891496444692,1c3gA01,AlphaFold
413,0.7494561230859716,1oygA01,AlphaFold
413,0.8770202371812098,1dh3A00,AlphaFold
413,0.8183621958707861,1cywA00,AlphaFold
413,0.789820436355629,1g7uA00,AlphaFold
413,0.7092219692733136,1lm8V01,AlphaFold
413,0.8637254099098064,1ffsB00,AlphaFold
413,0.2276147391450676,1ihvA00,AlphaFold
413,0.594301591597143,1jl5A00,AlphaFold
413,0.7444814769727777,1o82A00,AlphaFold
413,0.8842559987581842,1gntA02,AlphaFold
413,0.6137575663905768,1hsjB03,AlphaFold
413,0.7598522120086264,1qexA03,AlphaFold
413,0.6896721140504167,1ca1A01,AlphaFold
413,0.9005531243774022,1dl5A01,AlphaFold
413,0.8511402610022452,1rzuA02,AlphaFold
413,0.927855962372802,1qwzA00,AlphaFold
413,0.6758647828606535,1gjsA00,AlphaFold
413,0.7747266471167877,1fwxA01,AlphaFold
413,0.7461712197676037,1h7zA00,AlphaFold
413,0.6640272086295933,1ceuA00,AlphaFold
413,0.4967029443339536,1fohA03,AlphaFold
413,0.291695057529563,1c8uA01,AlphaFold
413,0.8507024694547577,1mzvA00,AlphaFold
413,0.7851570987850048,1ryuA00,AlphaFold
413,0.8687490424661353,1tezA01,AlphaFold
413,0.590888535006121,1n3kA00,AlphaFold
413,0.8341666630135438,1dpgA02,AlphaFold
413,0.8986687821611479,1g86A00,AlphaFold
413,0.901455124625242,1mabB01,AlphaFold
413,0.8665719719558915,1pe4A00,AlphaFold
413,0.7153860025672701,1rv9A00,AlphaFold
413,0.4164385213658333,1escA00,AlphaFold
413,0.9073186629580984,1c7sA04,AlphaFold
413,0.5575376051139306,1o0sA02,AlphaFold
413,0.7256839868503209,1tltA02,AlphaFold
413,0.8991546391556035,1l3gA00,AlphaFold
413,0.3980234719002491,1gcyA02,AlphaFold
413,0.6747292462957799,1eakA01,AlphaFold
413,0.7571313868608273,1gwcA02,AlphaFold
413,0.8412581311259424,1h67A00,AlphaFold
413,0.4059839157433659,1epwA01,AlphaFold
413,0.3736026903804882,1nycA00,AlphaFold
413,0.8645845509911481,1uoyA01,AlphaFold
413,0.5705479169193477,1rq2B02,AlphaFold
413,0.3472171775445498,1d0bA00,AlphaFold
413,0.419667320986623,1bh3A00,AlphaFold
413,0.7314694947609258,1a7gE00,AlphaFold
413,0.9020786466081724,1ulvA04,AlphaFold
413,0.6988728946783679,1t0iA00,AlphaFold
413,0.6245683609919559,1tvjA00,AlphaFold
413,0.8186222536486999,1b5fB00,AlphaFold
413,0.835201643852342,1j2rA00,AlphaFold
413,0.7732091390038742,1b97A00,AlphaFold
413,0.7510455042146569,1a2nA02,AlphaFold
413,0.4657665578866558,1b9nA03,AlphaFold
413,0.9466460631133196,1sr8A02,AlphaFold
413,0.4810585609698433,1q2zA00,AlphaFold
413,0.5567148470700766,1chzA00,AlphaFold
413,0.7890058834773284,1fgxA00,AlphaFold
450,0.7093987851799342,1j78A05,AlphaFold
450,0.7370237900104464,1inlC02,AlphaFold
450,0.9137311837829468,1l3wA03,AlphaFold
450,0.7294043956815692,1qhhA00,AlphaFold
450,0.6096687928659075,1k32A01,AlphaFold
450,0.497342151448692,1gz1A00,AlphaFold
450,0.6247271295973433,1svpA01,AlphaFold
450,0.63706824983341,1c30A08,AlphaFold
450,0.7128870370221396,1e0bA00,AlphaFold
450,0.5531398360026683,1iq8A02,AlphaFold
450,0.863543118251851,1c3gA01,AlphaFold
450,0.4565078603595334,1s5lH00,AlphaFold
450,0.7036943273937544,1sqpF00,AlphaFold
450,0.6256980625342239,1uh4A02,AlphaFold
450,0.3518846778240331,1eb6A00,AlphaFold
450,0.5330015284980993,1u60A00,AlphaFold
450,0.7126970362142927,1ng6A02,AlphaFold
450,0.3415714703608281,1c7sA02,AlphaFold
450,0.7622583303966338,1l7yA00,AlphaFold
450,0.5161747962832471,1dkiA02,AlphaFold
450,0.3691279651103429,1jswA02,AlphaFold
450,0.8545354865064174,1a3dA00,AlphaFold
450,0.6975090592569884,1ffsB00,AlphaFold
450,0.8021587577722544,1lm8V01,AlphaFold
450,0.8184986932671868,1cywA00,AlphaFold
450,0.671388385815033,1g7uA00,AlphaFold
450,0.7494145708288807,1oygA01,AlphaFold
450,0.5887209707642529,1dh3A00,AlphaFold
450,0.6189206939667067,1gntA02,AlphaFold
450,0.7213994421571169,1o82A00,AlphaFold
450,0.6021560794473398,1jl5A00,AlphaFold
450,0.6195308677353943,1ihvA00,AlphaFold
450,0.4667504634328775,1gjsA00,AlphaFold
450,0.6196174185870101,1fwxA01,AlphaFold
450,0.5379112030514884,1rzuA02,AlphaFold
450,0.7357394313594797,1dl5A01,AlphaFold
450,0.8669034627247267,1qwzA00,AlphaFold
450,0.7023218033103703,1ca1A01,AlphaFold
450,0.3547313580825256,1qexA03,AlphaFold
450,0.792306636155067,1hsjB03,AlphaFold
450,0.8286055802699241,1c8uA01,AlphaFold
450,0.6882810296283519,1fohA03,AlphaFold
450,0.777656436616911,1ceuA00,AlphaFold
450,0.6558789755924697,1h7zA00,AlphaFold
450,0.1464695223255756,1n3kA00,AlphaFold
450,0.571427876919063,1tezA01,AlphaFold
450,0.4782336112288273,1mzvA00,AlphaFold
450,0.6093144705263435,1ryuA00,AlphaFold
450,0.7188700674318939,1mabB01,AlphaFold
450,0.8002731952611323,1pe4A00,AlphaFold
450,0.6928404545442532,1dpgA02,AlphaFold
450,0.6313642647492029,1g86A00,AlphaFold
450,0.7884832551058204,1eakA01,AlphaFold
450,0.4346211015544836,1gcyA02,AlphaFold
450,0.669836021365743,1l3gA00,AlphaFold
450,0.7114861660315508,1o0sA02,AlphaFold
450,0.7177278347196401,1tltA02,AlphaFold
450,0.209616921483856,1c7sA04,AlphaFold
450,0.6592668649672991,1escA00,AlphaFold
450,0.8133365522646457,1rv9A00,AlphaFold
450,0.751530269096883,1h67A00,AlphaFold
450,0.4917051821242432,1gwcA02,AlphaFold
450,0.6516876969469891,1nycA00,AlphaFold
450,0.7563247212083916,1uoyA01,AlphaFold
450,0.5731971383453159,1d0bA00,AlphaFold
450,0.4948091566164947,1rq2B02,AlphaFold
450,0.4440638947351641,1epwA01,AlphaFold
450,0.8232253896326651,1ulvA04,AlphaFold
450,0.4509666492261989,1a7gE00,AlphaFold
450,0.2148371617362059,1bh3A00,AlphaFold
450,0.7516528395837478,1j2rA00,AlphaFold
450,0.6186810169416851,1b5fB00,AlphaFold
450,0.5677994072192212,1tvjA00,AlphaFold
450,0.7261328442313519,1t0iA00,AlphaFold
450,0.5054260522198452,1b9nA03,AlphaFold
450,0.4988501217096019,1a2nA02,AlphaFold
450,0.7085001279761454,1b97A00,AlphaFold
450,0.680773738299469,1chzA00,AlphaFold
450,0.4706296654201048,1fgxA00,AlphaFold
450,0.7650655386722598,1q2zA00,AlphaFold
450,0.5594942346988879,1sr8A02,AlphaFold
450,0.6602797084722928,1bo7A00,AlphaFold
450,0.5942930564059499,1sk7A00,AlphaFold
450,0.7410509921136683,1uapA00,AlphaFold
450,0.8073432826538521,1j7mA00,AlphaFold
450,0.4666488480017409,1a48A01,AlphaFold
450,0.416024233099863,1b06A01,AlphaFold
450,0.5090044446549855,1gqoB00,AlphaFold
450,0.7534860917675267,1lucB00,AlphaFold
450,0.8400178400111342,1jbiA00,AlphaFold
450,0.7115847108756852,1c5eA00,AlphaFold
450,0.5589327375508569,1um8A02,AlphaFold
450,0.8872819725089135,1mkfA01,AlphaFold
450,0.7857745364237332,1dy2A00,AlphaFold
450,0.66188238050006,1ti2A01,AlphaFold
450,0.5322752484351108,1gvhA01,AlphaFold
450,0.5012934418592606,1bagA01,AlphaFold
450,0.6060147081455616,1iyuA00,AlphaFold
450,0.2807273401830318,1hpgA02,AlphaFold
450,0.7458917055725448,1lkoA01,AlphaFold
450,0.802826484392509,1eq6A00,AlphaFold
450,0.809561967056258,1sznA02,AlphaFold
450,0.7783856166755236,1gyxA01,AlphaFold
450,0.811133832855076,1pqwA00,AlphaFold
450,0.1964530641110091,1kx3D00,AlphaFold
450,0.0350507468984182,1jj2A03,AlphaFold
450,0.7823531343781105,1mnmC00,AlphaFold
450,0.7647634099898496,1sxrA00,AlphaFold
450,0.5852777519688138,1a39A00,AlphaFold
450,0.8987397624413409,1hk5A03,AlphaFold
450,0.4466055565567758,1k70A02,AlphaFold
450,0.7779215152699187,1cb5A01,AlphaFold
450,0.6331225415530828,1gxmB00,AlphaFold
450,0.2543170901259228,1q5zA00,AlphaFold
450,0.9295078193356752,1ow4A00,AlphaFold
450,0.4827706272208916,1pv4B01,AlphaFold
450,0.8576979502045227,1jbjA02,AlphaFold
450,0.5870841424921982,1sknP00,AlphaFold
450,0.7212122925681448,1bgqA00,AlphaFold
450,0.8049499050961556,1ghsA00,AlphaFold
450,0.7676205714050054,1gccA00,AlphaFold
450,0.698374821435885,1khcA01,AlphaFold
450,0.4559297425449604,1ry9A00,AlphaFold
450,0.2788253013668561,1jw3A00,AlphaFold
450,0.6378407421021252,1tyeA00,AlphaFold
450,0.4585247975434834,1c5kA02,AlphaFold
450,0.6121733156243738,1k8kF00,AlphaFold
450,0.7273103555477919,1b2rA02,AlphaFold
450,0.7633836603962129,1gwyA00,AlphaFold
450,0.9530495544534932,1d2nA02,AlphaFold
450,0.7429424832151471,1tuaA01,AlphaFold
450,0.4490316116397069,1ceeB00,AlphaFold
450,0.6476558447322511,1eerA00,AlphaFold
320,0.7012735288505318,1e1gA00,DCA
320,0.8585338897411068,1tuaA01,DCA
320,0.8619483015424958,1eerA00,DCA
320,0.8249675679408226,1ceeB00,DCA
320,0.4380655704058409,1gwyA00,DCA
320,0.5838305339904664,1d2nA02,DCA
320,0.7539752641599949,1cz4A02,DCA
320,0.9228747719228726,1b2rA02,DCA
320,0.6108423318352013,1ruyH02,DCA
320,0.8944668318229112,1s0pA01,DCA
320,0.6248838094132187,1c5kA02,DCA
320,0.9492738928188238,1hcnA00,DCA
320,0.8637934510539366,1k8kD01,DCA
320,0.4870459229292139,1tyeA00,DCA
320,0.5096004394956741,1jw3A00,DCA
320,0.6915043807718525,1ry9A00,DCA
320,0.6049751058425539,1bkcE00,DCA
320,0.3580736839399908,1khcA01,DCA
320,0.5289772595600185,1ak2A00,DCA
320,0.8411686990109913,1qwjB00,DCA
320,0.758084591922094,1ghsA00,DCA
320,0.5553395700703447,1bgqA00,DCA
320,0.5196546065249921,1fcdA03,DCA
320,0.8171492537262846,1kx3G00,DCA
320,0.8759458965949557,1o75A03,DCA
320,0.9264726877840104,1sknP00,DCA
320,0.8203066639842403,1dkyB02,DCA
320,0.7991043411551875,1jbjA02,DCA
320,0.5400896501695706,1mu5A02,DCA
320,0.8983545038098382,1pv4B01,DCA
320,0.9541739918190886,1ow4A00,DCA
320,0.4687527413255348,1lf6A02,DCA
320,0.7902403277800076,1q5zA00,DCA
320,0.5905024896379358,1gxmB00,DCA
320,0.4687072031967815,1ezjA02,DCA
320,0.6351190964791441,1cb5A01,DCA
320,0.5699342586004115,1k70A02,DCA
320,0.7627023222663966,1j0tA00,DCA
320,0.8379510301126264,1hk5A03,DCA
320,0.4275287138232658,1tyjA00,DCA
320,0.8935733623262314,1reoA03,DCA
320,0.6131024652041338,1eovA02,DCA
320,0.8490458094985552,1tujA00,DCA
320,0.7683224299686235,1e6vA03,DCA
320,0.8552374676845421,1qrjA01,DCA
320,0.837388346863198,1tdpA00,DCA
320,0.3591318579774467,1a39A00,DCA
320,0.5140555049544672,1eysL02,DCA
320,0.4654441920825928,1jj2A03,DCA
320,0.688232467689418,1kx3D00,DCA
320,0.7129793514420268,1pqwA00,DCA
320,0.7507007073092912,1gyxA01,DCA
320,0.9253343339735808,1ibcB00,DCA
320,0.9065259220100464,1sznA02,DCA
320,0.7295247200095293,1ft9A02,DCA
320,0.798317059206852,1ig0A01,DCA
320,0.5142765881117363,1hpgA02,DCA
320,0.791208275077318,1lkoA01,DCA
320,0.6969211180759827,1gakA00,DCA
320,0.8907716099829468,1iyuA00,DCA
320,0.3959195054353042,1bagA01,DCA
320,0.973239219658409,1gvhA01,DCA
320,0.91237386777314,1h19A02,DCA
320,0.8172146246960351,1ti2A01,DCA
320,0.9011269463588176,1hyoA01,DCA
320,0.9625355542329618,1mtyG02,DCA
320,0.843754074341708,1j5sA02,DCA
320,0.8056234668774552,1mkfA01,DCA
320,0.7806644828553216,1c16A01,DCA
320,0.7410313211985752,1um8A02,DCA
320,0.8700269710252333,1c5eA00,DCA
320,0.8755970854639256,1jbiA00,DCA
320,0.9786804352769805,1t4lB00,DCA
320,0.5787994307310758,1kplA00,DCA
320,0.6758105177693058,1aocA00,DCA
320,0.6395523843575881,1lucB00,DCA
320,0.6791386657435016,1gqoB00,DCA
320,0.6213476213868427,1lcsA00,DCA
320,0.8517109914628412,1j8mF01,DCA
320,0.8172617262983958,1pjqA03,DCA
320,0.6284849690340902,1b1yA00,DCA
320,0.7917586671615948,1b4rA00,DCA
320,0.9143389708690768,1jqpA01,DCA
320,0.6573834908349292,1sk7A00,DCA
320,0.5923794708125905,1a1zA00,DCA
320,0.9752605248209104,1m2dA00,DCA
320,0.724774376145698,1sumB02,DCA
320,0.801394869275961,1b4aA01,DCA
320,0.614855034908502,1u0bB02,DCA
320,0.781402070266238,1sr8A02,DCA
320,0.9064536079887376,1e9rA02,DCA
320,0.6831145822183503,1q2zA00,DCA
320,0.545051155459084,1fgxA00,DCA
320,0.7662647522489278,1chzA00,DCA
320,0.6404439180595918,1b97A00,DCA
320,0.7234100241335757,1b9nA03,DCA
320,0.7397925120212137,1beoA00,DCA
320,0.7320223795941986,1l5jA04,DCA
320,0.91054088159239,1t0iA00,DCA
320,0.6671103147987888,1b5fB00,DCA
320,0.7839185114989863,1j2rA00,DCA
320,0.9129866383636682,1mzbA02,DCA
320,0.5408291893289038,1uaiA00,DCA
320,0.3186313223124875,1ulvA04,DCA
320,0.7197527790934337,1eysL01,DCA
320,0.4487973147616507,1epwA01,DCA
320,0.5725133053901812,1d0bA00,DCA
320,0.595716286964216,1nycA00,DCA
320,0.7061389789944982,1uoyA01,DCA
320,0.9470768600050078,1lfwA03,DCA
320,0.943312487399778,1igqB00,DCA
320,0.8078122653069365,1ex0A03,DCA
320,0.5333624957335819,1m55A00,DCA
320,0.8674509445500945,1otvA00,DCA
320,0.6581656556035003,1ezvC00,DCA
320,0.8805418085364737,1gwcA02,DCA
320,0.8658398517292079,1h67A00,DCA
320,0.2938601335172178,1rv9A00,DCA
320,0.4167102322879019,1escA00,DCA
320,0.5045908654718477,1c7sA04,DCA
320,0.8628820284325368,1l3gA00,DCA
320,0.629303041199414,1tltA02,DCA
320,0.7088566758797697,1fjkA00,DCA
320,0.7220838502156985,1ffvC03,DCA
320,0.7797164074228401,1gcyA02,DCA
320,0.4691612326487386,1hxnA00,DCA
320,0.8103378186872452,1eakA01,DCA
320,0.6713215931529812,1hf2A02,DCA
320,0.6529188559484749,1g86A00,DCA
320,0.5822303286691253,1dpgA02,DCA
320,0.7455235578860766,1pe4A00,DCA
320,0.8541745028977549,1mabB01,DCA
320,0.3185238360210641,1rwrA00,DCA
320,0.4770562699001089,1bf6A00,DCA
320,0.7632188168924073,1mzvA00,DCA
320,0.7416538386054039,1ryuA00,DCA
320,0.8616019262819173,1cukA01,DCA
320,0.8243908142510643,1cfbA02,DCA
320,0.8373690265266001,1tezA01,DCA
320,0.9261286337449708,1adnA00,DCA
320,0.7317283540456804,1n3kA00,DCA
320,0.6863874254394983,1twfA04,DCA
320,0.7274206309469757,1o9iA02,DCA
320,0.4504601863096509,1h7zA00,DCA
320,0.4008230678493138,1ceuA00,DCA
320,0.9052127772069064,1pf5A00,DCA
320,0.9787068623497688,1irzA00,DCA
320,0.8430290721215763,1js2A00,DCA
320,0.6518145440347725,1rjlC00,DCA
320,0.7928893642195901,1u0mA01,DCA
320,0.3342366627444829,1c01A00,DCA
320,0.5675388320522087,1ca1A01,DCA
320,0.4543248241813772,1ji3A00,DCA
320,0.904870029248324,1qwzA00,DCA
320,0.7393609963507971,1gxeA00,DCA
320,0.6929974691159413,1dl5A01,DCA
320,0.7263849076174406,1rzuA02,DCA
320,0.7170673179472664,1st0A02,DCA
320,0.91853868209231,1ihvA00,DCA
320,0.7380250139625582,1o0uA02,DCA
320,0.6266080986229525,1jl5A00,DCA
320,0.8057610148597043,1o82A00,DCA
320,0.8932774653697239,1gntA02,DCA
320,0.6731411921897239,1g7uA00,DCA
320,0.9809702002767366,1tifA00,DCA
320,0.9244305017409548,1cywA00,DCA
320,0.7424570881116659,1tg0A00,DCA
320,0.8007812392363026,1lm8V01,DCA
320,0.8207754405975971,1ffsB00,DCA
320,0.4014815297167728,1dkiA02,DCA
320,0.8178167042203488,1jswA02,DCA
320,0.8407677005871211,1c7sA02,DCA
320,0.9738165529781196,1l7yA00,DCA
320,0.4535630320193111,1eb6A00,DCA
320,0.3689820465888911,1u60A00,DCA
320,0.952006387005191,1sqpF00,DCA
320,0.8832172070455442,1c3gA01,DCA
320,0.6126683505060789,1iq8A02,DCA
320,0.9239426308379,1fb1A01,DCA
320,0.955210868656422,1e0bA00,DCA
320,0.9535775393732826,1c30A08,DCA
320,0.4308232642678891,1svpA01,DCA
320,0.7414473762731515,1k32A01,DCA
320,0.4977633121448741,1gz1A00,DCA
320,0.3331656555689931,1ebfA02,DCA
320,0.6329747721958011,1i5gA00,DCA
320,0.8364323964028989,1tvfA02,DCA
320,0.9054223949803608,1l3wA03,DCA
320,0.5454756766271877,1qhhA00,DCA
320,0.8577435804110762,1k8iB01,DCA
320,0.4448777048946424,1koyA00,DCA
320,0.739514705815807,1j78A05,DCA
348,0.6449087271129657,1uaiA00,DCA
348,0.5468044200111668,1ulvA04,DCA
348,0.8768174087386162,1mzbA02,DCA
348,0.90286858612219,1j2rA00,DCA
348,0.8303080096571439,1b5fB00,DCA
348,0.6368893319440758,1l5jA04,DCA
348,0.912456857522698,1t0iA00,DCA
348,0.9246653556597864,1b9nA03,DCA
348,0.713935440896424,1beoA00,DCA
348,0.8982304875130264,1b97A00,DCA
348,0.7180079561751466,1chzA00,DCA
348,0.5406940512516115,1fgxA00,DCA
348,0.7616935924193581,1q2zA00,DCA
348,0.8159685614783014,1e9rA02,DCA
348,0.8285276038542335,1sr8A02,DCA
348,0.567176665412774,1rwrA00,DCA
348,0.7480078414165592,1mabB01,DCA
348,0.8177640740388176,1pe4A00,DCA
348,0.6690638673663648,1dpgA02,DCA
348,0.7316485203529696,1hf2A02,DCA
348,0.7736058579820971,1g86A00,DCA
348,0.4880470019702916,1hxnA00,DCA
348,0.9343706936480162,1eakA01,DCA
348,0.6256606898350713,1gcyA02,DCA
348,0.700096722469175,1fjkA00,DCA
348,0.7300947330344797,1ffvC03,DCA
348,0.1811241097723294,1c7sA04,DCA
348,0.8181354988722036,1l3gA00,DCA
348,0.7306447029525717,1tltA02,DCA
348,0.1961947781289355,1rv9A00,DCA
348,0.3893765520617063,1escA00,DCA
348,0.8235675027775451,1h67A00,DCA
348,0.8383198375318833,1gwcA02,DCA
348,0.8003280821982287,1ezvC00,DCA
348,0.7960696925157845,1m55A00,DCA
348,0.9133260315395711,1otvA00,DCA
348,0.9260446006893084,1igqB00,DCA
348,0.8550693872133893,1ex0A03,DCA
348,0.9070010134918316,1lfwA03,DCA
348,0.4693052586936953,1nycA00,DCA
348,0.7946197661179608,1uoyA01,DCA
348,0.7738522262035145,1d0bA00,DCA
348,0.2552027653138786,1epwA01,DCA
348,0.5503822663107611,1eysL01,DCA
348,0.8224376820650491,1o82A00,DCA
348,0.8518273506815072,1gntA02,DCA
348,0.6207483022568008,1o0uA02,DCA
348,0.6946158235259114,1jl5A00,DCA
348,0.7888883551848516,1ihvA00,DCA
348,0.8005807605844812,1st0A02,DCA
348,0.6594918188963458,1dl5A01,DCA
348,0.7024781340321192,1rzuA02,DCA
348,0.3919489687003927,1ji3A00,DCA
348,0.8055227685996188,1qwzA00,DCA
348,0.803099628783222,1gxeA00,DCA
348,0.9138399121670144,1ca1A01,DCA
348,0.7283335752353063,1u0mA01,DCA
348,0.3359069197943963,1c01A00,DCA
348,0.6758778866317932,1rjlC00,DCA
348,0.830778311807186,1js2A00,DCA
348,0.9702293007578336,1irzA00,DCA
348,0.7536183261358499,1ceuA00,DCA
348,0.8935019808249455,1pf5A00,DCA
348,0.4879557141566218,1h7zA00,DCA
348,0.7559034126911122,1o9iA02,DCA
348,0.4424620734466524,1twfA04,DCA
348,0.9228104404319912,1adnA00,DCA
348,0.7958446295812097,1n3kA00,DCA
348,0.8504645606541398,1cfbA02,DCA
348,0.9348394179596526,1tezA01,DCA
348,0.9361776049551344,1cukA01,DCA
348,0.5382308986897496,1mzvA00,DCA
348,0.6412332108114811,1ryuA00,DCA
348,0.5210958596019399,1bf6A00,DCA
348,0.6543299506438401,1j78A05,DCA
348,0.7208875670366294,1k8iB01,DCA
348,0.6128036199897399,1koyA00,DCA
348,0.8746699815473512,1tvfA02,DCA
348,0.8404409304162139,1l3wA03,DCA
348,0.7035972733521755,1qhhA00,DCA
348,0.1960439273878647,1i5gA00,DCA
348,0.7794581337274737,1ebfA02,DCA
348,0.7578145358019324,1k32A01,DCA
348,0.6224406410730815,1gz1A00,DCA
348,0.395842188642072,1svpA01,DCA
348,0.9046424553777752,1e0bA00,DCA
348,0.9784874076231184,1c30A08,DCA
348,0.5343964843218788,1iq8A02,DCA
348,0.8561261816303624,1fb1A01,DCA
348,0.8195433863324011,1c3gA01,DCA
348,0.8500357773389563,1sqpF00,DCA
348,0.6961814247416607,1eb6A00,DCA
348,0.4067146578085379,1u60A00,DCA
348,0.8854828964405808,1c7sA02,DCA
348,0.9476472417560164,1l7yA00,DCA
348,0.7997649928794113,1dkiA02,DCA
348,0.8708497256406316,1jswA02,DCA
348,0.640065669677041,1lm8V01,DCA
348,0.7065288443253741,1ffsB00,DCA
348,0.8410254207839875,1tg0A00,DCA
348,0.922816936454854,1cywA00,DCA
348,0.9576293063788368,1tifA00,DCA
348,0.7613773328223649,1g7uA00,DCA
348,0.690639726107749,1bgqA00,DCA
348,0.745039534944184,1ghsA00,DCA
348,0.6356224246041005,1fcdA03,DCA
348,0.9577856938776672,1qwjB00,DCA
348,0.7689187440666123,1ak2A00,DCA
348,0.7871964203479557,1ry9A00,DCA
348,0.596681532881959,1bkcE00,DCA
348,0.3588019551644611,1khcA01,DCA
348,0.8628816573976649,1k8kD01,DCA
348,0.4519550829690201,1tyeA00,DCA
348,0.5952109247354676,1jw3A00,DCA
348,0.927899024853672,1hcnA00,DCA
348,0.6610622057127671,1c5kA02,DCA
348,0.8937534564382148,1s0pA01,DCA
348,0.623240262658195,1ruyH02,DCA
348,0.9317787586553812,1b2rA02,DCA
348,0.7271373494831611,1cz4A02,DCA
348,0.3668680815916437,1gwyA00,DCA
348,0.8501178370416262,1d2nA02,DCA
348,0.6553389004262632,1tuaA01,DCA
348,0.8647346911052524,1eerA00,DCA
348,0.741650192415654,1ceeB00,DCA
348,0.6371847085251936,1e1gA00,DCA
348,0.7982746675441591,1e6vA03,DCA
348,0.8699175771269336,1tujA00,DCA
348,0.8674521997258621,1reoA03,DCA
348,0.6907220001577261,1eovA02,DCA
348,0.6293593387565055,1tyjA00,DCA
348,0.8322365588823439,1j0tA00,DCA
348,0.7353705798780886,1hk5A03,DCA
348,0.6754699565380473,1k70A02,DCA
348,0.5559325861959922,1cb5A01,DCA
348,0.6767445763670874,1ezjA02,DCA
348,0.5347250163545127,1gxmB00,DCA
348,0.5428088193134764,1lf6A02,DCA
348,0.8660071869640067,1q5zA00,DCA
348,0.9536246859237234,1ow4A00,DCA
348,0.954370441828911,1pv4B01,DCA
348,0.5559267745183072,1jbjA02,DCA
348,0.5753812570275425,1mu5A02,DCA
348,0.9297044913482544,1kx3G00,DCA
348,0.8830319215339566,1o75A03,DCA
348,0.8352142897355299,1sknP00,DCA
348,0.9348613249106276,1dkyB02,DCA
348,0.7881945151976396,1c5eA00,DCA
348,0.7505594786463428,1um8A02,DCA
348,0.8235361359873937,1mkfA01,DCA
348,0.7532513273322278,1c16A01,DCA
348,0.9415364993177008,1j5sA02,DCA
348,0.9036066157389504,1mtyG02,DCA
348,0.8520357959507816,1hyoA01,DCA
348,0.7996768595201121,1ti2A01,DCA
348,0.8875341508936999,1h19A02,DCA
348,0.4900866923766635,1bagA01,DCA
348,0.9658511988348418,1gvhA01,DCA
348,0.9155917503773072,1gakA00,DCA
348,0.717623260338556,1iyuA00,DCA
348,0.541416360504828,1ft9A02,DCA
348,0.7190593002185862,1ig0A01,DCA
348,0.7802715295187435,1hpgA02,DCA
348,0.7713110913109323,1lkoA01,DCA
348,0.4069601937407298,1ibcB00,DCA
348,0.833245772142916,1sznA02,DCA
348,0.5220799725122669,1gyxA01,DCA
348,0.9337394385857926,1kx3D00,DCA
348,0.8728042533644179,1pqwA00,DCA
348,0.6532710204621004,1jj2A03,DCA
348,0.3756192385140569,1a39A00,DCA
348,0.780004116709743,1eysL02,DCA
348,0.4616846222258611,1tdpA00,DCA
348,0.8073314160899123,1qrjA01,DCA
348,0.7329860768186304,1u0bB02,DCA
348,0.7577180154013735,1b4aA01,DCA
348,0.583082105496165,1a1zA00,DCA
348,0.8989380724773189,1m2dA00,DCA
348,0.7666602819132792,1sumB02,DCA
348,0.8223827001071488,1sk7A00,DCA
348,0.7468310717890299,1jqpA01,DCA
348,0.755753189886091,1b4rA00,DCA
348,0.5729908562918345,1b1yA00,DCA
348,0.8869650493182359,1pjqA03,DCA
348,0.8465624027280808,1j8mF01,DCA
348,0.8604079327901495,1gqoB00,DCA
348,0.7107795666262855,1lcsA00,DCA
348,0.7631885807592702,1lucB00,DCA
348,0.817402265143796,1aocA00,DCA
348,0.7241215349097475,1kplA00,DCA
348,0.9580185815808374,1t4lB00,DCA
348,0.8775524279725513,1jbiA00,DCA
379,0.6338076479029455,1u0mA01,DCA
379,0.4930070118361275,1c01A00,DCA
379,0.7034415245831305,1ca1A01,DCA
379,0.8157545963127671,1dl5A01,DCA
379,0.796499852781265,1rzuA02,DCA
379,0.5288423898155771,1ji3A00,DCA
379,0.7626804288232829,1gxeA00,DCA
379,0.8246839074174945,1qwzA00,DCA
379,0.8588494424998551,1st0A02,DCA
379,0.7337026534783206,1ihvA00,DCA
379,0.7129377935885302,1o0uA02,DCA
379,0.7529622562188297,1jl5A00,DCA
379,0.4077388450045944,1o82A00,DCA
379,0.8924459368433367,1gntA02,DCA
379,0.9327252645831228,1mzvA00,DCA
379,0.6752488751691453,1ryuA00,DCA
379,0.5345117724799702,1bf6A00,DCA
379,0.8669581719975908,1cfbA02,DCA
379,0.7799893377198173,1tezA01,DCA
379,0.7893505494995352,1cukA01,DCA
379,0.8657930906780099,1n3kA00,DCA
379,0.8791361207057866,1adnA00,DCA
379,0.2972659449633189,1o9iA02,DCA
379,0.460985257695612,1twfA04,DCA
379,0.5442215970906468,1h7zA00,DCA
379,0.8265236057780883,1irzA00,DCA
379,0.680911430259435,1ceuA00,DCA
379,0.8436877463564415,1pf5A00,DCA
379,0.6095100830449534,1js2A00,DCA
379,0.8203360718805164,1rjlC00,DCA
379,0.8262687638048697,1e0bA00,DCA
379,0.9560600449880756,1c30A08,DCA
379,0.4669907973979902,1iq8A02,DCA
379,0.835379311828591,1fb1A01,DCA
379,0.4542700014129732,1svpA01,DCA
379,0.7528193360148353,1ebfA02,DCA
379,0.7087401786701297,1k32A01,DCA
379,0.6774597563720517,1gz1A00,DCA
379,0.472358060866082,1i5gA00,DCA
379,0.7570522046093275,1tvfA02,DCA
379,0.9335239836079944,1l3wA03,DCA
379,0.66007025899869,1qhhA00,DCA
379,0.770565793625897,1k8iB01,DCA
379,0.6673892119135979,1koyA00,DCA
379,0.810591810199664,1j78A05,DCA
379,0.8446361591448417,1cywA00,DCA
379,0.9324857177057914,1tifA00,DCA
379,0.8782004873946987,1g7uA00,DCA
379,0.8800358694822056,1lm8V01,DCA
379,0.631808235766034,1ffsB00,DCA
379,0.7762642014781392,1tg0A00,DCA
379,0.8425788037645112,1c7sA02,DCA
379,0.8163623365373234,1l7yA00,DCA
379,0.8420081615271647,1dkiA02,DCA
379,0.7923667297791934,1jswA02,DCA
379,0.330054818551139,1eb6A00,DCA
379,0.4962017083752522,1u60A00,DCA
379,0.7797974304719839,1sqpF00,DCA
379,0.8713667375226294,1c3gA01,DCA
379,0.617800562394486,1l5jA04,DCA
379,0.8619953069525592,1t0iA00,DCA
379,0.7843412907876047,1b5fB00,DCA
379,0.8546407971628681,1j2rA00,DCA
379,0.8112372792245601,1mzbA02,DCA
379,0.7851330944545148,1uaiA00,DCA
379,0.612870711802132,1ulvA04,DCA
379,0.8788200706976151,1sr8A02,DCA
379,0.5461241587288601,1q2zA00,DCA
379,0.8354758826412225,1e9rA02,DCA
379,0.6316573985683965,1chzA00,DCA
379,0.7637235429282294,1fgxA00,DCA
379,0.8766506418836857,1b97A00,DCA
379,0.8793630809433624,1b9nA03,DCA
379,0.6561098614929574,1beoA00,DCA
379,0.4849605927430711,1rv9A00,DCA
379,0.449080476009346,1escA00,DCA
379,0.6722724481346607,1c7sA04,DCA
379,0.9644817335323884,1l3gA00,DCA
379,0.6851416325732826,1tltA02,DCA
379,0.4258182068517523,1gcyA02,DCA
379,0.4842710768443045,1fjkA00,DCA
379,0.8414234533669293,1ffvC03,DCA
379,0.708930498436056,1hxnA00,DCA
379,0.7803578602291507,1eakA01,DCA
379,0.8483555558911984,1dpgA02,DCA
379,0.697905622159657,1hf2A02,DCA
379,0.5146816115413715,1g86A00,DCA
379,0.6575748988818831,1mabB01,DCA
379,0.7936370899716906,1pe4A00,DCA
379,0.7919962161555265,1rwrA00,DCA
379,0.5689534913027491,1epwA01,DCA
379,0.5406075015537116,1eysL01,DCA
379,0.4836116234378897,1nycA00,DCA
379,0.4299225977880975,1uoyA01,DCA
379,0.8853578555711011,1d0bA00,DCA
379,0.89788459446737,1igqB00,DCA
379,0.7308220329188806,1ex0A03,DCA
379,0.9674034104238716,1lfwA03,DCA
379,0.8704009994538607,1m55A00,DCA
379,0.8563976123925314,1otvA00,DCA
379,0.8518940729779977,1gwcA02,DCA
379,0.6584342878471439,1ezvC00,DCA
379,0.7361385362712803,1h67A00,DCA
379,0.7468885415075298,1ti2A01,DCA
379,0.8152039658708595,1hyoA01,DCA
379,0.8153605161162452,1mtyG02,DCA
379,0.8018817901124846,1mkfA01,DCA
379,0.7728894753810018,1c16A01,DCA
379,0.6980987781772114,1j5sA02,DCA
379,0.7241764455739078,1um8A02,DCA
379,0.8082199263877246,1c5eA00,DCA
379,0.8350064907734613,1qrjA01,DCA
379,0.6485574489911043,1tdpA00,DCA
379,0.6377761639537788,1a39A00,DCA
379,0.1944580436875534,1eysL02,DCA
379,0.8218568192623331,1kx3D00,DCA
379,0.837283441468834,1pqwA00,DCA
379,0.7335732697434478,1jj2A03,DCA
379,0.698901105815538,1gyxA01,DCA
379,0.6832800411858414,1ibcB00,DCA
379,0.8316753621442196,1sznA02,DCA
379,0.9229015159231856,1gakA00,DCA
379,0.7996802136865854,1iyuA00,DCA
379,0.3578667283715723,1ft9A02,DCA
379,0.7667410777703724,1ig0A01,DCA
379,0.6596904103178657,1hpgA02,DCA
379,0.6189771744932607,1lkoA01,DCA
379,0.6687653437647052,1h19A02,DCA
379,0.8777881705855552,1gvhA01,DCA
379,0.5065238487348505,1bagA01,DCA
379,0.6599192264746851,1b1yA00,DCA
379,0.6235537556240915,1b4rA00,DCA
379,0.7661252764396982,1jqpA01,DCA
379,0.6192606710426252,1a1zA00,DCA
379,0.9300121123959432,1m2dA00,DCA
379,0.8477263774109578,1sumB02,DCA
379,0.8603060510139179,1sk7A00,DCA
379,0.6337082461857603,1b4aA01,DCA
379,0.6827650708999047,1u0bB02,DCA
379,0.8080189649692517,1jbiA00,DCA
379,0.9702001429892944,1t4lB00,DCA
379,0.8035382845022944,1kplA00,DCA
379,0.7216262588949565,1aocA00,DCA
379,0.6221558536563226,1lucB00,DCA
379,0.7147644674276324,1lcsA00,DCA
379,0.9348617899804308,1gqoB00,DCA
379,0.8863962187755888,1j8mF01,DCA
379,0.8306793803998216,1pjqA03,DCA
379,0.910275298874704,1hcnA00,DCA
379,0.7022421790605405,1c5kA02,DCA
379,0.83283411548889,1k8kD01,DCA
379,0.6718401612267576,1tyeA00,DCA
379,0.5659838128045699,1jw3A00,DCA
379,0.7696015812058332,1bkcE00,DCA
379,0.7214601366055704,1ry9A00,DCA
379,0.8070544812410781,1khcA01,DCA
379,0.8472509083571899,1ak2A00,DCA
379,0.8838398831688022,1qwjB00,DCA
379,0.7820483889315889,1bgqA00,DCA
379,0.815387308132722,1ghsA00,DCA
379,0.6495856400656479,1fcdA03,DCA
379,0.6176926453596948,1e1gA00,DCA
379,0.4898646816382695,1gwyA00,DCA
379,0.6374701201072956,1d2nA02,DCA
379,0.8138613554363301,1tuaA01,DCA
379,0.8610991918351864,1ceeB00,DCA
379,0.8091162473746062,1eerA00,DCA
379,0.7662679487764342,1cz4A02,DCA
379,0.9134664880626546,1b2rA02,DCA
379,0.6469728509680044,1ruyH02,DCA
379,0.9132130421380636,1s0pA01,DCA
379,0.5909291230434932,1cb5A01,DCA
379,0.8258122233028924,1k70A02,DCA
379,0.91342990776067,1j0tA00,DCA
379,0.7462980027895937,1hk5A03,DCA
379,0.5933239225935197,1tyjA00,DCA
379,0.4673411317747071,1reoA03,DCA
379,0.4935026693555254,1eovA02,DCA
379,0.8264314155595787,1tujA00,DCA
379,0.7705597146363465,1e6vA03,DCA
379,0.8633475818255167,1o75A03,DCA
379,0.8684631657574442,1kx3G00,DCA
379,0.8393920306551366,1sknP00,DCA
379,0.8022519473134376,1dkyB02,DCA
379,0.6927992123365666,1jbjA02,DCA
379,0.4724561203785203,1mu5A02,DCA
379,0.9336654778176778,1pv4B01,DCA
379,0.8940269223733535,1ow4A00,DCA
379,0.4010881891606593,1lf6A02,DCA
379,0.8338066511884583,1q5zA00,DCA
379,0.643737406653948,1gxmB00,DCA
379,0.7079100706389355,1ezjA02,DCA
413,0.8786889379627256,1b2rA02,DCA
413,0.7499802588211558,1cz4A02,DCA
413,0.6337673432356266,1gwyA00,DCA
413,0.806188210816372,1d2nA02,DCA
413,0.7376245416258563,1eerA00,DCA
413,0.3157686110485667,1ceeB00,DCA
413,0.6906472608480241,1tuaA01,DCA
413,0.5320686924956618,1e1gA00,DCA
413,0.9104841061770456,1s0pA01,DCA
413,0.6780511643194941,1ruyH02,DCA
413,0.3717360920529725,1jw3A00,DCA
413,0.9309397023346476,1k8kD01,DCA
413,0.734643946254788,1tyeA00,DCA
413,0.7843655638206533,1hcnA00,DCA
413,0.52616526338643,1c5kA02,DCA
413,0.6870130404811683,1ghsA00,DCA
413,0.7350863181941313,1bgqA00,DCA
413,0.6765406629189331,1fcdA03,DCA
413,0.9478769088535663,1qwjB00,DCA
413,0.5137166677486118,1ak2A00,DCA
413,0.8961621758753705,1khcA01,DCA
413,0.577127599673139,1ry9A00,DCA
413,0.560582544947497,1bkcE00,DCA
413,0.8499567305413914,1pv4B01,DCA
413,0.3725025738197536,1mu5A02,DCA
413,0.7863377622017615,1jbjA02,DCA
413,0.4638713309352278,1sknP00,DCA
413,0.6737739649673867,1dkyB02,DCA
413,0.8233989326512682,1kx3G00,DCA
413,0.7846087556168699,1o75A03,DCA
413,0.7034976387121196,1ezjA02,DCA
413,0.6865812709206474,1gxmB00,DCA
413,0.6283014516843086,1q5zA00,DCA
413,0.7670806603804783,1lf6A02,DCA
413,0.8801352078773063,1ow4A00,DCA
413,0.5275485750965588,1hk5A03,DCA
413,0.6942582846281212,1j0tA00,DCA
413,0.8101926151072683,1k70A02,DCA
413,0.8399171330676621,1cb5A01,DCA
413,0.6570166251767994,1e6vA03,DCA
413,0.8376042059261842,1tujA00,DCA
413,0.5072335711962723,1eovA02,DCA
413,0.4475010389727316,1reoA03,DCA
413,0.5749614843628169,1tyjA00,DCA
413,0.8912032987427925,1pqwA00,DCA
413,0.8081779452114672,1kx3D00,DCA
413,0.3107913341302509,1jj2A03,DCA
413,0.7411593707498945,1eysL02,DCA
413,0.7761050407645464,1a39A00,DCA
413,0.4985352842703484,1tdpA00,DCA
413,0.6688620261870613,1qrjA01,DCA
413,0.8354262353642794,1h19A02,DCA
413,0.6439831317696062,1bagA01,DCA
413,0.8947304912524892,1gvhA01,DCA
413,0.7060434349147612,1iyuA00,DCA
413,0.7396255195662897,1gakA00,DCA
413,0.7686413962485183,1hpgA02,DCA
413,0.7696009027248767,1lkoA01,DCA
413,0.577750362507065,1ft9A02,DCA
413,0.6686903749490887,1ig0A01,DCA
413,0.7716067766866203,1ibcB00,DCA
413,0.8817849845480726,1sznA02,DCA
413,0.7752582540413733,1gyxA01,DCA
413,0.2541650052475594,1mtyG02,DCA
413,0.7263066138386897,1hyoA01,DCA
413,0.4107269653372036,1ti2A01,DCA
413,0.8510306622222524,1c5eA00,DCA
413,0.7764379444160936,1um8A02,DCA
413,0.6166498281811678,1c16A01,DCA
413,0.8226279680200596,1mkfA01,DCA
413,0.5882746718393426,1j5sA02,DCA
413,0.7126106246350355,1lucB00,DCA
413,0.7427647852761813,1aocA00,DCA
413,0.6902470819341623,1kplA00,DCA
413,0.7146272177805554,1jbiA00,DCA
413,0.9140328190519724,1t4lB00,DCA
413,0.1103652720825055,1pjqA03,DCA
413,0.6740214430843593,1j8mF01,DCA
413,0.7696415482937295,1gqoB00,DCA
413,0.604285224678177,1lcsA00,DCA
413,0.6516445168256311,1jqpA01,DCA
413,0.6055210223227575,1b4rA00,DCA
413,0.4390383165574069,1u0bB02,DCA
413,0.756029103937452,1b4aA01,DCA
413,0.8868985880703482,1m2dA00,DCA
413,0.7841630719712954,1a1zA00,DCA
413,0.6472243618045529,1sumB02,DCA
413,0.6318308970438958,1sk7A00,DCA
413,0.8195206655089978,1fgxA00,DCA
413,0.6504930675839876,1chzA00,DCA
413,0.3465131556266111,1q2zA00,DCA
413,0.8066239501058046,1e9rA02,DCA
413,0.8724899442231023,1sr8A02,DCA
413,0.8392957916821879,1b9nA03,DCA
413,0.6690549102198698,1beoA00,DCA
413,0.7743419227412229,1b97A00,DCA
413,0.7737738748389009,1b5fB00,DCA
413,0.4586639860997807,1j2rA00,DCA
413,0.7925878893340517,1t0iA00,DCA
413,0.4787074293556679,1l5jA04,DCA
413,0.8769605854856435,1ulvA04,DCA
413,0.7529634718846473,1uaiA00,DCA
413,0.9457849240995514,1mzbA02,DCA
413,0.7168742453651268,1ex0A03,DCA
413,0.422700930503252,1igqB00,DCA
413,0.8076263517749892,1lfwA03,DCA
413,0.5889448634329498,1uoyA01,DCA
413,0.6065182329713493,1nycA00,DCA
413,0.7348158744783179,1d0bA00,DCA
413,0.4367102980814629,1epwA01,DCA
413,0.47536416314227,1eysL01,DCA
413,0.7729639067214986,1h67A00,DCA
413,0.7407365284077001,1gwcA02,DCA
413,0.6852254272483924,1ezvC00,DCA
413,0.5898652632114099,1otvA00,DCA
413,0.9282042760464312,1m55A00,DCA
413,0.9065069450762632,1eakA01,DCA
413,0.7003861342863372,1hxnA00,DCA
413,0.5674936301002905,1gcyA02,DCA
413,0.8139488046541412,1ffvC03,DCA
413,0.6814018302591802,1fjkA00,DCA
413,0.8644346530716769,1l3gA00,DCA
413,0.5349031464421897,1tltA02,DCA
413,0.7048098940713655,1c7sA04,DCA
413,0.4445722560993896,1escA00,DCA
413,0.7727433890423065,1rv9A00,DCA
413,0.6558067055465031,1rwrA00,DCA
413,0.7916739969069397,1mabB01,DCA
413,0.547573507790708,1pe4A00,DCA
413,0.4612161519897476,1dpgA02,DCA
413,0.6955542768712312,1hf2A02,DCA
413,0.3768303260382692,1g86A00,DCA
413,0.6247754160807827,1o9iA02,DCA
413,0.3046132355189899,1twfA04,DCA
413,0.7667216234589471,1adnA00,DCA
413,0.8966193923362281,1n3kA00,DCA
413,0.8329524808451197,1cfbA02,DCA
413,0.9374342655274016,1tezA01,DCA
413,0.9011225451263474,1cukA01,DCA
413,0.7926091709221273,1ryuA00,DCA
413,0.8445203724811663,1mzvA00,DCA
413,0.6700196185183737,1bf6A00,DCA
413,0.4896288911460209,1rjlC00,DCA
413,0.3481359301923625,1js2A00,DCA
413,0.6932587101875981,1irzA00,DCA
413,0.8823743130468724,1pf5A00,DCA
413,0.7711443642500861,1ceuA00,DCA
413,0.5440325388588021,1h7zA00,DCA
413,0.7767574363422262,1st0A02,DCA
413,0.8274836447157935,1rzuA02,DCA
413,0.7580988050136708,1dl5A01,DCA
413,0.9401496713097212,1qwzA00,DCA
413,0.7080436930271246,1gxeA00,DCA
413,0.6167583796496656,1ji3A00,DCA
413,0.853214043642755,1ca1A01,DCA
413,0.334480966259253,1c01A00,DCA
413,0.8156234321106257,1u0mA01,DCA
413,0.7916203271667736,1gntA02,DCA
413,0.461967539977512,1o82A00,DCA
413,0.546488369482802,1jl5A00,DCA
413,0.7887299125284963,1o0uA02,DCA
413,0.590097409700079,1ihvA00,DCA
413,0.8282715976692387,1ffsB00,DCA
413,0.6239956819068927,1lm8V01,DCA
413,0.6874915096672389,1tg0A00,DCA
413,0.8084522622147438,1cywA00,DCA
413,0.8682829127143169,1g7uA00,DCA
413,0.8792036959803589,1tifA00,DCA
413,0.6196745939006185,1c3gA01,DCA
413,0.5618259600768976,1sqpF00,DCA
413,0.56973318365128,1u60A00,DCA
413,0.7272876197761035,1eb6A00,DCA
413,0.917312606186215,1c7sA02,DCA
413,0.7309985933519563,1l7yA00,DCA
413,0.8186716680440447,1jswA02,DCA
413,0.5186947031421821,1dkiA02,DCA
413,0.6761829370340185,1i5gA00,DCA
413,0.5416476429075433,1ebfA02,DCA
413,0.607821470987654,1gz1A00,DCA
413,0.7675621798593002,1k32A01,DCA
413,0.511385908986256,1svpA01,DCA
413,0.8859821763123837,1c30A08,DCA
413,0.6942262451218606,1e0bA00,DCA
413,0.4822381796003908,1iq8A02,DCA
413,0.8141552091758971,1fb1A01,DCA
413,0.6281852578644094,1j78A05,DCA
413,0.3692391357320309,1koyA00,DCA
413,0.6158689496164466,1k8iB01,DCA
413,0.8320421090089527,1l3wA03,DCA
413,0.7114128309291619,1tvfA02,DCA
413,0.7879143736364137,1qhhA00,DCA
450,0.7902754486278228,1sr8A02,DCA
450,0.7637391209870421,1q2zA00,DCA
450,0.4742859664441896,1e9rA02,DCA
450,0.7129134656019223,1fgxA00,DCA
450,0.5934214710313452,1chzA00,DCA
450,0.6549274625982726,1b97A00,DCA
450,0.6817070454927964,1beoA00,DCA
450,0.7335321130048301,1b9nA03,DCA
450,0.0868866776038085,1l5jA04,DCA
450,0.8213459649692413,1j2rA00,DCA
450,0.7114618236462543,1b5fB00,DCA
450,0.8140382210203959,1mzbA02,DCA
450,0.5076067018133792,1uaiA00,DCA
450,0.7623202748998439,1ulvA04,DCA
450,0.7107708963289583,1epwA01,DCA
450,0.6773347675024494,1eysL01,DCA
450,0.7403175112011793,1uoyA01,DCA
450,0.716139400293402,1nycA00,DCA
450,0.6828062762314209,1d0bA00,DCA
450,0.6608832736070955,1igqB00,DCA
450,0.5810909158741752,1ex0A03,DCA
450,-0.1269459812917641,1lfwA03,DCA
450,0.6876152304169996,1m55A00,DCA
450,0.5197202913941004,1otvA00,DCA
450,0.7565288525108772,1gwcA02,DCA
450,0.6618566421209902,1ezvC00,DCA
450,0.4643359061373185,1h67A00,DCA
450,0.7837273074546004,1rv9A00,DCA
450,0.7739427446967015,1escA00,DCA
450,0.7797166432492303,1c7sA04,DCA
450,0.671792343559016,1tltA02,DCA
450,0.5159899542513663,1l3gA00,DCA
450,0.478887013693184,1gcyA02,DCA
450,0.5232271574362909,1fjkA00,DCA
450,0.5961310938932791,1ffvC03,DCA
450,0.672803347907512,1eakA01,DCA
450,0.7727462395492282,1hxnA00,DCA
450,0.5175567557226135,1dpgA02,DCA
450,0.5684922394026253,1g86A00,DCA
450,0.6049605265918356,1hf2A02,DCA
450,0.6398880823058316,1mabB01,DCA
450,0.605865872106823,1pe4A00,DCA
450,0.6067525520799176,1rwrA00,DCA
450,0.3674834547304175,1ryuA00,DCA
450,0.769918037625569,1mzvA00,DCA
450,0.280764138023146,1bf6A00,DCA
450,0.7903641906713064,1tezA01,DCA
450,0.80271938563053,1cfbA02,DCA
450,0.4231829985724187,1cukA01,DCA
450,0.0054199188913051,1n3kA00,DCA
450,0.7075083384482511,1adnA00,DCA
450,0.5061322432592374,1o9iA02,DCA
450,0.4610310214290812,1twfA04,DCA
450,0.6913429215116147,1h7zA00,DCA
450,0.7261410561576807,1irzA00,DCA
450,0.5456730254959792,1ceuA00,DCA
450,0.3943477439658132,1pf5A00,DCA
450,0.6117648327157449,1js2A00,DCA
450,0.3462773051001126,1rjlC00,DCA
450,0.7060246204969929,1u0mA01,DCA
450,0.402963622134155,1c01A00,DCA
450,0.9015827773746224,1ca1A01,DCA
450,0.8435289263696373,1dl5A01,DCA
450,0.8039930910809753,1rzuA02,DCA
450,0.6033453165512198,1ji3A00,DCA
450,0.6171560296469714,1gxeA00,DCA
450,0.8554611804215819,1qwzA00,DCA
450,0.5934001823046682,1st0A02,DCA
450,0.6964200288721604,1ihvA00,DCA
450,0.726552261473247,1o0uA02,DCA
450,0.5821255208697911,1jl5A00,DCA
450,0.629932827007904,1o82A00,DCA
450,0.7814188246698612,1gntA02,DCA
450,0.7639612910122331,1cywA00,DCA
450,0.7925658262745173,1g7uA00,DCA
450,0.8580741949355822,1tifA00,DCA
450,0.7587589251455674,1lm8V01,DCA
450,0.4991121000158522,1ffsB00,DCA
450,0.5939758838818272,1tg0A00,DCA
450,0.4734669347432021,1l7yA00,DCA
450,0.7618697516442291,1c7sA02,DCA
450,0.814245258280289,1jswA02,DCA
450,0.7455265047254237,1dkiA02,DCA
450,0.7866433923487335,1u60A00,DCA
450,0.5119405831339903,1eb6A00,DCA
450,0.6233910919527524,1sqpF00,DCA
450,0.6689593786919006,1c3gA01,DCA
450,0.6461418754490402,1e0bA00,DCA
450,0.6828705573328541,1c30A08,DCA
450,0.6306226544379915,1fb1A01,DCA
450,-0.0035743382423251,1iq8A02,DCA
450,0.7437277776219153,1svpA01,DCA
450,0.6805274329467421,1ebfA02,DCA
450,0.6536433429442657,1gz1A00,DCA
450,0.7907133486432472,1k32A01,DCA
450,0.6741629651816103,1i5gA00,DCA
450,0.7995989634545397,1qhhA00,DCA
450,0.9094751119044286,1l3wA03,DCA
450,0.667086813800207,1tvfA02,DCA
450,0.2319419045107448,1koyA00,DCA
450,0.8939462399191307,1k8iB01,DCA
450,0.6068534643863496,1j78A05,DCA
450,0.8255208694618507,1e1gA00,DCA
450,0.6865970060097003,1d2nA02,DCA
450,0.3467019800050316,1gwyA00,DCA
450,0.6196569748171756,1ceeB00,DCA
450,0.6444732780354688,1eerA00,DCA
450,0.7567001820381412,1tuaA01,DCA
450,0.4042640142908246,1cz4A02,DCA
450,0.7409367927977821,1b2rA02,DCA
450,0.6718070463172321,1ruyH02,DCA
450,0.6778142793714255,1s0pA01,DCA
450,0.841987725021679,1hcnA00,DCA
450,0.4627667218650491,1c5kA02,DCA
450,0.781530620085388,1tyeA00,DCA
450,0.8416195579663645,1k8kD01,DCA
450,0.5966819799489094,1jw3A00,DCA
450,0.3940761905698274,1bkcE00,DCA
450,0.6209595088129404,1ry9A00,DCA
450,0.3988214971623897,1khcA01,DCA
450,0.6565339202628522,1ak2A00,DCA
450,0.8455020877065308,1qwjB00,DCA
450,0.7534515605419762,1fcdA03,DCA
450,0.8849333532389216,1ghsA00,DCA
450,0.6038968390736947,1bgqA00,DCA
450,0.2613198323918329,1o75A03,DCA
450,0.6831471119221357,1kx3G00,DCA
450,0.2603438658997751,1dkyB02,DCA
450,0.5408365377771096,1sknP00,DCA
450,0.7606600702320523,1jbjA02,DCA
450,0.6743026554138489,1mu5A02,DCA
450,0.382272507718828,1pv4B01,DCA
450,0.7197912915191618,1ow4A00,DCA
450,0.6146304421596723,1lf6A02,DCA
450,0.4285943790998376,1q5zA00,DCA
450,0.5627465329996373,1gxmB00,DCA
450,0.505363551929976,1ezjA02,DCA
450,0.8713756247155539,1cb5A01,DCA
450,0.4813390321767278,1k70A02,DCA
450,0.8380941518877588,1j0tA00,DCA
450,0.8104454895124427,1hk5A03,DCA
450,0.6015906736021769,1tyjA00,DCA
450,0.6075529312491804,1eovA02,DCA
450,0.6196768611058605,1reoA03,DCA
450,0.753765459513949,1tujA00,DCA
450,0.6845699451743916,1e6vA03,DCA
450,0.0452011357839093,1qrjA01,DCA
450,0.1398166535422405,1tdpA00,DCA
450,0.5617282006038642,1a39A00,DCA
450,0.7907229531277554,1eysL02,DCA
450,0.4826071846764267,1kx3D00,DCA
450,0.8152380433655549,1pqwA00,DCA
450,0.6745540575832216,1jj2A03,DCA
450,0.656746701190265,1gyxA01,DCA
450,0.7592790333291148,1sznA02,DCA
450,0.5481426332460313,1ibcB00,DCA
450,0.6628526990138547,1iyuA00,DCA
450,0.48035703039229,1gakA00,DCA
450,0.6351376923749045,1ig0A01,DCA
450,0.7432458450049665,1ft9A02,DCA
450,0.4216863230347061,1lkoA01,DCA
450,0.6487329440150313,1hpgA02,DCA
450,0.1595054502364159,1h19A02,DCA
450,0.6052794477952514,1gvhA01,DCA
450,0.712260615204461,1bagA01,DCA
450,0.3111185410047917,1ti2A01,DCA
450,0.5695403380897368,1hyoA01,DCA
450,0.6561768872909992,1mtyG02,DCA
450,0.7587970969075959,1mkfA01,DCA
450,0.7210090856236542,1c16A01,DCA
450,0.8680396916436035,1j5sA02,DCA
450,0.6550881732452878,1um8A02,DCA
450,0.648909569156559,1c5eA00,DCA
450,0.4362286922024608,1t4lB00,DCA
450,0.7708999270929339,1jbiA00,DCA
450,0.588560819474117,1kplA00,DCA
450,0.6167010006744009,1aocA00,DCA
450,0.6329569830476232,1lucB00,DCA
450,0.6736119947582674,1lcsA00,DCA
450,0.5716177096309567,1gqoB00,DCA
450,0.5997080166366755,1j8mF01,DCA
450,0.5000791891298189,1pjqA03,DCA
450,0.614869893648063,1b4rA00,DCA
450,0.7874525948728226,1jqpA01,DCA
450,0.706478903666192,1sumB02,DCA
450,0.7704343237987084,1m2dA00,DCA
450,0.5998669631385677,1a1zA00,DCA
450,0.5952789564463906,1sk7A00,DCA
450,0.6057211507880804,1b4aA01,DCA
450,0.5150673228135776,1u0bB02,DCA
320,0.8237513568367542,1j78A05,ESM
320,0.7403239814830649,1k8iB01,ESM
320,0.1563613341241103,1inlC02,ESM
320,0.9220343570614752,1l3wA03,ESM
320,0.6308699932517762,1i5gA00,ESM
320,0.4222353108571022,1ebfA02,ESM
320,0.6387530154564798,1k32A01,ESM
320,0.4644308770136368,1gz1A00,ESM
320,0.9371793277457546,1e0bA00,ESM
320,0.8158200201973835,1c30A08,ESM
320,0.9327580030917824,1c3gA01,ESM
320,0.6432825948120235,1s5lH00,ESM
320,0.943165335876947,1sqpF00,ESM
320,0.5508007061897676,1eb6A00,ESM
320,0.6878974087539038,1a3dA00,ESM
320,0.6759098326119267,1lm8V01,ESM
320,0.81083668065731,1tg0A00,ESM
320,0.722808023881082,1cywA00,ESM
320,0.5209264290536987,1g7uA00,ESM
320,0.8567641724461165,1tifA00,ESM
320,0.2267150982374126,1oygA01,ESM
320,0.7890375453972621,1st6A03,ESM
320,0.8496851748648417,1gntA02,ESM
320,0.6017789838753624,1o0uA02,ESM
320,0.5103494685499513,1jl5A00,ESM
320,0.8316425260759631,1i7xB00,ESM
320,0.8715828387331648,1ihvA00,ESM
320,0.4305216096835686,1st0A02,ESM
320,0.8144316477241463,1gjsA00,ESM
320,0.4876690215436837,1fwxA01,ESM
320,0.6603477132220278,1dl5A01,ESM
320,0.6825121574356751,1rzuA02,ESM
320,0.3379314564932519,1ji3A00,ESM
320,0.8361410180147387,1gxeA00,ESM
320,0.7831597934039681,1qwzA00,ESM
320,0.4952798373063702,1qexA03,ESM
320,0.5543031370546743,1ca1A01,ESM
320,0.6837641696284666,1u0mA01,ESM
320,0.5790719342843788,1kfwA02,ESM
320,0.2714427015425542,1c01A00,ESM
320,0.7477688168883286,1pi2A00,ESM
320,0.7068555945859276,1rjlC00,ESM
320,0.7574414782018192,1js2A00,ESM
320,0.6071287845412238,1c8uA01,ESM
320,0.6567901422555386,1fohA03,ESM
320,0.881174854315927,1ceuA00,ESM
320,0.9650467465723362,1pf5A00,ESM
320,0.2842219470818674,1h7zA00,ESM
320,0.6779648165471761,1a0hA01,ESM
320,0.8978855576456862,1n3kA00,ESM
320,0.7566058084764651,1adnA00,ESM
320,0.6945684301523674,1cfbA02,ESM
320,0.9397622123452024,1tezA01,ESM
320,0.9538951692389872,1hn0A04,ESM
320,0.4148732276006212,1mzvA00,ESM
320,0.93293010316984,1ryuA00,ESM
320,0.4271219427399443,1rwrA00,ESM
320,0.8173337334967894,1mabB01,ESM
320,0.9346283094574452,1pytA00,ESM
320,0.8832847945468001,1pe4A00,ESM
320,0.6695548979252817,1hf2A02,ESM
320,0.7255880384109176,1eyuA00,ESM
320,0.4876849666704862,1hxnA00,ESM
320,0.5079958877702813,1gcyA02,ESM
320,0.7174751992395567,1fjkA00,ESM
320,0.6054747187024082,1ffvC03,ESM
320,0.7839666871106102,1l3gA00,ESM
320,0.2888144651240842,1o0sA02,ESM
320,0.7385813189709228,1tltA02,ESM
320,0.329141336189827,1rv9A00,ESM
320,0.3850585817468665,1escA00,ESM
320,0.9625854887371788,1a9vA00,ESM
320,0.6241688927361148,1h67A00,ESM
320,0.7141005415823732,1gwcA02,ESM
320,0.9570414194281918,1ll8A00,ESM
320,0.8661681524550927,1igqB00,ESM
320,0.7432690918335112,1ex0A03,ESM
320,0.9569324212029168,1lfwA03,ESM
320,0.3869159961552147,1nycA00,ESM
320,0.6899428924413806,1uoyA01,ESM
320,0.6569221106843328,1d0bA00,ESM
320,0.3417895194964306,1epwA01,ESM
320,0.5701068634512311,1eysL01,ESM
320,0.4689813929034127,1uaiA00,ESM
320,0.4876838159005467,1ulvA04,ESM
320,0.8196333272433524,1b5fB00,ESM
320,0.8812186860044159,1s5lB02,ESM
320,0.525241963660623,1t0iA00,ESM
320,0.8144318735779179,1b9nA03,ESM
320,0.800285320378194,1beoA00,ESM
320,0.4613022826748677,1a2nA02,ESM
320,0.4683303374464782,1b97A00,ESM
320,0.5025571838950805,1fgxA00,ESM
320,0.4201152641708457,1chzA00,ESM
320,0.6808003823985952,1q2zA00,ESM
320,0.7545508177471268,1e9rA02,ESM
320,0.5772671025758487,1jeyA03,ESM
320,0.757327980401094,1sr8A02,ESM
320,0.6096099119025478,1u0bB02,ESM
320,0.9381971389443482,1lujB01,ESM
320,0.9143986238251256,1u0vB01,ESM
320,0.7240230134144167,1b4aA01,ESM
320,0.4604271535415483,1a1zA00,ESM
320,0.975945222800707,1m2dA00,ESM
320,0.548042463949104,1sumB02,ESM
320,0.5196209334032895,1bo7A00,ESM
320,0.3923630739823224,1sk7A00,ESM
320,0.1737109882519124,1jqpA01,ESM
320,0.705599224940699,1uapA00,ESM
320,0.867008894717598,1b4rA00,ESM
320,0.4582480356246598,1j7mA00,ESM
320,0.3619750700846269,1b1yA00,ESM
320,0.1765600533996456,1a48A01,ESM
320,0.6026257509862656,1b06A01,ESM
320,0.7200965426884314,1pjqA03,ESM
320,0.7646981221211797,1j8mF01,ESM
320,0.4574012748371491,1lcsA00,ESM
320,0.7024812244908052,1gqoB00,ESM
320,0.5575192116617161,1aocA00,ESM
320,0.4815789361704075,1kplA00,ESM
320,0.843888258971673,1jbiA00,ESM
320,0.9433702224442944,1t4lB00,ESM
320,0.6878950771611281,1c5eA00,ESM
320,0.4554448253925744,1l5oA02,ESM
320,0.848274994013,1um8A02,ESM
320,0.8113272663229042,1mkfA01,ESM
320,0.6105214882392644,1j5sA02,ESM
320,0.9547569483131528,1mtyG02,ESM
320,0.8089332525157695,1hyoA01,ESM
320,0.4247418768493758,1c9bA02,ESM
320,0.4625730819017,1dy2A00,ESM
320,0.3371604196898717,1bagA01,ESM
320,0.7193812143623284,1ft9A02,ESM
320,0.9592880895948948,1hpgA02,ESM
320,0.742186124945666,1lkoA01,ESM
320,0.5102443049506575,1eq6A00,ESM
320,0.8002202671206204,1sznA02,ESM
320,0.5290261203635243,1hufA00,ESM
320,0.3596386457369277,1f3vA00,ESM
320,0.80340859467429,1kx3D00,ESM
320,0.5848291119309331,1pqwA00,ESM
320,0.7429558390332076,1sxjE02,ESM
320,0.7637698821790161,1ks9A02,ESM
320,0.4578669027479204,1a39A00,ESM
320,0.3377544528488018,1eysL02,ESM
320,0.4895659739129026,1sxrA00,ESM
320,0.6833211877360345,1tdpA00,ESM
320,0.7168759854593891,1qrjA01,ESM
320,0.7707629940039339,1tujA00,ESM
320,0.5059627354419746,1reoA03,ESM
320,0.5324028321866056,1tyjA00,ESM
320,0.7822033619501246,1j0tA00,ESM
320,0.5392744157699407,1k70A02,ESM
320,0.4086348354690013,1gxmB00,ESM
320,0.366703706599417,1lf6A02,ESM
320,0.5291566930782758,1q5zA00,ESM
320,0.961734316533316,1ow4A00,ESM
320,0.8675581067749052,1g5aA03,ESM
320,0.7163232367158191,1jbjA02,ESM
320,0.84600947489867,1mu5A02,ESM
320,0.4353254407898079,1o75A03,ESM
320,0.870078122375582,1kx3G00,ESM
320,0.6151573136046566,1sknP00,ESM
320,0.887876173508131,1dkyB02,ESM
320,0.7521518356035766,1ghsA00,ESM
320,0.5414642403270647,1bgqA00,ESM
320,0.7916414464907645,1fcdA03,ESM
320,0.6517985774080165,1i2nA00,ESM
320,0.8862982588851588,1gccA00,ESM
320,0.4704787872696815,1bkcE00,ESM
320,0.7607074026793739,1ry9A00,ESM
320,0.5684702944011673,1khcA01,ESM
320,0.4525663872186209,1k8kD01,ESM
320,0.4246872771110648,1tyeA00,ESM
320,0.4762615644109414,1jw3A00,ESM
320,0.4981433306995742,1c8jA00,ESM
320,0.9095428659514944,1hcnA00,ESM
320,0.8942372064105543,1k8kF00,ESM
320,0.653913097382665,1b2rA02,ESM
320,0.2321802849623508,1cz4A02,ESM
320,0.3075156847064381,1gwyA00,ESM
320,0.6737127456296241,1d2nA02,ESM
320,0.8074893372598697,1tuaA01,ESM
320,0.8183270330375013,1ceeB00,ESM
320,0.9928872574603604,1rzmA01,ESM
320,0.6518995897317164,1e1gA00,ESM
348,0.9484752559207672,1t4lB00,ESM
348,0.6713625028661955,1jbiA00,ESM
348,0.6297672637057613,1kplA00,ESM
348,0.4809445170170501,1aocA00,ESM
348,0.3295197208449317,1lcsA00,ESM
348,0.7999749482152877,1gqoB00,ESM
348,0.7611404946519275,1j8mF01,ESM
348,0.6786924525461996,1b06A01,ESM
348,0.8402856319164002,1pjqA03,ESM
348,0.3449870031584773,1a48A01,ESM
348,0.328406294767225,1b1yA00,ESM
348,0.6902128581074255,1j7mA00,ESM
348,0.9168640551476132,1b4rA00,ESM
348,0.1269436107389006,1jqpA01,ESM
348,0.733758843807382,1uapA00,ESM
348,0.4953874358570793,1bo7A00,ESM
348,0.5500533210673607,1sk7A00,ESM
348,0.5917369083659696,1a1zA00,ESM
348,0.9858810991441614,1m2dA00,ESM
348,0.663271536217843,1sumB02,ESM
348,0.8528631866922494,1u0vB01,ESM
348,0.6774336614688843,1b4aA01,ESM
348,0.67514019858193,1u0bB02,ESM
348,0.9376231065667858,1lujB01,ESM
348,0.6963136123143465,1qrjA01,ESM
348,0.6889312359978683,1tdpA00,ESM
348,0.4711226276477526,1a39A00,ESM
348,0.3970495409944033,1eysL02,ESM
348,0.6211300834691839,1sxrA00,ESM
348,0.4391665398690781,1ks9A02,ESM
348,0.9544172716334384,1sxjE02,ESM
348,0.906615951079986,1kx3D00,ESM
348,0.6161237401235096,1pqwA00,ESM
348,0.122588895847842,1hufA00,ESM
348,0.5938645859910086,1f3vA00,ESM
348,0.7663046817084601,1sznA02,ESM
348,0.4744708317267106,1eq6A00,ESM
348,0.6803380736073891,1ft9A02,ESM
348,0.9237331125202872,1hpgA02,ESM
348,0.681951506222063,1lkoA01,ESM
348,0.439015162548835,1bagA01,ESM
348,0.3321027067913797,1c9bA02,ESM
348,0.2672781804187443,1dy2A00,ESM
348,0.5216683621762385,1hyoA01,ESM
348,0.928781655265038,1mtyG02,ESM
348,0.4836809984503019,1j5sA02,ESM
348,0.815812304564299,1mkfA01,ESM
348,0.8975756809402322,1um8A02,ESM
348,0.6297571455510064,1c5eA00,ESM
348,0.457901881944973,1l5oA02,ESM
348,0.5960615709701521,1o75A03,ESM
348,0.8674232743075565,1kx3G00,ESM
348,0.8249336082185309,1sknP00,ESM
348,0.8425757973808302,1dkyB02,ESM
348,0.6693316485813405,1jbjA02,ESM
348,0.8771908188703557,1mu5A02,ESM
348,0.9758906765913086,1ow4A00,ESM
348,0.844642444015375,1g5aA03,ESM
348,0.4195772656909062,1lf6A02,ESM
348,0.4659369330023502,1q5zA00,ESM
348,0.4403428355080077,1gxmB00,ESM
348,0.4821158511025455,1k70A02,ESM
348,0.7930212388557636,1j0tA00,ESM
348,0.5105728848038091,1tyjA00,ESM
348,0.635985087084531,1reoA03,ESM
348,0.8040903752615746,1tujA00,ESM
348,0.9677860921240894,1rzmA01,ESM
348,0.4208564770064603,1e1gA00,ESM
348,0.8130266271798242,1tuaA01,ESM
348,0.6677621367655264,1ceeB00,ESM
348,0.2907134204156312,1gwyA00,ESM
348,0.5783324505697431,1d2nA02,ESM
348,0.5890885188188293,1cz4A02,ESM
348,0.5777765533905523,1b2rA02,ESM
348,0.9153069849001872,1k8kF00,ESM
348,0.9601674663654548,1hcnA00,ESM
348,0.3518935558517795,1c8jA00,ESM
348,0.5303906290850543,1k8kD01,ESM
348,0.5540606680256279,1tyeA00,ESM
348,0.4350800566372421,1jw3A00,ESM
348,0.5488688758502167,1bkcE00,ESM
348,0.7375882384851308,1ry9A00,ESM
348,0.5791822187616507,1khcA01,ESM
348,0.932093311725296,1gccA00,ESM
348,0.5225041908012742,1i2nA00,ESM
348,0.6440385488449528,1bgqA00,ESM
348,0.7223338177861565,1ghsA00,ESM
348,0.7864827582890822,1fcdA03,ESM
348,0.7241027006053903,1st6A03,ESM
348,0.3626335098936539,1oygA01,ESM
348,0.8642631991405259,1tifA00,ESM
348,0.598556520838119,1g7uA00,ESM
348,0.9134438300098138,1cywA00,ESM
348,0.9152598004568532,1tg0A00,ESM
348,0.1904271718868052,1lm8V01,ESM
348,0.6544048029476915,1a3dA00,ESM
348,0.8560517577462731,1eb6A00,ESM
348,0.7940481717787622,1s5lH00,ESM
348,0.9026470092127205,1sqpF00,ESM
348,0.8359404510653152,1c3gA01,ESM
348,0.8688905579087302,1e0bA00,ESM
348,0.6446473531186986,1c30A08,ESM
348,0.6780830575918999,1k32A01,ESM
348,0.4154954140433301,1gz1A00,ESM
348,0.5254679987338006,1ebfA02,ESM
348,0.8906521961789872,1i5gA00,ESM
348,0.9622556646785232,1l3wA03,ESM
348,0.1869600495270559,1inlC02,ESM
348,0.68999022267919,1k8iB01,ESM
348,0.8772980348796615,1j78A05,ESM
348,0.4485843253004794,1mzvA00,ESM
348,0.9409449277019628,1ryuA00,ESM
348,0.7450892892484212,1cfbA02,ESM
348,0.9640454687736602,1tezA01,ESM
348,0.6361217749377096,1hn0A04,ESM
348,0.8768739725257548,1n3kA00,ESM
348,0.8738545383355688,1adnA00,ESM
348,0.444901742112794,1h7zA00,ESM
348,0.5922076065689044,1a0hA01,ESM
348,0.6621713859304821,1fohA03,ESM
348,0.8570805166754171,1ceuA00,ESM
348,0.9085241932803806,1pf5A00,ESM
348,0.839862949966187,1c8uA01,ESM
348,0.8761563443298237,1js2A00,ESM
348,0.7766112401049271,1rjlC00,ESM
348,0.6229224829356819,1u0mA01,ESM
348,0.6080247632223729,1kfwA02,ESM
348,0.5353157623991812,1c01A00,ESM
348,0.7947359565587624,1pi2A00,ESM
348,0.6724010481159381,1qexA03,ESM
348,0.6575360864160884,1ca1A01,ESM
348,0.3183569614923049,1ji3A00,ESM
348,0.9154859939322756,1gxeA00,ESM
348,0.6360898755696146,1qwzA00,ESM
348,0.6966962981074024,1dl5A01,ESM
348,0.7833612760801416,1rzuA02,ESM
348,0.5603772411722582,1st0A02,ESM
348,0.8936650008667665,1gjsA00,ESM
348,0.7113216933381212,1fwxA01,ESM
348,0.870130266915728,1ihvA00,ESM
348,0.5086483333446052,1i7xB00,ESM
348,0.5515978101332586,1o0uA02,ESM
348,0.5165088054992047,1jl5A00,ESM
348,0.9293181303892738,1gntA02,ESM
348,0.2942627898316973,1eysL01,ESM
348,0.3439354176109737,1epwA01,ESM
348,0.6414082058681861,1d0bA00,ESM
348,0.4294314785679941,1nycA00,ESM
348,0.5777064562605835,1uoyA01,ESM
348,0.8747709043797075,1lfwA03,ESM
348,0.898431428858255,1igqB00,ESM
348,0.7888694610095545,1ex0A03,ESM
348,0.8474836751452408,1ll8A00,ESM
348,0.8171001985736251,1gwcA02,ESM
348,0.834191861470647,1a9vA00,ESM
348,0.8390089768237456,1h67A00,ESM
348,0.4616537340362167,1rv9A00,ESM
348,0.4319051267614078,1escA00,ESM
348,0.704083311828864,1l3gA00,ESM
348,0.360804872262882,1o0sA02,ESM
348,0.7079332596579115,1tltA02,ESM
348,0.3159851789296645,1fjkA00,ESM
348,0.5247673823243751,1ffvC03,ESM
348,0.5115864631637151,1gcyA02,ESM
348,0.4550773282834613,1hxnA00,ESM
348,0.7372889475590619,1hf2A02,ESM
348,0.848216356672234,1eyuA00,ESM
348,0.9001424137873921,1pytA00,ESM
348,0.7431612008962808,1pe4A00,ESM
348,0.7758830933639126,1mabB01,ESM
348,0.4871474580236685,1rwrA00,ESM
348,0.7075265431280845,1sr8A02,ESM
348,0.7263595114502893,1e9rA02,ESM
348,0.7606145544401989,1jeyA03,ESM
348,0.7475345535232552,1q2zA00,ESM
348,0.5984710867650537,1chzA00,ESM
348,0.3697099065195026,1fgxA00,ESM
348,0.6611286631398462,1b97A00,ESM
348,0.3869517291179787,1a2nA02,ESM
348,0.8735094072465521,1b9nA03,ESM
348,0.7040918978006017,1beoA00,ESM
348,0.7026017156198714,1t0iA00,ESM
348,0.8862464805000799,1s5lB02,ESM
348,0.6925388405175523,1b5fB00,ESM
348,0.4163245564658079,1uaiA00,ESM
348,0.4495903062164544,1ulvA04,ESM
379,0.5131495367675579,1gxmB00,ESM
379,0.5314035319855617,1lf6A02,ESM
379,0.5801050614084989,1q5zA00,ESM
379,0.8527929538884284,1ow4A00,ESM
379,0.4844763971455833,1g5aA03,ESM
379,0.8373411752853291,1jbjA02,ESM
379,0.9010905727238206,1mu5A02,ESM
379,0.8973118406219126,1kx3G00,ESM
379,0.6159186454086083,1o75A03,ESM
379,0.679204693680489,1sknP00,ESM
379,0.2059944885418625,1dkyB02,ESM
379,0.8613526513526459,1tujA00,ESM
379,0.5297632277872352,1reoA03,ESM
379,0.7347809469125296,1tyjA00,ESM
379,0.9083020065350144,1j0tA00,ESM
379,0.7396820515566561,1k70A02,ESM
379,0.9105468787732556,1k8kF00,ESM
379,0.5377560914184145,1b2rA02,ESM
379,0.2156088255373188,1cz4A02,ESM
379,0.832557086088264,1tuaA01,ESM
379,0.7326540465092036,1ceeB00,ESM
379,0.3209007258446836,1gwyA00,ESM
379,0.878286622508437,1d2nA02,ESM
379,0.7128471537296519,1e1gA00,ESM
379,0.9909008706455618,1rzmA01,ESM
379,0.7325577191911441,1bgqA00,ESM
379,0.7612797742039662,1ghsA00,ESM
379,0.7445215702846095,1fcdA03,ESM
379,0.4935488602574695,1i2nA00,ESM
379,0.7928054361419333,1gccA00,ESM
379,0.7870440389209821,1ry9A00,ESM
379,0.5221859968932712,1bkcE00,ESM
379,0.7300957084863018,1khcA01,ESM
379,0.6616871578810479,1k8kD01,ESM
379,0.5046039903583157,1tyeA00,ESM
379,0.4725785869334212,1jw3A00,ESM
379,0.5148875409279103,1c8jA00,ESM
379,0.5183309780822616,1hcnA00,ESM
379,0.6557726659732154,1b06A01,ESM
379,0.8785937039314548,1pjqA03,ESM
379,0.2998479144821225,1a48A01,ESM
379,0.5438053383390885,1j8mF01,ESM
379,0.7738510262836304,1gqoB00,ESM
379,0.1940214697286086,1lcsA00,ESM
379,0.6422074827856357,1aocA00,ESM
379,0.670268784257761,1kplA00,ESM
379,0.7029598571301929,1jbiA00,ESM
379,0.9503332520613044,1t4lB00,ESM
379,0.5432421617668277,1u0bB02,ESM
379,0.8736403426172001,1lujB01,ESM
379,0.7686623603903222,1u0vB01,ESM
379,0.4492251292796549,1b4aA01,ESM
379,0.3601014359646375,1bo7A00,ESM
379,0.7254757360729502,1sk7A00,ESM
379,0.3833392915830809,1a1zA00,ESM
379,0.9825162360752108,1m2dA00,ESM
379,0.8297113476166268,1sumB02,ESM
379,0.6397079633613927,1uapA00,ESM
379,0.2279446680157247,1jqpA01,ESM
379,0.8637601999130521,1b4rA00,ESM
379,0.3338750482665406,1j7mA00,ESM
379,0.4687183250197383,1b1yA00,ESM
379,0.547274437735438,1bagA01,ESM
379,0.521463989262105,1ft9A02,ESM
379,0.9013251200356338,1hpgA02,ESM
379,0.4719861110186598,1lkoA01,ESM
379,0.9117792044410492,1sznA02,ESM
379,0.5902777272138421,1eq6A00,ESM
379,0.0522095772479123,1hufA00,ESM
379,0.6119456890848202,1f3vA00,ESM
379,0.829792278116597,1sxjE02,ESM
379,0.8725598670176736,1kx3D00,ESM
379,0.7795092239849098,1pqwA00,ESM
379,0.488455601932716,1a39A00,ESM
379,0.3061765473512005,1eysL02,ESM
379,0.45915402677955,1sxrA00,ESM
379,0.8407138321656448,1ks9A02,ESM
379,0.388325107243646,1tdpA00,ESM
379,0.8262151698208919,1qrjA01,ESM
379,0.8174058819776663,1c5eA00,ESM
379,0.402771750977716,1l5oA02,ESM
379,0.930055367839503,1um8A02,ESM
379,0.3358979151256022,1j5sA02,ESM
379,0.791774603863104,1mkfA01,ESM
379,0.9117908651281564,1mtyG02,ESM
379,0.5581835993587263,1hyoA01,ESM
379,0.4414357534656575,1c9bA02,ESM
379,0.5374306404927391,1dy2A00,ESM
379,0.7815205507349744,1a9vA00,ESM
379,0.8703782134733831,1h67A00,ESM
379,0.7665646789073278,1gwcA02,ESM
379,0.9067164781446068,1ll8A00,ESM
379,0.9669185605421372,1lfwA03,ESM
379,0.9156329075255322,1igqB00,ESM
379,0.9240908218339224,1ex0A03,ESM
379,0.7360317787760371,1d0bA00,ESM
379,0.3217511889402885,1nycA00,ESM
379,0.6142784773301397,1uoyA01,ESM
379,0.7003868595630669,1eysL01,ESM
379,0.3494257451252528,1epwA01,ESM
379,0.2380321206012641,1rwrA00,ESM
379,0.9610095916061264,1pytA00,ESM
379,0.8610559279704094,1pe4A00,ESM
379,0.6806441427899836,1mabB01,ESM
379,0.7525844759591646,1hf2A02,ESM
379,0.8966510463210845,1eyuA00,ESM
379,0.4882115869338,1fjkA00,ESM
379,0.4314060603269153,1ffvC03,ESM
379,0.5525835667104396,1gcyA02,ESM
379,0.8144047105540672,1l3gA00,ESM
379,0.6321023811597865,1o0sA02,ESM
379,0.8856547486961196,1tltA02,ESM
379,0.4148692756480005,1rv9A00,ESM
379,0.4037250164311686,1escA00,ESM
379,0.8884231431958115,1b9nA03,ESM
379,0.7906592143173965,1beoA00,ESM
379,0.4167006163516021,1a2nA02,ESM
379,0.822685716936951,1b97A00,ESM
379,0.503769589858875,1chzA00,ESM
379,0.6054804393178872,1fgxA00,ESM
379,0.7987729500121112,1e9rA02,ESM
379,0.783057214567135,1jeyA03,ESM
379,0.6371815093395913,1q2zA00,ESM
379,0.8786028727850663,1sr8A02,ESM
379,0.5966131990531373,1uaiA00,ESM
379,0.4963681304025621,1ulvA04,ESM
379,0.8593801545834785,1b5fB00,ESM
379,0.8660786145778386,1s5lB02,ESM
379,0.6482408201616097,1t0iA00,ESM
379,0.8043114164433498,1c3gA01,ESM
379,0.7545442969719259,1s5lH00,ESM
379,0.8181677147168676,1sqpF00,ESM
379,0.7401342556825682,1eb6A00,ESM
379,0.7098860583626361,1a3dA00,ESM
379,0.8674933022762257,1tg0A00,ESM
379,0.679856897667789,1lm8V01,ESM
379,0.8821684506432813,1tifA00,ESM
379,0.7111991935385343,1g7uA00,ESM
379,0.8358752387652318,1cywA00,ESM
379,0.6544497097959754,1st6A03,ESM
379,0.4547438733315821,1oygA01,ESM
379,0.8864996736082909,1j78A05,ESM
379,0.4637320859526445,1k8iB01,ESM
379,0.9158279929698028,1l3wA03,ESM
379,0.7088079359920332,1inlC02,ESM
379,0.4852960053169353,1i5gA00,ESM
379,0.6259019083224749,1k32A01,ESM
379,0.4340144226020491,1gz1A00,ESM
379,0.7645594446753691,1ebfA02,ESM
379,0.9247051848565644,1e0bA00,ESM
379,0.8437469814301057,1c30A08,ESM
379,0.7931424515321392,1rjlC00,ESM
379,0.8494914678390008,1c8uA01,ESM
379,0.8423912439375956,1js2A00,ESM
379,0.5591197269029957,1fohA03,ESM
379,0.7801476610034613,1ceuA00,ESM
379,0.798068122338348,1pf5A00,ESM
379,0.5674180164286452,1a0hA01,ESM
379,0.4657344485817161,1h7zA00,ESM
379,0.6981075490654455,1adnA00,ESM
379,0.8411899295456071,1n3kA00,ESM
379,0.9014933871919334,1cfbA02,ESM
379,0.6020783522427055,1hn0A04,ESM
379,0.9465115659923214,1tezA01,ESM
379,0.6839832349407375,1mzvA00,ESM
379,0.7333808781715833,1ryuA00,ESM
379,0.8578830121479653,1gntA02,ESM
379,0.858469727568528,1i7xB00,ESM
379,0.5582377654596422,1o0uA02,ESM
379,0.5517962442820237,1jl5A00,ESM
379,0.7605642996579147,1ihvA00,ESM
379,0.6285152702300948,1st0A02,ESM
379,0.7451486043006005,1gjsA00,ESM
379,0.6482895148117104,1fwxA01,ESM
379,0.3523397959070693,1ji3A00,ESM
379,0.8566330764044503,1qwzA00,ESM
379,0.6513015786366466,1gxeA00,ESM
379,0.6746321221271002,1dl5A01,ESM
379,0.4054640350010648,1rzuA02,ESM
379,0.4982057718934356,1qexA03,ESM
379,0.7148084898903639,1ca1A01,ESM
379,0.6956531495108101,1u0mA01,ESM
379,0.8138963885625965,1kfwA02,ESM
379,0.3288360393129955,1c01A00,ESM
379,0.7278135387561773,1pi2A00,ESM
413,0.9238831873099744,1l3wA03,ESM
413,0.8793783287487974,1inlC02,ESM
413,0.6494075878747968,1k8iB01,ESM
413,0.5093075781836409,1j78A05,ESM
413,0.9119436050175168,1c30A08,ESM
413,0.782265039600824,1e0bA00,ESM
413,0.3607185126229737,1gz1A00,ESM
413,0.6806320817335171,1k32A01,ESM
413,0.7221438566329884,1ebfA02,ESM
413,0.8879579326729982,1i5gA00,ESM
413,0.6073267676383027,1a3dA00,ESM
413,0.8378316268542034,1eb6A00,ESM
413,0.6482951076114388,1sqpF00,ESM
413,0.8855799353559382,1s5lH00,ESM
413,0.7141400840579102,1c3gA01,ESM
413,0.7042394236253544,1st6A03,ESM
413,0.5392448940011153,1oygA01,ESM
413,0.7981978933954451,1g7uA00,ESM
413,0.4161031102340599,1tifA00,ESM
413,0.8338271559053827,1cywA00,ESM
413,0.6867715367467047,1tg0A00,ESM
413,0.7888978868125288,1lm8V01,ESM
413,0.6631618531875026,1ihvA00,ESM
413,0.6918406218957687,1i7xB00,ESM
413,0.5730349802689394,1jl5A00,ESM
413,0.7086808932905544,1o0uA02,ESM
413,0.8564200528714512,1gntA02,ESM
413,0.8402905947513185,1pi2A00,ESM
413,0.1282851148211349,1c01A00,ESM
413,0.7642072436811808,1u0mA01,ESM
413,0.5284548937175083,1kfwA02,ESM
413,0.8332650095956267,1ca1A01,ESM
413,0.6240450777119139,1qexA03,ESM
413,0.8399687218050694,1gxeA00,ESM
413,0.8238153431060796,1qwzA00,ESM
413,0.5696567082335036,1ji3A00,ESM
413,0.7919966984429448,1rzuA02,ESM
413,0.8214453485412456,1dl5A01,ESM
413,0.7292713021014756,1fwxA01,ESM
413,0.6257945836067554,1gjsA00,ESM
413,0.7805004393136787,1st0A02,ESM
413,0.6239027424919004,1h7zA00,ESM
413,0.4283493147156186,1a0hA01,ESM
413,0.8704405817116604,1pf5A00,ESM
413,0.8956673493968448,1fohA03,ESM
413,0.781235151173434,1ceuA00,ESM
413,0.7844439386345303,1c8uA01,ESM
413,0.8050677029804401,1js2A00,ESM
413,0.5960566047969704,1rjlC00,ESM
413,0.7320644066353806,1ryuA00,ESM
413,0.5912804423526249,1mzvA00,ESM
413,0.8190118438974648,1cfbA02,ESM
413,0.9557858560554702,1tezA01,ESM
413,0.8672348287749962,1hn0A04,ESM
413,0.806800697519959,1n3kA00,ESM
413,0.7324358600182331,1adnA00,ESM
413,0.5073222742892163,1eyuA00,ESM
413,0.4602642424412898,1hf2A02,ESM
413,0.6363370458417866,1pe4A00,ESM
413,0.9708450722496454,1pytA00,ESM
413,0.631517059298699,1mabB01,ESM
413,0.2425054542546657,1rwrA00,ESM
413,0.4080942612040615,1escA00,ESM
413,0.501559464728058,1rv9A00,ESM
413,0.8583313283388951,1l3gA00,ESM
413,0.7181039382888749,1tltA02,ESM
413,0.7080421311991332,1o0sA02,ESM
413,0.1614509798388018,1ffvC03,ESM
413,0.4457391711232166,1fjkA00,ESM
413,0.6830616185406889,1gcyA02,ESM
413,0.8458612847389346,1ll8A00,ESM
413,0.7348493541961527,1gwcA02,ESM
413,0.8706970581482918,1h67A00,ESM
413,0.7776726149230285,1a9vA00,ESM
413,0.4063597221334982,1eysL01,ESM
413,0.3154168635899038,1epwA01,ESM
413,0.0918930647323812,1d0bA00,ESM
413,0.701052603023788,1uoyA01,ESM
413,0.3502916832401258,1nycA00,ESM
413,0.7566607099284678,1lfwA03,ESM
413,0.8123201339352326,1ex0A03,ESM
413,0.9057673188415832,1igqB00,ESM
413,0.6177074369699208,1ulvA04,ESM
413,0.7835665747615105,1uaiA00,ESM
413,0.4030801528996864,1t0iA00,ESM
413,0.7389634076768276,1s5lB02,ESM
413,0.6815208574776862,1b5fB00,ESM
413,0.9260677861885448,1b97A00,ESM
413,0.4925444201228131,1a2nA02,ESM
413,0.8099881029372734,1b9nA03,ESM
413,0.7253317319499758,1beoA00,ESM
413,0.823486682838021,1sr8A02,ESM
413,0.3269742525222101,1jeyA03,ESM
413,0.6805194690953982,1e9rA02,ESM
413,0.4877498316025295,1q2zA00,ESM
413,0.6894297274410959,1fgxA00,ESM
413,0.576298394238888,1chzA00,ESM
413,0.6598007882199696,1sk7A00,ESM
413,0.5299359073855706,1bo7A00,ESM
413,0.977290889051733,1m2dA00,ESM
413,0.6272250445858951,1a1zA00,ESM
413,0.7271093662143683,1sumB02,ESM
413,0.6441052574524644,1b4aA01,ESM
413,0.8590776683245459,1u0vB01,ESM
413,0.4004156136695688,1u0bB02,ESM
413,0.8429199228141515,1lujB01,ESM
413,0.5193785716273296,1b1yA00,ESM
413,0.5379004487014166,1j7mA00,ESM
413,0.4667140170631175,1b4rA00,ESM
413,0.4250500353388149,1jqpA01,ESM
413,0.8654253065618671,1uapA00,ESM
413,0.2918406358597584,1lcsA00,ESM
413,0.7080809325577626,1gqoB00,ESM
413,0.8826784256868178,1j8mF01,ESM
413,0.6067144220969031,1pjqA03,ESM
413,0.6575923272178821,1b06A01,ESM
413,0.347317587104286,1a48A01,ESM
413,0.7544057796826718,1jbiA00,ESM
413,0.6750613129087886,1t4lB00,ESM
413,0.7470683075505032,1kplA00,ESM
413,0.5197573709549138,1aocA00,ESM
413,0.545715426321087,1j5sA02,ESM
413,0.8690556836834926,1mkfA01,ESM
413,0.9174243105752664,1um8A02,ESM
413,0.8476591026572136,1c5eA00,ESM
413,0.6371737441433537,1l5oA02,ESM
413,0.5861688523399279,1dy2A00,ESM
413,0.858710058526365,1c9bA02,ESM
413,0.6128239805929778,1hyoA01,ESM
413,0.6385777629346869,1mtyG02,ESM
413,0.5798358758490219,1f3vA00,ESM
413,0.1339158260818199,1hufA00,ESM
413,0.6002841789131992,1sznA02,ESM
413,0.7482087126780477,1eq6A00,ESM
413,0.4843161333336834,1hpgA02,ESM
413,0.6476234209082976,1lkoA01,ESM
413,0.773469779012938,1ft9A02,ESM
413,0.6039578399991462,1bagA01,ESM
413,0.7635776003944744,1qrjA01,ESM
413,0.4375937054169579,1tdpA00,ESM
413,0.6494729326955623,1eysL02,ESM
413,0.6820086062535274,1sxrA00,ESM
413,0.6867125597968806,1a39A00,ESM
413,0.7430795066345525,1ks9A02,ESM
413,0.8019622234216282,1sxjE02,ESM
413,0.8727617233055399,1pqwA00,ESM
413,0.7343623010253766,1kx3D00,ESM
413,0.628899955430799,1tyjA00,ESM
413,0.5796196245949108,1reoA03,ESM
413,0.7167150026038694,1tujA00,ESM
413,0.749172975040496,1k70A02,ESM
413,0.7454414981731234,1j0tA00,ESM
413,0.798717748279994,1g5aA03,ESM
413,0.8151315880119607,1ow4A00,ESM
413,0.2034770180096863,1q5zA00,ESM
413,0.4168166292704853,1lf6A02,ESM
413,0.5341390645266554,1gxmB00,ESM
413,0.7720820740660954,1sknP00,ESM
413,0.553716594054976,1dkyB02,ESM
413,0.6056541532945832,1o75A03,ESM
413,0.5596750167213049,1kx3G00,ESM
413,0.6023315088888361,1mu5A02,ESM
413,0.6859347987628683,1jbjA02,ESM
413,0.8870746752259661,1khcA01,ESM
413,0.736199029261098,1bkcE00,ESM
413,0.7811043786239756,1gccA00,ESM
413,0.6455566486885321,1i2nA00,ESM
413,0.6911247592191208,1ghsA00,ESM
413,0.7326244071264453,1bgqA00,ESM
413,0.8741238232558336,1fcdA03,ESM
413,0.6179831071879734,1hcnA00,ESM
413,0.6449076734530323,1c8jA00,ESM
413,0.6320879979868818,1jw3A00,ESM
413,0.7446198314510233,1k8kD01,ESM
413,0.5457658029475018,1tyeA00,ESM
413,0.8234103834933749,1k8kF00,ESM
413,0.9914316025816858,1rzmA01,ESM
413,0.5021100101201538,1e1gA00,ESM
413,0.8404701717431019,1ceeB00,ESM
413,0.8802371224039687,1tuaA01,ESM
413,0.6356360681844745,1gwyA00,ESM
413,0.7584716293852549,1d2nA02,ESM
413,0.3620387449927591,1cz4A02,ESM
413,0.6944151702380263,1b2rA02,ESM
450,0.4984456046229351,1lujB01,ESM
450,0.419497827591268,1u0bB02,ESM
450,0.6134174487232245,1b4aA01,ESM
450,0.8851950883661519,1u0vB01,ESM
450,0.6228679881088336,1sk7A00,ESM
450,0.6982504840876369,1bo7A00,ESM
450,0.2739946310731911,1sumB02,ESM
450,0.933828076121708,1m2dA00,ESM
450,0.550652415415972,1a1zA00,ESM
450,0.6010260726955805,1uapA00,ESM
450,0.1543109143968527,1jqpA01,ESM
450,0.4230087779434436,1b4rA00,ESM
450,0.7820197089473797,1j7mA00,ESM
450,0.5988540430080073,1b1yA00,ESM
450,0.4757620430097671,1b06A01,ESM
450,0.8401158138262451,1pjqA03,ESM
450,0.6241529913120386,1a48A01,ESM
450,0.5510189848905798,1j8mF01,ESM
450,0.8396526326188525,1gqoB00,ESM
450,0.4677016212947535,1lcsA00,ESM
450,0.4243112545298437,1aocA00,ESM
450,0.71698883583933,1kplA00,ESM
450,0.626314255090046,1t4lB00,ESM
450,0.5510378394564932,1jbiA00,ESM
450,0.7882134047316753,1l5oA02,ESM
450,0.5149860081065324,1c5eA00,ESM
450,0.628363682330432,1um8A02,ESM
450,0.7018092899145293,1j5sA02,ESM
450,0.9104139123200334,1mkfA01,ESM
450,0.8591986763016898,1mtyG02,ESM
450,0.255287266232117,1hyoA01,ESM
450,0.6389172408396863,1c9bA02,ESM
450,0.6880714684294277,1dy2A00,ESM
450,0.3814179924712202,1bagA01,ESM
450,0.5977537011449096,1ft9A02,ESM
450,0.5531220010472706,1lkoA01,ESM
450,-0.0111894687515805,1hpgA02,ESM
450,0.2150936976454098,1sznA02,ESM
450,0.8047993693241384,1eq6A00,ESM
450,0.7804926286847398,1f3vA00,ESM
450,-0.0308175057835519,1hufA00,ESM
450,0.8151728074619597,1sxjE02,ESM
450,0.2555179729641587,1kx3D00,ESM
450,0.8786057262127904,1pqwA00,ESM
450,0.62342677995952,1a39A00,ESM
450,0.5252107019819174,1sxrA00,ESM
450,0.6771044176982719,1eysL02,ESM
450,0.6499044717259058,1ks9A02,ESM
450,0.4871004712069504,1tdpA00,ESM
450,0.5717409505905571,1qrjA01,ESM
450,0.7680742489368925,1tujA00,ESM
450,0.6396053169956846,1reoA03,ESM
450,0.5810628790201995,1tyjA00,ESM
450,0.7938033916353406,1j0tA00,ESM
450,0.7050382610698778,1k70A02,ESM
450,0.6367514906281952,1gxmB00,ESM
450,0.349594700668934,1lf6A02,ESM
450,0.6264878568569036,1q5zA00,ESM
450,0.8693006298761005,1ow4A00,ESM
450,0.7597214877361578,1g5aA03,ESM
450,0.8877343945253686,1jbjA02,ESM
450,0.8966789725625782,1mu5A02,ESM
450,0.7715296894813811,1kx3G00,ESM
450,0.3604757221044966,1o75A03,ESM
450,0.5243435343898162,1dkyB02,ESM
450,0.3509908920900271,1sknP00,ESM
450,0.4115824189603609,1fcdA03,ESM
450,0.6805586730394391,1ghsA00,ESM
450,0.8351097343975069,1bgqA00,ESM
450,0.8050883939865101,1i2nA00,ESM
450,0.6960008869004866,1gccA00,ESM
450,0.6846451383181958,1ry9A00,ESM
450,0.7663853917282717,1bkcE00,ESM
450,0.7171681935981133,1khcA01,ESM
450,0.6504250372110629,1tyeA00,ESM
450,0.7186325028256693,1k8kD01,ESM
450,0.7737788677239803,1jw3A00,ESM
450,0.4670208324675257,1c8jA00,ESM
450,0.9168206209613526,1hcnA00,ESM
450,0.9110776436327516,1k8kF00,ESM
450,0.6643457865134952,1b2rA02,ESM
450,0.5555719001833629,1cz4A02,ESM
450,0.516605329156745,1ceeB00,ESM
450,0.561665145202373,1tuaA01,ESM
450,0.4839542095040054,1d2nA02,ESM
450,0.7673349887722819,1gwyA00,ESM
450,0.6490095731784462,1e1gA00,ESM
450,0.9916999970095428,1rzmA01,ESM
450,0.7031027160484702,1j78A05,ESM
450,0.7861346732356763,1k8iB01,ESM
450,0.9035545810989396,1l3wA03,ESM
450,0.2024604043357593,1inlC02,ESM
450,0.7530080758730342,1i5gA00,ESM
450,0.5331152415362584,1gz1A00,ESM
450,0.6881049983975035,1k32A01,ESM
450,0.577913929859906,1ebfA02,ESM
450,0.7167239574339878,1e0bA00,ESM
450,0.8756309472554877,1c30A08,ESM
450,0.3551266281250447,1c3gA01,ESM
450,0.6444685820012699,1sqpF00,ESM
450,0.5389789243800287,1s5lH00,ESM
450,0.1434153897961818,1eb6A00,ESM
450,0.84286160374697,1a3dA00,ESM
450,0.6041894442938397,1tg0A00,ESM
450,0.8025609807630321,1lm8V01,ESM
450,0.6981648223866657,1g7uA00,ESM
450,0.8366022906661333,1tifA00,ESM
450,0.7655896750698834,1cywA00,ESM
450,0.9202183490849338,1st6A03,ESM
450,0.6316343668774749,1oygA01,ESM
450,0.8640520896822947,1gntA02,ESM
450,0.1641480489486658,1i7xB00,ESM
450,0.4155229658844241,1o0uA02,ESM
450,0.510572152429089,1jl5A00,ESM
450,0.5912646662546563,1ihvA00,ESM
450,0.9244608237964956,1st0A02,ESM
450,0.6982835573934134,1fwxA01,ESM
450,0.7212909069094781,1gjsA00,ESM
450,0.6563330028085236,1ji3A00,ESM
450,0.7287863769968358,1qwzA00,ESM
450,0.7369862757669228,1gxeA00,ESM
450,0.821089897087305,1dl5A01,ESM
450,0.8869174857819093,1rzuA02,ESM
450,0.4512324965529206,1qexA03,ESM
450,0.9022879809939276,1ca1A01,ESM
450,0.4519834755071323,1kfwA02,ESM
450,0.8689132149270307,1u0mA01,ESM
450,0.8234311613136428,1pi2A00,ESM
450,0.6507671288092663,1c01A00,ESM
450,0.2750969063881779,1rjlC00,ESM
450,0.6065493180092552,1c8uA01,ESM
450,0.6757520624449117,1js2A00,ESM
450,0.8125940874523204,1ceuA00,ESM
450,0.9199427702810616,1fohA03,ESM
450,0.581182223834648,1pf5A00,ESM
450,0.7644974130177099,1a0hA01,ESM
450,0.73303641308094,1h7zA00,ESM
450,0.6583959165850805,1adnA00,ESM
450,0.0995808332904115,1n3kA00,ESM
450,0.823022169042439,1hn0A04,ESM
450,0.8129441202369925,1tezA01,ESM
450,0.8134482530695158,1cfbA02,ESM
450,0.7303909990225526,1ryuA00,ESM
450,0.6962333049200808,1mzvA00,ESM
450,0.3575353484708621,1rwrA00,ESM
450,0.8808687735717421,1pytA00,ESM
450,0.8366499887104936,1pe4A00,ESM
450,0.6702053880555939,1mabB01,ESM
450,0.7122332914901031,1hf2A02,ESM
450,0.6653040362300529,1eyuA00,ESM
450,0.836092807305894,1fjkA00,ESM
450,0.0924509305890528,1ffvC03,ESM
450,0.6701660730208551,1gcyA02,ESM
450,0.5497261919904115,1tltA02,ESM
450,0.64932715806217,1o0sA02,ESM
450,0.600316951799714,1l3gA00,ESM
450,0.7604504803748956,1rv9A00,ESM
450,0.4821959589378541,1escA00,ESM
450,0.8815094812151933,1a9vA00,ESM
450,0.3312763720886696,1h67A00,ESM
450,0.8833297082258138,1gwcA02,ESM
450,0.7927242552535421,1ll8A00,ESM
450,0.367480007880607,1lfwA03,ESM
450,0.3155220709220199,1igqB00,ESM
450,0.7590386592373015,1ex0A03,ESM
450,0.6296171438487762,1d0bA00,ESM
450,0.6091105535271045,1uoyA01,ESM
450,0.671286194122276,1nycA00,ESM
450,0.7036329464906587,1eysL01,ESM
450,0.5640287754670625,1epwA01,ESM
450,0.6131097585190611,1uaiA00,ESM
450,0.5943598724667666,1ulvA04,ESM
450,0.7770589349409825,1b5fB00,ESM
450,0.553968906340297,1s5lB02,ESM
450,0.8776836244011753,1t0iA00,ESM
450,0.73034676928931,1beoA00,ESM
450,0.8274959293985593,1b9nA03,ESM
450,0.5626166294449181,1a2nA02,ESM
450,0.9043427889203752,1b97A00,ESM
450,0.633907902340861,1fgxA00,ESM
450,0.7651679266050297,1chzA00,ESM
450,0.6211695328777384,1jeyA03,ESM
450,0.6894498382769096,1e9rA02,ESM
450,0.3998302744761835,1q2zA00,ESM
450,0.949776975402198,1sr8A02,ESM
320,0.8004339994770219,1sumB02,AlphaFold
320,0.6163261946642347,1lcsA00,AlphaFold
320,0.8744150487692172,1j5sA02,AlphaFold
320,0.8440639136071878,1hyoA01,AlphaFold
320,0.7033044896593506,1f3vA00,AlphaFold
320,0.7271286811860435,1ezjA02,AlphaFold
320,0.7356584407895514,1ruyH02,AlphaFold
320,0.7636245211198113,1koyA00,AlphaFold
320,0.8299460270121191,1st0A02,AlphaFold
320,0.9142475822648533,1gxeA00,AlphaFold
320,0.9335440465453366,1kfwA02,AlphaFold
320,0.8374876061531158,1eysL01,AlphaFold
320,0.869171802913455,1beoA00,AlphaFold
348,0.8444399508836126,1koyA00,AlphaFold
348,0.7682228786932838,1kfwA02,AlphaFold
348,0.8701620715032269,1gxeA00,AlphaFold
348,0.7440780858377531,1st0A02,AlphaFold
348,0.5160748391241441,1eysL01,AlphaFold
348,0.6248791656683836,1beoA00,AlphaFold
348,0.7472406597366773,1lcsA00,AlphaFold
348,0.8634610293966465,1sumB02,AlphaFold
348,0.6467377177809525,1f3vA00,AlphaFold
348,0.9240575450966504,1hyoA01,AlphaFold
348,0.9117571950854342,1j5sA02,AlphaFold
348,0.6709026196469977,1ezjA02,AlphaFold
348,0.828537504945927,1ruyH02,AlphaFold
379,0.7523086547050525,1ezvC00,AlphaFold
379,0.6896808642841729,1eysL01,AlphaFold
379,0.7567317329775648,1beoA00,AlphaFold
379,0.3349662203124262,1koyA00,AlphaFold
379,0.8096210332122991,1st0A02,AlphaFold
379,0.9105405197954848,1gxeA00,AlphaFold
379,0.65150016647538,1kfwA02,AlphaFold
379,0.8734379667537215,1ezjA02,AlphaFold
379,0.7444834657298307,1ruyH02,AlphaFold
379,0.7893265847480079,1lcsA00,AlphaFold
379,0.7458103708197542,1sumB02,AlphaFold
379,0.5761742606988445,1f3vA00,AlphaFold
379,0.7140121767921829,1j5sA02,AlphaFold
379,0.7128672376178679,1hyoA01,AlphaFold
413,0.7561601292883813,1sumB02,AlphaFold
413,0.6033847041646061,1j5sA02,AlphaFold
413,0.7342560035942219,1hyoA01,AlphaFold
413,0.6041976569177906,1f3vA00,AlphaFold
413,0.8538012993125186,1ezjA02,AlphaFold
413,0.7510316212103773,1ruyH02,AlphaFold
413,0.79505420240887,1koyA00,AlphaFold
413,0.8846377194573989,1kfwA02,AlphaFold
413,0.7993574061830676,1gxeA00,AlphaFold
413,0.8538029533941117,1st0A02,AlphaFold
413,0.639513797312169,1ezvC00,AlphaFold
413,0.6112102331909234,1eysL01,AlphaFold
413,0.8503846677045944,1beoA00,AlphaFold
450,0.3712690366932387,1koyA00,AlphaFold
450,0.8749942808341116,1st0A02,AlphaFold
450,0.7175791574099519,1gxeA00,AlphaFold
450,0.0733728507549842,1kfwA02,AlphaFold
450,0.6938869470413377,1ezvC00,AlphaFold
450,0.7992045641193838,1eysL01,AlphaFold
450,0.8369237315434696,1beoA00,AlphaFold
450,0.7917015462515989,1sumB02,AlphaFold
450,0.9159116283165064,1j5sA02,AlphaFold
450,0.6506860728439727,1hyoA01,AlphaFold
450,0.7036984399996326,1f3vA00,AlphaFold
450,0.8596722617710173,1ezjA02,AlphaFold
450,0.5891947023405241,1ruyH02,AlphaFold
320,0.9147787747714672,1rzmA01,DCA
320,0.9076757867389218,1k8kF00,DCA
320,0.7591387033404875,1neiA00,DCA
320,0.8559300493489329,1ks9A02,DCA
320,0.7230390056718572,1sxjE02,DCA
320,0.6553381022939585,1eq6A00,DCA
320,0.8677746593977287,1j7mA00,DCA
320,0.2743740405848831,1bo7A00,DCA
320,0.8230511599718203,1u0vB01,DCA
320,0.8820391852401813,1on2A02,DCA
320,0.9308928177219116,1ll8A00,DCA
320,0.928554593462684,1a9vA00,DCA
320,0.9776414600508454,1pytA00,DCA
320,0.7195462857098622,1hn0A04,DCA
320,0.7759452578891918,1mixA01,DCA
320,0.8474213691505925,1qexA03,DCA
320,0.7727168392731374,1a3dA00,DCA
320,0.5820952407482441,1s5lH00,DCA
348,0.8661263798139964,1on2A02,DCA
348,0.9636325625895348,1pytA00,DCA
348,0.8587530610374841,1a9vA00,DCA
348,0.8364832927831221,1ll8A00,DCA
348,0.926115662174242,1qexA03,DCA
348,0.8246560630221489,1mixA01,DCA
348,0.9636375414536054,1hn0A04,DCA
348,0.5650517037610495,1s5lH00,DCA
348,0.7794350558644748,1a3dA00,DCA
348,0.6847100979043437,1neiA00,DCA
348,0.8840370074480263,1k8kF00,DCA
348,0.961709249349194,1rzmA01,DCA
348,0.8220534343857744,1eq6A00,DCA
348,0.7395896030941178,1sxjE02,DCA
348,0.6688138232579757,1ks9A02,DCA
348,0.6642927136087993,1u0vB01,DCA
348,0.3799964203543296,1bo7A00,DCA
348,0.8067979423912218,1j7mA00,DCA
379,0.9320203729053492,1qexA03,DCA
379,0.857171050718012,1hn0A04,DCA
379,0.6347890157214907,1mixA01,DCA
379,0.8174721231996638,1a3dA00,DCA
379,0.6769767260874558,1s5lH00,DCA
379,0.8366497935303817,1on2A02,DCA
379,0.9609128278679876,1pytA00,DCA
379,0.8206360151412794,1ll8A00,DCA
379,0.775825131209004,1a9vA00,DCA
379,0.7243634043539317,1ks9A02,DCA
379,0.3291320808461119,1sxjE02,DCA
379,0.7141502945292755,1eq6A00,DCA
379,0.4699421062101085,1j7mA00,DCA
379,0.4988123840638005,1bo7A00,DCA
379,0.6510132012886165,1u0vB01,DCA
379,0.5221261448179133,1neiA00,DCA
379,0.8371828548298688,1rzmA01,DCA
379,0.8823409164366494,1k8kF00,DCA
413,0.8952276343865659,1rzmA01,DCA
413,0.7269222882889351,1k8kF00,DCA
413,0.2406317817472157,1neiA00,DCA
413,0.7116089052685176,1sxjE02,DCA
413,0.7709661027314937,1ks9A02,DCA
413,0.7040179416632738,1eq6A00,DCA
413,0.7583475318127593,1j7mA00,DCA
413,0.7447174445506572,1b1yA00,DCA
413,0.7780474410176662,1u0vB01,DCA
413,0.7009998158416592,1bo7A00,DCA
413,0.6845444953625522,1on2A02,DCA
413,0.8378143901358309,1a9vA00,DCA
413,0.704255460014819,1ll8A00,DCA
413,0.91063933961987,1pytA00,DCA
413,0.7466857624913996,1hn0A04,DCA
413,0.6580876550639823,1mixA01,DCA
413,0.9218617251784528,1qexA03,DCA
413,0.2099992726264317,1s5lH00,DCA
413,0.6571609522887908,1a3dA00,DCA
450,0.8459042641522381,1on2A02,DCA
450,0.7171747093335944,1ll8A00,DCA
450,0.7972158518348177,1a9vA00,DCA
450,0.5416380586190511,1pytA00,DCA
450,0.6626479339973449,1hn0A04,DCA
450,0.4843275332691827,1mixA01,DCA
450,0.5670238311811787,1qexA03,DCA
450,0.7877950342845658,1a3dA00,DCA
450,0.7859767847235682,1s5lH00,DCA
450,0.8672391701066736,1rzmA01,DCA
450,0.6391828449435133,1k8kF00,DCA
450,0.6181057334823147,1neiA00,DCA
450,0.3767416993439624,1ks9A02,DCA
450,0.7376507057583329,1sxjE02,DCA
450,0.7657030162578501,1eq6A00,DCA
450,0.6580221866445283,1b1yA00,DCA
450,0.4587192681847799,1j7mA00,DCA
450,0.6272785270225001,1bo7A00,DCA
320,0.379911482393293,1tvfA02,ESM
320,0.732167988906133,1c7sA02,ESM
320,0.9807591560346132,1l7yA00,ESM
320,0.617845369634896,1hsjB03,ESM
320,0.5456730863760759,1ezvC00,ESM
320,0.9542627942157976,1rq2B02,ESM
320,0.6544751265449859,1mzbA02,ESM
320,0.8785122516322242,1ibcB00,ESM
320,0.8658827030188142,1mnmC00,ESM
320,0.5649554753343786,1e6vA03,ESM
320,0.4036011336293963,1cb5A01,ESM
320,0.6757447638408784,1eerA00,ESM
348,0.7987338701731339,1mnmC00,ESM
348,0.8270461612412128,1ibcB00,ESM
348,0.5536696647389444,1cb5A01,ESM
348,0.7427190166518545,1e6vA03,ESM
348,0.7338220230030581,1eerA00,ESM
348,0.7818902633566116,1c7sA02,ESM
348,0.9382025416190484,1l7yA00,ESM
348,0.2636497806084648,1tvfA02,ESM
348,0.8812957233996316,1hsjB03,ESM
348,0.9512855967785516,1rq2B02,ESM
348,0.7104280232713294,1ezvC00,ESM
348,0.5682999963278641,1mzbA02,ESM
379,0.7988150084489102,1e6vA03,ESM
379,0.5882244836652984,1cb5A01,ESM
379,0.6020827738808316,1eerA00,ESM
379,0.818157795228467,1mnmC00,ESM
379,0.6280961361699205,1ezvC00,ESM
379,0.832544515175583,1rq2B02,ESM
379,0.4541812699128624,1hxnA00,ESM
379,0.5492893495280109,1mzbA02,ESM
379,0.7012155813846327,1c7sA02,ESM
379,0.9454065606133312,1l7yA00,ESM
379,0.3107913334995799,1tvfA02,ESM
379,0.920546059898149,1hsjB03,ESM
413,0.4375095987467214,1tvfA02,ESM
413,0.769395174542235,1c7sA02,ESM
413,0.8897510926970634,1l7yA00,ESM
413,0.876260153481835,1hsjB03,ESM
413,0.5652221996659115,1hxnA00,ESM
413,0.7131605748990736,1ezvC00,ESM
413,0.9044417135924004,1rq2B02,ESM
413,0.7521306391545081,1mzbA02,ESM
413,0.6137489858675301,1mnmC00,ESM
413,0.7720651428802259,1e6vA03,ESM
413,0.5602707406257429,1cb5A01,ESM
413,0.3844777169134974,1eerA00,ESM
450,0.3727991811987571,1mnmC00,ESM
450,0.5096294304318317,1e6vA03,ESM
450,0.5702240598261633,1cb5A01,ESM
450,0.1747153649244226,1eerA00,ESM
450,0.389142560247903,1tvfA02,ESM
450,0.8145241949730225,1l7yA00,ESM
450,0.6564245080176572,1c7sA02,ESM
450,0.7844738548229729,1hsjB03,ESM
450,0.7275234420523011,1hxnA00,ESM
450,0.7398944872010366,1ezvC00,ESM
450,0.4437672372791228,1rq2B02,ESM
450,0.6077866567113523,1mzbA02,ESM
320,0.7378977060171794,1kplA00,AlphaFold
320,0.7170355995583532,1ks9A02,AlphaFold
320,0.8755422754997526,1txlA00,AlphaFold
320,0.8081674940384983,1ak2A00,AlphaFold
320,0.8965263721552268,1k8iB01,AlphaFold
320,0.7581593688135192,1tvfA02,AlphaFold
320,0.8026563720428482,1st6A03,AlphaFold
320,0.9315611182370538,1eyuA00,AlphaFold
320,0.3768536456284185,1ffvC03,AlphaFold
320,0.7820306498842325,1otvA00,AlphaFold
348,0.7446283564034804,1st6A03,AlphaFold
348,0.8353849949454758,1tvfA02,AlphaFold
348,0.572736245693113,1k8iB01,AlphaFold
348,0.7336593629307601,1otvA00,AlphaFold
348,0.73540157562265,1ffvC03,AlphaFold
348,0.8959402941781281,1eyuA00,AlphaFold
348,0.7179154366299659,1kplA00,AlphaFold
348,0.4257390231596131,1ks9A02,AlphaFold
348,0.9419787521789458,1txlA00,AlphaFold
348,0.776046829942564,1ak2A00,AlphaFold
379,0.8288886876438423,1otvA00,AlphaFold
379,0.8720329357565998,1eyuA00,AlphaFold
379,0.6015910343224274,1ffvC03,AlphaFold
379,0.711391646453281,1st6A03,AlphaFold
379,0.7085799911212075,1k8iB01,AlphaFold
379,0.7808604675445584,1tvfA02,AlphaFold
379,0.8402424689162561,1txlA00,AlphaFold
379,0.8330712263923118,1ak2A00,AlphaFold
379,0.6424692930059093,1kplA00,AlphaFold
379,0.7545123090705598,1ks9A02,AlphaFold
413,0.7869209802684558,1lcsA00,AlphaFold
413,0.6610905584506261,1kplA00,AlphaFold
413,0.72711917915166,1ks9A02,AlphaFold
413,0.9046060109520796,1txlA00,AlphaFold
413,0.7465911625660169,1ak2A00,AlphaFold
413,0.6273468793184004,1tvfA02,AlphaFold
413,0.6434564244852352,1k8iB01,AlphaFold
413,0.696039233538103,1st6A03,AlphaFold
413,0.856231980705653,1eyuA00,AlphaFold
413,0.8166360766626404,1ffvC03,AlphaFold
413,0.6986494568356372,1otvA00,AlphaFold
450,0.8205573840121346,1k8iB01,AlphaFold
450,0.3361336047610568,1tvfA02,AlphaFold
450,0.8824922156570585,1st6A03,AlphaFold
450,0.7725455779968543,1ffvC03,AlphaFold
450,0.6273690377282548,1otvA00,AlphaFold
450,0.6666390404530226,1lcsA00,AlphaFold
450,0.665366477674213,1kplA00,AlphaFold
450,0.6719678059137276,1ks9A02,AlphaFold
450,0.9295461750155668,1txlA00,AlphaFold
450,0.5979498941068682,1ak2A00,AlphaFold
320,0.514697128046043,1c8jA00,DCA
320,0.6264165068982248,1f3vA00,DCA
320,0.6038767067488873,1c9bA02,DCA
320,0.7967895515473677,1b06A01,DCA
320,0.9182639634034132,1uapA00,DCA
320,0.9245386088212452,1lujB01,DCA
320,0.6026394029068046,1bh3A00,DCA
320,0.537689124166765,1pgjA02,DCA
320,0.9503272594272372,1rq2B02,DCA
320,0.7669206723407891,1nktA02,DCA
320,0.6113676033711639,1a0hA01,DCA
320,0.6382803965163834,1fohA03,DCA
320,0.7015031658250237,1j7gA00,DCA
320,0.906239929480638,1c8uA01,DCA
320,0.8481566708795386,1gjsA00,DCA
320,0.783985669890842,1st6A03,DCA
348,0.8507699204384154,1pgjA02,DCA
348,0.5695093535111534,1bh3A00,DCA
348,0.9249438662589764,1rq2B02,DCA
348,0.9236974749400562,1gjsA00,DCA
348,0.849107009828541,1c8uA01,DCA
348,0.9033414047953388,1fohA03,DCA
348,0.7403404246384928,1j7gA00,DCA
348,0.7421828218165617,1a0hA01,DCA
348,0.8381697173929317,1nktA02,DCA
348,0.8438224574514217,1st6A03,DCA
348,0.584549614986745,1c8jA00,DCA
348,0.3883540925879117,1c9bA02,DCA
348,0.7384769866409562,1f3vA00,DCA
348,0.8381075974270642,1lujB01,DCA
348,0.8681120112053808,1uapA00,DCA
348,0.8051153641982381,1b06A01,DCA
379,0.7808488429996949,1gjsA00,DCA
379,0.6535017878588838,1nktA02,DCA
379,0.8295495642027656,1a0hA01,DCA
379,0.8370845367209803,1fohA03,DCA
379,0.7626872349671818,1j7gA00,DCA
379,0.9243780566694512,1c8uA01,DCA
379,0.7643735022897001,1st6A03,DCA
379,0.7584500184211139,1bh3A00,DCA
379,0.8490190445505261,1pgjA02,DCA
379,0.8084266059545591,1rq2B02,DCA
379,0.661530409157113,1c9bA02,DCA
379,0.6492834088011877,1f3vA00,DCA
379,0.8487739121049961,1uapA00,DCA
379,0.8564706736909788,1lujB01,DCA
379,0.7977410667587137,1b06A01,DCA
379,0.6433256675069812,1c8jA00,DCA
413,0.7482518134818149,1c8jA00,DCA
413,0.6544674356781273,1f3vA00,DCA
413,0.7588664003941324,1c9bA02,DCA
413,0.4301153069276449,1b06A01,DCA
413,0.7815446043128974,1uapA00,DCA
413,0.8626276120255221,1lujB01,DCA
413,0.7405237265214623,1pgjA02,DCA
413,0.3840512115245467,1bh3A00,DCA
413,0.5968575802195123,1rq2B02,DCA
413,0.8876924616386582,1nktA02,DCA
413,0.6284047868896312,1c8uA01,DCA
413,0.7472222185154966,1fohA03,DCA
413,0.5604324991793992,1j7gA00,DCA
413,0.7286005776786183,1a0hA01,DCA
413,0.7936120638951494,1gjsA00,DCA
413,0.8567029434579635,1st6A03,DCA
450,0.3084889408431673,1bh3A00,DCA
450,0.7182615173736491,1pgjA02,DCA
450,0.5171686575309673,1rq2B02,DCA
450,0.3480523313679554,1nktA02,DCA
450,0.7054421025578773,1a0hA01,DCA
450,0.5442176394347701,1j7gA00,DCA
450,0.8418138331866148,1fohA03,DCA
450,0.7263393472850175,1c8uA01,DCA
450,0.6238730488798485,1gjsA00,DCA
450,0.5576188451820938,1st6A03,DCA
450,0.8405172796674638,1f3vA00,DCA
450,0.6610942397604805,1c9bA02,DCA
450,0.7233497793309697,1b06A01,DCA
450,0.581104305273547,1uapA00,DCA
450,0.7809983756136554,1u0vB01,DCA
450,0.6303783899818194,1lujB01,DCA
320,0.6771344401655163,1fb1A01,ESM
320,0.372953769176348,1dkiA02,ESM
320,0.1828935584597587,1dh3A00,ESM
320,0.8146384340899682,1o9iA02,ESM
320,0.3067637498667121,1dpgA02,ESM
320,0.6625226669876001,1otvA00,ESM
320,0.4977265070505717,1lucB00,ESM
320,0.8395939163360123,1ti2A01,ESM
320,0.9003521130526033,1h19A02,ESM
320,0.7234804509048267,1iyuA00,ESM
320,0.6793735804878104,1eovA02,ESM
320,0.7644261676766347,1txlA00,ESM
320,0.9237015092206337,1pv4B01,ESM
320,0.6015568924889115,1s0pA01,ESM
348,0.6439300812986496,1lucB00,ESM
348,0.785193555293494,1iyuA00,ESM
348,0.9384120604403476,1h19A02,ESM
348,0.734341715072879,1ti2A01,ESM
348,0.9756348695253568,1pv4B01,ESM
348,0.7724441204191091,1txlA00,ESM
348,0.6637648168541275,1eovA02,ESM
348,0.5658917590989191,1s0pA01,ESM
348,0.8241163593730292,1dh3A00,ESM
348,0.5568479153801619,1dkiA02,ESM
348,0.7474058828430962,1fb1A01,ESM
348,0.7248426919437642,1o9iA02,ESM
348,0.5966367078637533,1otvA00,ESM
348,0.4553260690388387,1dpgA02,ESM
379,0.9730833570893836,1pv4B01,ESM
379,0.7142125866479639,1eovA02,ESM
379,0.8350504497994167,1txlA00,ESM
379,0.4394635140815544,1s0pA01,ESM
379,0.4363623289671142,1lucB00,ESM
379,0.7080538846045938,1h19A02,ESM
379,0.6855736810451377,1iyuA00,ESM
379,0.6536055629169161,1ibcB00,ESM
379,0.7564117871716559,1ti2A01,ESM
379,0.6915589262410479,1otvA00,ESM
379,0.4376123124103233,1dpgA02,ESM
379,0.6554539845114292,1dkiA02,ESM
379,0.7027867426986603,1dh3A00,ESM
379,0.8900157355180847,1fb1A01,ESM
379,0.7029015782697559,1o9iA02,ESM
413,0.3564846418983106,1fb1A01,ESM
413,0.8114633644054897,1dkiA02,ESM
413,0.6582481272614947,1dh3A00,ESM
413,0.811105693652758,1o9iA02,ESM
413,0.4313609119373865,1dpgA02,ESM
413,0.6170513212386254,1otvA00,ESM
413,0.4919163062726158,1lucB00,ESM
413,0.5794679267766863,1ti2A01,ESM
413,0.6507351666320284,1ibcB00,ESM
413,0.6802233474413147,1iyuA00,ESM
413,0.5217742698206742,1h19A02,ESM
413,0.5500419069604235,1eovA02,ESM
413,0.602277300248928,1txlA00,ESM
413,0.8413107177041742,1pv4B01,ESM
413,0.6730069812679244,1s0pA01,ESM
450,0.3666079707902266,1lucB00,ESM
450,0.4205610403349287,1ti2A01,ESM
450,0.3741766305259651,1h19A02,ESM
450,0.7011711733079105,1iyuA00,ESM
450,0.2794241279719119,1ibcB00,ESM
450,0.5861564081782886,1eovA02,ESM
450,0.9390906828401404,1txlA00,ESM
450,0.4130840092252495,1pv4B01,ESM
450,0.5672988991281053,1s0pA01,ESM
450,0.7992210707125451,1fb1A01,ESM
450,0.3768864147418726,1dkiA02,ESM
450,0.8626867682544234,1dh3A00,ESM
450,0.8132251413629914,1o9iA02,ESM
450,0.7119549613399263,1dpgA02,ESM
450,0.4967928728990634,1otvA00,ESM
320,0.9294465789325944,1u0vB01,AlphaFold
320,0.9715951281672016,1m2dA00,AlphaFold
320,0.836548351292459,1jqpA01,AlphaFold
320,0.645619589786513,1aocA00,AlphaFold
320,0.968046942139644,1nijA02,AlphaFold
320,0.8693503183219096,1ig0A01,AlphaFold
320,0.3105230608706543,1hufA00,AlphaFold
320,0.9065708786063686,1sxjE02,AlphaFold
320,0.4698183356210407,1eysL02,AlphaFold
320,0.6336035530019687,1i7xB00,AlphaFold
320,0.9607789572139372,1r3fA02,AlphaFold
320,0.8057129780718083,1u0mA01,AlphaFold
320,0.9492892397284672,1js2A00,AlphaFold
320,0.8798894472970241,1o9iA02,AlphaFold
320,0.844950762285889,1nktA02,AlphaFold
320,0.8665227059911231,1hxnA00,AlphaFold
348,0.7111110275689766,1nktA02,AlphaFold
348,0.807394011269082,1o9iA02,AlphaFold
348,0.7562511508771231,1js2A00,AlphaFold
348,0.8076230137347259,1u0mA01,AlphaFold
348,0.8860444037306587,1r3fA02,AlphaFold
348,0.6311413403741944,1i7xB00,AlphaFold
348,0.896920373645053,1hxnA00,AlphaFold
348,0.8231398821318311,1aocA00,AlphaFold
348,0.9056694156378378,1jqpA01,AlphaFold
348,0.9846373344834012,1m2dA00,AlphaFold
348,0.7777600705056971,1u0vB01,AlphaFold
348,0.5185446376482019,1eysL02,AlphaFold
348,0.9586392867680008,1sxjE02,AlphaFold
348,0.4507788271208782,1hufA00,AlphaFold
348,0.930784921997019,1ig0A01,AlphaFold
348,0.956800632980012,1nijA02,AlphaFold
379,0.9064639244347948,1hxnA00,AlphaFold
379,0.9076649145456668,1js2A00,AlphaFold
379,0.8123576555451643,1o9iA02,AlphaFold
379,0.7172972905526608,1nktA02,AlphaFold
379,0.2725018110648398,1i7xB00,AlphaFold
379,0.696360081239532,1r3fA02,AlphaFold
379,0.7406220860714944,1u0mA01,AlphaFold
379,0.7895311520977208,1aocA00,AlphaFold
379,0.6346704408364978,1u0vB01,AlphaFold
379,0.7923835811067874,1jqpA01,AlphaFold
379,0.9279337139792668,1ig0A01,AlphaFold
379,0.5180670483801475,1hufA00,AlphaFold
379,0.6888895736709917,1sxjE02,AlphaFold
379,0.7532702538785808,1eysL02,AlphaFold
379,0.9692692342838448,1nijA02,AlphaFold
413,0.837382564549405,1u0vB01,AlphaFold
413,0.6758964779076827,1jqpA01,AlphaFold
413,0.7354209738704569,1aocA00,AlphaFold
413,0.8894677205027168,1nijA02,AlphaFold
413,0.1056179531026623,1hufA00,AlphaFold
413,0.8991723958004945,1ig0A01,AlphaFold
413,0.725978667205345,1eysL02,AlphaFold
413,0.4240612916086561,1sxjE02,AlphaFold
413,0.8334945508250348,1i7xB00,AlphaFold
413,0.8380267924708388,1u0mA01,AlphaFold
413,0.8444134157222919,1r3fA02,AlphaFold
413,0.4897192334871632,1js2A00,AlphaFold
413,0.8420606539187271,1nktA02,AlphaFold
413,0.852076152821148,1o9iA02,AlphaFold
413,0.8861239030691187,1hxnA00,AlphaFold
450,0.6779510502056515,1i7xB00,AlphaFold
450,0.7486376625163155,1r3fA02,AlphaFold
450,0.7571149137095119,1u0mA01,AlphaFold
450,0.5741706472367184,1js2A00,AlphaFold
450,0.4750472548105185,1o9iA02,AlphaFold
450,0.2222528468925777,1nktA02,AlphaFold
450,0.5614168516701157,1eyuA00,AlphaFold
450,0.8079036746752013,1hxnA00,AlphaFold
450,0.836314499262298,1u0vB01,AlphaFold
450,0.3321338034111728,1jqpA01,AlphaFold
450,0.7692551375830095,1aocA00,AlphaFold
450,0.7921994627627323,1nijA02,AlphaFold
450,0.5879440458076396,1ig0A01,AlphaFold
450,0.2020212689830588,1hufA00,AlphaFold
450,0.4637006713911443,1sxjE02,AlphaFold
450,0.3900238638824367,1eysL02,AlphaFold
320,0.6419469573836732,1i2nA00,DCA
320,0.7646001117093756,1g5aA03,DCA
320,0.8531706443149532,1g2rA00,DCA
320,0.9745762529551332,1nijA02,DCA
320,0.4451485192779866,1l5oA02,DCA
320,0.9225049870771608,1a7gE00,DCA
320,0.908098739363589,1eyuA00,DCA
320,0.4381961086714883,1gxcA00,DCA
320,0.9241451234597616,1hsjB03,DCA
320,0.7686269892002964,1kfwA02,DCA
320,0.796608626814372,1pi2A00,DCA
320,0.7160745564371518,1fwxA01,DCA
320,0.9388336479960744,1ng6A02,DCA
320,0.793194174915372,1inlC02,DCA
348,0.8369037355402701,1a7gE00,DCA
348,0.8220953316089034,1gxcA00,DCA
348,0.9071349777638252,1eyuA00,DCA
348,0.7582183099367777,1fwxA01,DCA
348,0.8927086011296168,1kfwA02,DCA
348,0.8553297758127166,1pi2A00,DCA
348,0.8805691716390219,1hsjB03,DCA
348,0.8501663575919098,1inlC02,DCA
348,0.9210218927356196,1ng6A02,DCA
348,0.6466180133070887,1i2nA00,DCA
348,0.916473800638853,1g2rA00,DCA
348,0.6186488983403969,1g5aA03,DCA
348,0.5157228739060343,1l5oA02,DCA
348,0.930744381206719,1nijA02,DCA
379,0.6879826585090397,1kfwA02,DCA
379,0.8334982507728043,1pi2A00,DCA
379,0.817662878270303,1hsjB03,DCA
379,0.7956505380261998,1fwxA01,DCA
379,0.7708187656231946,1inlC02,DCA
379,0.9330543498240796,1ng6A02,DCA
379,0.7910557274219006,1a7gE00,DCA
379,0.8703109400564117,1eyuA00,DCA
379,0.7801050713511046,1gxcA00,DCA
379,0.9853602696546933,1nijA02,DCA
379,0.5496059720406972,1l5oA02,DCA
379,0.7282875066682766,1i2nA00,DCA
379,0.8296952841925763,1g2rA00,DCA
379,0.6296674627886379,1g5aA03,DCA
413,0.9094794150668468,1i2nA00,DCA
413,0.7689747206663223,1g5aA03,DCA
413,0.8965778069507746,1g2rA00,DCA
413,0.9723937074649924,1nijA02,DCA
413,0.5678986212182584,1l5oA02,DCA
413,0.7850805269394007,1a7gE00,DCA
413,0.7386752754699067,1gxcA00,DCA
413,0.6982220041262374,1eyuA00,DCA
413,0.7545791176047503,1fwxA01,DCA
413,0.7212643455945786,1pi2A00,DCA
413,0.5295011903669767,1kfwA02,DCA
413,0.7922209130300254,1hsjB03,DCA
413,0.7612337311312731,1ng6A02,DCA
413,0.6726765989847644,1inlC02,DCA
450,0.3529966213362099,1a7gE00,DCA
450,0.6747048301560193,1eyuA00,DCA
450,0.4608972911135128,1gxcA00,DCA
450,0.9306881462369668,1kfwA02,DCA
450,0.6453744716082399,1pi2A00,DCA
450,0.8678310319308726,1hsjB03,DCA
450,0.5918644384830101,1fwxA01,DCA
450,0.9205517786494626,1ng6A02,DCA
450,0.8613188400495924,1inlC02,DCA
450,0.6440067899246036,1c8jA00,DCA
450,0.7187513370672342,1i2nA00,DCA
450,0.5605618044417785,1g5aA03,DCA
450,0.7320698890289488,1g2rA00,DCA
450,0.5731592678976494,1nijA02,DCA
450,0.581435949757167,1l5oA02,DCA
320,0.5599805575305097,1uh4A02,ESM
320,0.5465561683257502,1mixA01,ESM
320,0.9166045475570672,1cukA01,ESM
320,0.1655467686441826,1bf6A00,ESM
320,0.4475450919831344,1j2rA00,ESM
320,0.560483857617387,1gtvA00,ESM
320,0.6716295081272387,1gakA00,ESM
320,0.6902059745565692,1gyxA01,ESM
320,0.7380214889125112,1jj2A03,ESM
320,0.5811148117753262,1qwjB00,ESM
320,0.5642290588420804,1ak2A00,ESM
320,0.6134536089804722,1c5kA02,ESM
320,0.5011975808913478,1ruyH02,ESM
348,0.8184362039608181,1jj2A03,ESM
348,0.4809495417945195,1gyxA01,ESM
348,0.8553126581894724,1gakA00,ESM
348,0.5909227551765788,1ruyH02,ESM
348,0.6295225245480267,1c5kA02,ESM
348,0.6889600018378937,1ak2A00,ESM
348,0.448916563894267,1qwjB00,ESM
348,0.5298539988383193,1uh4A02,ESM
348,0.5212096385688731,1bf6A00,ESM
348,0.9142174106959884,1cukA01,ESM
348,0.5747368273070144,1mixA01,ESM
348,0.7992462323466737,1gtvA00,ESM
348,0.3899799801746894,1j2rA00,ESM
379,0.52379404071057,1ruyH02,ESM
379,0.4108761750410387,1qwjB00,ESM
379,0.7633731710236665,1ak2A00,ESM
379,0.8176407316508597,1gakA00,ESM
379,0.3408113537793649,1gyxA01,ESM
379,0.5226600499249615,1jj2A03,ESM
379,0.7840235443832535,1gtvA00,ESM
379,0.5541392130148064,1j2rA00,ESM
379,0.5272732657538415,1uh4A02,ESM
379,0.4771961902859715,1mixA01,ESM
379,0.9253559540827252,1cukA01,ESM
379,0.5093306507848774,1bf6A00,ESM
413,0.4326730620707524,1uh4A02,ESM
413,0.5642045358134468,1mixA01,ESM
413,0.5784788136510859,1bf6A00,ESM
413,0.9715838325128714,1cukA01,ESM
413,0.5038450709813574,1j2rA00,ESM
413,0.6356728116678109,1gtvA00,ESM
413,0.7467139305781128,1gyxA01,ESM
413,0.8880501375663024,1gakA00,ESM
413,0.3940400280993031,1jj2A03,ESM
413,0.3081610533665176,1ak2A00,ESM
413,0.5218517178751172,1qwjB00,ESM
413,0.5006962228116588,1ruyH02,ESM
450,0.7250607602474497,1gakA00,ESM
450,0.7287102545228459,1gyxA01,ESM
450,0.7795170350351612,1jj2A03,ESM
450,0.8750608576026663,1qwjB00,ESM
450,0.5681710284728314,1ak2A00,ESM
450,0.3851907590191377,1ruyH02,ESM
450,0.6611826127012961,1uh4A02,ESM
450,0.2740087396767431,1mixA01,ESM
450,0.7764902645036281,1cukA01,ESM
450,0.4288678252111205,1bf6A00,ESM
450,0.6901209706914602,1j2rA00,ESM
450,0.6550856834870005,1gtvA00,ESM
320,0.9624599518167668,1lujB01,AlphaFold
320,0.9439954489677472,1mtyG02,AlphaFold
320,0.9268432301165628,1tujA00,AlphaFold
320,0.8749853068543941,1eovA02,AlphaFold
320,0.7669568890373474,1lf6A02,AlphaFold
320,0.914947485040112,1g5aA03,AlphaFold
320,0.891385958041325,1s0pA01,AlphaFold
320,0.5748552259356948,1o0uA02,AlphaFold
320,0.860558852004667,1gxcA00,AlphaFold
320,0.8266389212453001,1pgjA02,AlphaFold
348,0.7038897387630663,1o0uA02,AlphaFold
348,0.8511545094629408,1gxcA00,AlphaFold
348,0.8288393623384585,1pgjA02,AlphaFold
348,0.9379665671744772,1lujB01,AlphaFold
348,0.9223288590624936,1mtyG02,AlphaFold
348,0.8743322761102856,1g5aA03,AlphaFold
348,0.7904618386827361,1lf6A02,AlphaFold
348,0.8273999570396755,1eovA02,AlphaFold
348,0.919377192936254,1tujA00,AlphaFold
348,0.8706040711280549,1s0pA01,AlphaFold
379,0.8551127858962837,1gxcA00,AlphaFold
379,0.7548992395201537,1pgjA02,AlphaFold
379,0.5987056437367988,1o0uA02,AlphaFold
379,0.7798514676031432,1lf6A02,AlphaFold
379,0.6125514250341461,1g5aA03,AlphaFold
379,0.8152603744222479,1tujA00,AlphaFold
379,0.8280277608762557,1eovA02,AlphaFold
379,0.9061940813920546,1s0pA01,AlphaFold
379,0.967029183919391,1lujB01,AlphaFold
379,0.9342617609598668,1m2dA00,AlphaFold
379,0.7920244084919311,1mtyG02,AlphaFold
413,0.95238309206322,1m2dA00,AlphaFold
413,0.8732014284698901,1lujB01,AlphaFold
413,0.8718868724185136,1mtyG02,AlphaFold
413,0.6497673799294823,1eovA02,AlphaFold
413,0.7970943003899051,1tujA00,AlphaFold
413,0.5992197186493067,1g5aA03,AlphaFold
413,0.6596174715507988,1lf6A02,AlphaFold
413,0.8697469186556196,1s0pA01,AlphaFold
413,0.7179342216042354,1o0uA02,AlphaFold
413,0.657638599915752,1gxcA00,AlphaFold
450,0.8645879595164226,1o0uA02,AlphaFold
450,0.6321895171089436,1gxcA00,AlphaFold
450,0.7269321620107188,1lujB01,AlphaFold
450,0.9473749290444926,1m2dA00,AlphaFold
450,0.7058433242645309,1mtyG02,AlphaFold
450,0.8660966716895979,1tujA00,AlphaFold
450,0.5233627197575288,1eovA02,AlphaFold
450,0.3825727216383089,1lf6A02,AlphaFold
450,0.1446552079655968,1g5aA03,AlphaFold
450,0.5597324537286504,1s0pA01,AlphaFold
320,0.7992401219097538,1gccA00,DCA
320,0.8037264471035129,1txlA00,DCA
320,0.937474467063536,1mnmC00,DCA
320,0.3131562804650526,1hufA00,DCA
320,0.5686080053829725,1dy2A00,DCA
320,0.7289284929299427,1a48A01,DCA
320,0.7924877904952393,1gtvA00,DCA
320,0.7492499442724072,1jeyA03,DCA
320,0.7204078605937287,1a2nA02,DCA
320,0.5688292158375254,1tvjA00,DCA
320,0.8682498032105075,1s5lB02,DCA
320,0.5412716149326083,1o0sA02,DCA
320,0.947981962266844,1r3fA02,DCA
320,0.884914708949252,1i7xB00,DCA
320,0.4856607737081292,1oygA01,DCA
320,0.3362179187206725,1uh4A02,DCA
348,0.9164405463219844,1s5lB02,DCA
348,0.6008990790868726,1tvjA00,DCA
348,0.6786884736873922,1a2nA02,DCA
348,0.7461183250949617,1jeyA03,DCA
348,0.9078727309161496,1gtvA00,DCA
348,0.3592926849513644,1o0sA02,DCA
348,0.7944835440257779,1i7xB00,DCA
348,0.8996086175386613,1r3fA02,DCA
348,0.4559853556195465,1uh4A02,DCA
348,0.5152171305785225,1oygA01,DCA
348,0.8151658863793956,1gccA00,DCA
348,0.8250453902747531,1txlA00,DCA
348,0.7945693958238842,1dy2A00,DCA
348,0.5586522110110795,1hufA00,DCA
348,0.8379588830185218,1mnmC00,DCA
348,0.8651610873327399,1a48A01,DCA
379,0.5072208313695963,1r3fA02,DCA
379,0.7928920917377601,1i7xB00,DCA
379,0.5766547674529683,1oygA01,DCA
379,0.6633036226842213,1tvjA00,DCA
379,0.8918291826817311,1s5lB02,DCA
379,0.8602486518452541,1gtvA00,DCA
379,0.8203692798906834,1jeyA03,DCA
379,0.7021618366658069,1a2nA02,DCA
379,0.7285432384119914,1o0sA02,DCA
379,0.7378576426751625,1dy2A00,DCA
379,0.8208622787764412,1mnmC00,DCA
379,0.5288099416041151,1hufA00,DCA
379,0.6023894385994873,1a48A01,DCA
379,0.6254008883347684,1gccA00,DCA
379,0.907827512779564,1txlA00,DCA
413,0.7080012594690204,1gccA00,DCA
413,0.9022604032493038,1txlA00,DCA
413,0.8541481299933649,1mnmC00,DCA
413,0.4085636154911977,1hufA00,DCA
413,0.8015873912849023,1dy2A00,DCA
413,0.3177347157248033,1a48A01,DCA
413,0.8681193417217085,1jeyA03,DCA
413,0.7670291555049166,1gtvA00,DCA
413,0.7601656018489678,1a2nA02,DCA
413,0.8346886651068748,1s5lB02,DCA
413,0.5601050752477725,1tvjA00,DCA
413,0.7243584137833655,1o0sA02,DCA
413,0.6773943695059623,1r3fA02,DCA
413,0.7069241473986903,1i7xB00,DCA
413,0.73158400381609,1oygA01,DCA
450,0.3716396289819973,1gtvA00,DCA
450,0.6015269777961926,1jeyA03,DCA
450,0.4619494748210709,1a2nA02,DCA
450,0.6668099423662451,1tvjA00,DCA
450,0.7012918123438908,1s5lB02,DCA
450,0.7335310196027769,1o0sA02,DCA
450,0.4684555172412386,1r3fA02,DCA
450,0.7512973161519733,1i7xB00,DCA
450,0.6204625084936596,1oygA01,DCA
450,0.6500266258963245,1gccA00,DCA
450,0.5722350397701419,1txlA00,DCA
450,0.6848259758488694,1mnmC00,DCA
450,0.0299763499567776,1hufA00,DCA
450,0.6228071034012429,1dy2A00,DCA
450,0.4854551329213171,1a48A01,DCA
320,0.61718231557937,1qhhA00,ESM
320,0.5471195851075112,1u60A00,ESM
320,0.4315729724424316,1jswA02,ESM
320,0.8365801092189704,1ffsB00,ESM
320,0.6388489612716723,1o82A00,ESM
320,0.4215249416370638,1twfA04,ESM
320,0.6446880130201798,1nktA02,ESM
320,0.583635810897873,1gxcA00,ESM
320,0.3792560363354966,1g86A00,ESM
320,0.6756077376981733,1c7sA04,ESM
320,0.4164909807142,1m55A00,ESM
320,0.8357120958568146,1a7gE00,ESM
320,0.5277318595085949,1bh3A00,ESM
320,0.7626219360741819,1on2A02,ESM
320,0.5340003328554017,1l5jA04,ESM
320,0.4599749791666265,1tvjA00,ESM
320,0.973312853864137,1nijA02,ESM
320,0.6960633836546499,1hk5A03,ESM
348,0.946635497968508,1nijA02,ESM
348,0.5325317417591425,1hk5A03,ESM
348,0.8503363705936987,1ffsB00,ESM
348,0.7298907286531094,1jswA02,ESM
348,0.5329067422088805,1u60A00,ESM
348,0.65613536279672,1qhhA00,ESM
348,0.5306957743499443,1nktA02,ESM
348,0.0488656616256167,1twfA04,ESM
348,0.7485068616110502,1o82A00,ESM
348,0.2238188455375368,1m55A00,ESM
348,0.5247627438327777,1c7sA04,ESM
348,0.6773980248607662,1g86A00,ESM
348,0.4886921652196582,1gxcA00,ESM
348,0.3394588287612806,1l5jA04,ESM
348,0.4307468645362023,1tvjA00,ESM
348,0.7583761779086264,1on2A02,ESM
348,0.6650889909808122,1bh3A00,ESM
348,0.79096792772737,1a7gE00,ESM
379,0.6338800339417494,1hk5A03,ESM
379,0.6602109162103503,1c5kA02,ESM
379,0.9619107506162236,1nijA02,ESM
379,0.3638703723179116,1m55A00,ESM
379,0.5800786804340881,1gxcA00,ESM
379,0.5335351726594444,1g86A00,ESM
379,0.6071282926997402,1c7sA04,ESM
379,0.7727732239826222,1a7gE00,ESM
379,0.5508612377240845,1bh3A00,ESM
379,0.7651393020491393,1on2A02,ESM
379,0.243077642638653,1l5jA04,ESM
379,0.5261798495123876,1tvjA00,ESM
379,0.4790779506577278,1u60A00,ESM
379,0.6763541634694064,1jswA02,ESM
379,0.7570432971919026,1ffsB00,ESM
379,0.7411505181024904,1qhhA00,ESM
379,0.404327103996231,1twfA04,ESM
379,0.5907090602980823,1nktA02,ESM
379,0.7610233940816735,1o82A00,ESM
413,0.6542258432727681,1qhhA00,ESM
413,0.4260840649512655,1jswA02,ESM
413,0.4415732880009029,1u60A00,ESM
413,0.7770779854077831,1ffsB00,ESM
413,0.4300630865609059,1o82A00,ESM
413,0.5082833538846815,1nktA02,ESM
413,0.2041512242159913,1twfA04,ESM
413,0.6339514657914466,1g86A00,ESM
413,0.6758672162892546,1gxcA00,ESM
413,0.5781506231667449,1c7sA04,ESM
413,0.3511283600139805,1m55A00,ESM
413,0.565185258120446,1bh3A00,ESM
413,0.7651459731686368,1a7gE00,ESM
413,0.613974246411323,1tvjA00,ESM
413,0.6406791338655906,1l5jA04,ESM
413,0.8855831863633907,1on2A02,ESM
413,0.9779688985082796,1nijA02,ESM
413,0.7053366787409578,1hk5A03,ESM
413,0.6875980790778287,1c5kA02,ESM
450,0.978548216947687,1nijA02,ESM
450,0.7083499633694027,1hk5A03,ESM
450,0.4428422208647129,1c5kA02,ESM
450,0.566893531313611,1qhhA00,ESM
450,0.6304620112998782,1u60A00,ESM
450,0.6971423934460456,1jswA02,ESM
450,0.6677489132166653,1ffsB00,ESM
450,0.7008888483201283,1o82A00,ESM
450,0.6777412198084234,1twfA04,ESM
450,0.7861079895072249,1nktA02,ESM
450,0.5527154562512577,1gxcA00,ESM
450,0.5678834032080913,1g86A00,ESM
450,0.4570864122290583,1c7sA04,ESM
450,0.5892624912961174,1m55A00,ESM
450,0.5033386301782481,1a7gE00,ESM
450,0.3532334527354238,1bh3A00,ESM
450,0.5843469365010903,1on2A02,ESM
450,0.4339594847302375,1l5jA04,ESM
320,0.7192385071150356,1a1zA00,AlphaFold
320,0.8667669607283709,1b4rA00,AlphaFold
320,0.9457760720093348,1j8mF01,AlphaFold
320,0.861059392153886,1c16A01,AlphaFold
320,0.7739920611334242,1tdpA00,AlphaFold
320,0.9449419195620355,1qrjA01,AlphaFold
320,0.8996189160326279,1reoA03,AlphaFold
320,0.7662659603072836,1g2rA00,AlphaFold
320,0.7571209109184377,1mu5A02,AlphaFold
320,0.9195440281527082,1hcnA00,AlphaFold
320,0.8782129979507339,1e1gA00,AlphaFold
320,0.8468741455644672,1tg0A00,AlphaFold
320,0.6067189277199798,1rjlC00,AlphaFold
320,0.9513802647141985,1pf5A00,AlphaFold
320,0.981560688829946,1irzA00,AlphaFold
320,0.7652241222739183,1fjkA00,AlphaFold
320,0.9171498458990612,1lfwA03,AlphaFold
320,0.8276369807750606,1mzbA02,AlphaFold
320,0.8443926081302833,1l5jA04,AlphaFold
348,0.8620793773168035,1tg0A00,AlphaFold
348,0.978976801048396,1irzA00,AlphaFold
348,0.840582339239375,1pf5A00,AlphaFold
348,0.4896986935153485,1rjlC00,AlphaFold
348,0.8316539841994453,1lfwA03,AlphaFold
348,0.6108178002409894,1fjkA00,AlphaFold
348,0.7593176277353859,1l5jA04,AlphaFold
348,0.809478845821244,1mzbA02,AlphaFold
348,0.850067509598516,1j8mF01,AlphaFold
348,0.8048410993347642,1b4rA00,AlphaFold
348,0.516346315131592,1a1zA00,AlphaFold
348,0.7996447841074095,1qrjA01,AlphaFold
348,0.937683760588238,1tdpA00,AlphaFold
348,0.8913810780606891,1c16A01,AlphaFold
348,0.9007391570981576,1mu5A02,AlphaFold
348,0.9059418252975108,1g2rA00,AlphaFold
348,0.9336558276619784,1reoA03,AlphaFold
348,0.7432299391853784,1e1gA00,AlphaFold
348,0.9601702312884266,1hcnA00,AlphaFold
379,0.7436170443450006,1lfwA03,AlphaFold
379,0.4767876688740581,1fjkA00,AlphaFold
379,0.9097416487167078,1mzbA02,AlphaFold
379,0.2853768563911993,1l5jA04,AlphaFold
379,0.8174616499366865,1tg0A00,AlphaFold
379,0.7483563760801968,1rjlC00,AlphaFold
379,0.7183074376080179,1irzA00,AlphaFold
379,0.8490884006162089,1pf5A00,AlphaFold
379,0.8254590129385918,1mu5A02,AlphaFold
379,0.1929370480548388,1reoA03,AlphaFold
379,0.8881493931521698,1g2rA00,AlphaFold
379,0.7785442129768261,1e1gA00,AlphaFold
379,0.7070351471269076,1hcnA00,AlphaFold
379,0.832615665248987,1j8mF01,AlphaFold
379,0.586377246518874,1a1zA00,AlphaFold
379,0.8053665379871299,1b4rA00,AlphaFold
379,0.7674925335160231,1tdpA00,AlphaFold
379,0.8254642362003481,1qrjA01,AlphaFold
379,0.857132992576438,1c16A01,AlphaFold
413,0.8039026531186584,1a1zA00,AlphaFold
413,0.2904741059175887,1b4rA00,AlphaFold
413,0.3701364413846364,1j8mF01,AlphaFold
413,0.8335793308825082,1c16A01,AlphaFold
413,0.7110202292453119,1qrjA01,AlphaFold
413,0.6531760772077657,1tdpA00,AlphaFold
413,0.1437134925701832,1reoA03,AlphaFold
413,0.8384121491245505,1g2rA00,AlphaFold
413,0.5714645538436369,1mu5A02,AlphaFold
413,0.7132780013651184,1hcnA00,AlphaFold
413,0.6816973052756333,1e1gA00,AlphaFold
413,0.7413814065540146,1tg0A00,AlphaFold
413,0.8918146131928808,1irzA00,AlphaFold
413,0.9005487376727552,1pf5A00,AlphaFold
413,0.5970224934629164,1rjlC00,AlphaFold
413,0.6188386146994841,1fjkA00,AlphaFold
413,0.6486808444395565,1lfwA03,AlphaFold
413,0.7598538569319613,1mzbA02,AlphaFold
413,0.7511907489358942,1pgjA02,AlphaFold
413,0.4863656702093744,1l5jA04,AlphaFold
450,0.7504342677160949,1tg0A00,AlphaFold
450,0.7668227438500326,1rjlC00,AlphaFold
450,0.8614693404703133,1irzA00,AlphaFold
450,0.5946054049319001,1pf5A00,AlphaFold
450,0.7556591007297878,1fjkA00,AlphaFold
450,0.5921311943509567,1lfwA03,AlphaFold
450,0.7981960290855915,1pgjA02,AlphaFold
450,0.7666543424086857,1mzbA02,AlphaFold
450,0.5586775992232415,1l5jA04,AlphaFold
450,0.563722000104057,1a1zA00,AlphaFold
450,0.8933848394179777,1b4rA00,AlphaFold
450,0.1957691700226277,1j8mF01,AlphaFold
450,0.8291287522653202,1c16A01,AlphaFold
450,0.8019987780674629,1tdpA00,AlphaFold
450,0.6000855487858914,1qrjA01,AlphaFold
450,0.5486055500773881,1reoA03,AlphaFold
450,0.70770311634961,1g2rA00,AlphaFold
450,0.902438970156324,1mu5A02,AlphaFold
450,0.8380899097198727,1hcnA00,AlphaFold
450,0.5617068089765797,1e1gA00,AlphaFold
320,0.68320030014239,1sxrA00,DCA
320,0.6564478873871344,1dh3A00,DCA
348,0.9090002306237596,1dh3A00,DCA
348,0.7815418861514696,1sxrA00,DCA
379,0.6229299018232234,1dh3A00,DCA
379,0.5111718262829148,1uh4A02,DCA
379,0.7829883955281524,1sxrA00,DCA
413,0.5725940283627354,1sxrA00,DCA
413,0.7968542629000465,1dh3A00,DCA
413,0.5403136553301123,1uh4A02,DCA
450,0.634063058636254,1dh3A00,DCA
450,0.5367823931687976,1uh4A02,DCA
450,0.4726545064632826,1sxrA00,DCA
320,0.6965789655440324,1koyA00,ESM
320,0.454316494555322,1svpA01,ESM
320,0.6873799974182335,1iq8A02,ESM
320,0.885999201280876,1ng6A02,ESM
320,0.8917666195670763,1r3fA02,ESM
320,0.9918885013909412,1irzA00,ESM
320,0.2347754929726869,1j7gA00,ESM
320,0.8136473930192424,1eakA01,ESM
320,0.4809475132598173,1pgjA02,ESM
320,0.7360767428407282,1c16A01,ESM
320,0.9598453578200832,1gvhA01,ESM
320,0.557944020888587,1ig0A01,ESM
320,0.7536754018210613,1g2rA00,ESM
320,0.5501308659135841,1ezjA02,ESM
320,0.4559103768586044,1neiA00,ESM
348,0.5959094507631459,1ig0A01,ESM
348,0.9558452044551464,1gvhA01,ESM
348,0.8228502195103877,1c16A01,ESM
348,0.7918674795071355,1ezjA02,ESM
348,0.9155471102286694,1g2rA00,ESM
348,0.6137478522797022,1neiA00,ESM
348,0.9212356395256992,1ng6A02,ESM
348,0.8179723981846807,1iq8A02,ESM
348,0.156974564312352,1svpA01,ESM
348,0.7000557786125139,1koyA00,ESM
348,0.3660256340139053,1j7gA00,ESM
348,0.9492088319028996,1irzA00,ESM
348,0.9100483316815204,1r3fA02,ESM
348,0.9113419818168536,1eakA01,ESM
348,0.4147270766038138,1pgjA02,ESM
379,0.8059442641797373,1ezjA02,ESM
379,0.898159509436539,1g2rA00,ESM
379,0.6998885225377561,1neiA00,ESM
379,0.8368420670629182,1gvhA01,ESM
379,0.8765410491448505,1ig0A01,ESM
379,0.8280804734708568,1c16A01,ESM
379,0.9126060906673036,1eakA01,ESM
379,0.4076578031841936,1pgjA02,ESM
379,0.9154931956909952,1ng6A02,ESM
379,0.5687912099422919,1koyA00,ESM
379,0.6493700617036773,1svpA01,ESM
379,0.4552048739708922,1iq8A02,ESM
379,0.1469011368716662,1j7gA00,ESM
379,0.9538442018001604,1irzA00,ESM
379,0.773961349538411,1r3fA02,ESM
413,0.6431025535624355,1koyA00,ESM
413,0.5496948916981232,1iq8A02,ESM
413,0.5320292207687493,1svpA01,ESM
413,0.796963013293655,1ng6A02,ESM
413,0.7869744445063681,1r3fA02,ESM
413,0.5321747514165137,1j7gA00,ESM
413,0.9133437647559682,1irzA00,ESM
413,0.9037465133530698,1eakA01,ESM
413,0.5693099144619567,1pgjA02,ESM
413,0.6855277603972539,1c16A01,ESM
413,0.9080243844003322,1ig0A01,ESM
413,0.8295131991066187,1gvhA01,ESM
413,0.7875736344784167,1g2rA00,ESM
413,0.7513497561176102,1ezjA02,ESM
413,-0.0160992006937818,1neiA00,ESM
450,0.6047599054213606,1c16A01,ESM
450,0.6673018194401956,1gvhA01,ESM
450,0.8680316863614579,1ig0A01,ESM
450,0.651080165270332,1g2rA00,ESM
450,0.7028729810592238,1ezjA02,ESM
450,0.46996090094956,1neiA00,ESM
450,0.6969705385322579,1koyA00,ESM
450,0.3190582889766145,1svpA01,ESM
450,0.7729329884836972,1iq8A02,ESM
450,0.5900223266529646,1ng6A02,ESM
450,0.5822982677482322,1r3fA02,ESM
450,0.2900793159211279,1j7gA00,ESM
450,0.6977290696896736,1irzA00,ESM
450,0.3103945351084558,1eakA01,ESM
450,0.7222307117539245,1pgjA02,ESM
450,0.518769024069561,1tvjA00,ESM
320,0.7373685147583207,1l5oA02,AlphaFold
320,0.9330532176386944,1j0tA00,AlphaFold
320,0.9128427266119846,1qwjB00,AlphaFold
320,0.9747428854056204,1rzmA01,AlphaFold
320,0.6214475016309611,1ebfA02,AlphaFold
320,0.8979231613919656,1fb1A01,AlphaFold
320,0.5782705938877524,1ji3A00,AlphaFold
320,0.8683788022431949,1pi2A00,AlphaFold
320,0.4024623241099493,1c01A00,AlphaFold
320,0.3933483305488953,1rwrA00,AlphaFold
348,0.6518130772616801,1fb1A01,AlphaFold
348,0.7142744439049087,1ebfA02,AlphaFold
348,0.8729652960965819,1pi2A00,AlphaFold
348,0.2794774653720792,1c01A00,AlphaFold
348,0.4511278568615532,1ji3A00,AlphaFold
348,0.6668705758080398,1rwrA00,AlphaFold
348,0.4571898306815407,1l5oA02,AlphaFold
348,0.8097022781534552,1j0tA00,AlphaFold
348,0.9645062466919252,1rzmA01,AlphaFold
348,0.9267531340355044,1qwjB00,AlphaFold
379,0.7588744653914685,1rwrA00,AlphaFold
379,0.6561490085889204,1ebfA02,AlphaFold
379,0.7708984131666158,1fb1A01,AlphaFold
379,0.600480206745109,1ji3A00,AlphaFold
379,0.932888180531968,1pi2A00,AlphaFold
379,0.325033709342809,1c01A00,AlphaFold
379,0.939543048611598,1j0tA00,AlphaFold
379,0.9156111035150164,1rzmA01,AlphaFold
379,0.8304213218249925,1qwjB00,AlphaFold
379,0.6480730219771738,1l5oA02,AlphaFold
413,0.7316239735372534,1l5oA02,AlphaFold
413,0.8381761610850678,1j0tA00,AlphaFold
413,0.8551359034196923,1qwjB00,AlphaFold
413,0.9535895564780256,1rzmA01,AlphaFold
413,0.4991041469113022,1fb1A01,AlphaFold
413,0.6117370541571178,1ebfA02,AlphaFold
413,0.1804990303511435,1c01A00,AlphaFold
413,0.7236970068627405,1pi2A00,AlphaFold
413,0.5876929811844734,1rwrA00,AlphaFold
450,0.5058511949083557,1ebfA02,AlphaFold
450,0.0575126199872531,1fb1A01,AlphaFold
450,0.5382503056998463,1c01A00,AlphaFold
450,0.7728958842594736,1pi2A00,AlphaFold
450,0.4059323671127202,1rwrA00,AlphaFold
450,0.6520462577388457,1l5oA02,AlphaFold
450,0.5108613804684689,1j0tA00,AlphaFold
450,0.6463040170003354,1qwjB00,AlphaFold
450,0.923703963357848,1rzmA01,AlphaFold
320,0.5992703720620574,1b4aA01,AlphaFold
320,0.6789379635782157,1pjqA03,AlphaFold
320,0.6218184242865747,1c9bA02,AlphaFold
320,0.688729610262543,1o75A03,AlphaFold
320,0.8321307089143857,1bkcE00,AlphaFold
320,0.8984036397345838,1twfA04,AlphaFold
320,0.9077403163941364,1adnA00,AlphaFold
320,0.6891268162009397,1bf6A00,AlphaFold
320,0.8660094564456037,1a9vA00,AlphaFold
320,0.9688193955498344,1ll8A00,AlphaFold
320,0.7501137348030836,1ex0A03,AlphaFold
320,0.7800327068878348,1gtvA00,AlphaFold
348,0.6778472702423314,1bf6A00,AlphaFold
348,0.916053518754368,1adnA00,AlphaFold
348,0.745833247065541,1twfA04,AlphaFold
348,0.7066308692609996,1ex0A03,AlphaFold
348,0.8379530564103865,1ll8A00,AlphaFold
348,0.8917486369626737,1a9vA00,AlphaFold
348,0.8586335430795682,1gtvA00,AlphaFold
348,0.8523020026157766,1s5lB02,AlphaFold
348,0.8464929681261034,1pjqA03,AlphaFold
348,0.7046476525413223,1b4aA01,AlphaFold
348,0.5540157464721466,1c9bA02,AlphaFold
348,0.7220943301140346,1o75A03,AlphaFold
348,0.8435365226431035,1bkcE00,AlphaFold
379,0.8453627397808473,1a9vA00,AlphaFold
379,0.899397288160343,1ll8A00,AlphaFold
379,0.8195836216275842,1ex0A03,AlphaFold
379,0.850440040371505,1gtvA00,AlphaFold
379,0.909338170737682,1s5lB02,AlphaFold
379,0.6534226381292075,1twfA04,AlphaFold
379,0.9480636499816724,1adnA00,AlphaFold
379,0.5480052092175389,1bf6A00,AlphaFold
379,0.6064010663927786,1o75A03,AlphaFold
379,0.8471852794431882,1bkcE00,AlphaFold
379,0.7343938973682566,1pjqA03,AlphaFold
379,0.4306750924620216,1b4aA01,AlphaFold
379,0.639900822551157,1c9bA02,AlphaFold
413,0.574777373992914,1b4aA01,AlphaFold
413,0.7112406317313476,1pjqA03,AlphaFold
413,0.484996318070664,1c9bA02,AlphaFold
413,0.5509259706115085,1o75A03,AlphaFold
413,0.6747420873348733,1bkcE00,AlphaFold
413,0.5971000012847042,1ji3A00,AlphaFold
413,0.6502791225830696,1bf6A00,AlphaFold
413,0.716104567652515,1adnA00,AlphaFold
413,0.6718821699208419,1twfA04,AlphaFold
413,0.786057764645688,1ll8A00,AlphaFold
413,0.7777032133298151,1a9vA00,AlphaFold
413,0.2669550773431802,1ex0A03,AlphaFold
413,0.7876004200869919,1s5lB02,AlphaFold
413,0.8811579144242822,1gtvA00,AlphaFold
450,0.7042801653594382,1ji3A00,AlphaFold
450,0.5203732544475328,1twfA04,AlphaFold
450,0.895603055772114,1adnA00,AlphaFold
450,0.3550080584460361,1bf6A00,AlphaFold
450,0.8904430652444595,1a9vA00,AlphaFold
450,0.7536204855314673,1ll8A00,AlphaFold
450,0.6185591548026413,1ex0A03,AlphaFold
450,0.5521539047324948,1s5lB02,AlphaFold
450,0.6915703173824057,1gtvA00,AlphaFold
450,0.9111396707685976,1b4aA01,AlphaFold
450,0.3318952110840247,1pjqA03,AlphaFold
450,0.377785213292778,1c9bA02,AlphaFold
450,0.5267676581519181,1o75A03,AlphaFold
450,0.4348903264905182,1bkcE00,AlphaFold
320,0.865954592160881,1u0bB02,AlphaFold
320,0.6981113162645547,1b1yA00,AlphaFold
320,0.9884335295598587,1t4lB00,AlphaFold
320,0.7444147830882673,1gakA00,AlphaFold
320,0.8749418317087253,1e6vA03,AlphaFold
320,0.92489470243696,1dkyB02,AlphaFold
320,0.5589849014161123,1c8jA00,AlphaFold
320,0.9671260888749676,1tifA00,AlphaFold
320,0.9552144054482044,1pytA00,AlphaFold
320,0.939933642582164,1hf2A02,AlphaFold
320,0.8768434560614936,1jeyA03,AlphaFold
348,0.9693701234386536,1tifA00,AlphaFold
348,0.8840815587562441,1hf2A02,AlphaFold
348,0.8682221770602105,1pytA00,AlphaFold
348,0.8334297781409417,1jeyA03,AlphaFold
348,0.9603394310008116,1t4lB00,AlphaFold
348,0.5019847894469138,1b1yA00,AlphaFold
348,0.8405196546253773,1u0bB02,AlphaFold
348,0.8689237078796386,1gakA00,AlphaFold
348,0.8904245068529549,1dkyB02,AlphaFold
348,0.652291232960119,1e6vA03,AlphaFold
379,0.979236312670068,1pytA00,AlphaFold
379,0.9123994160052268,1hf2A02,AlphaFold
379,0.7001859685277102,1jeyA03,AlphaFold
379,0.9624302556881352,1tifA00,AlphaFold
379,0.8132999495618254,1dkyB02,AlphaFold
379,0.8473943399731981,1e6vA03,AlphaFold
379,0.7279550097537534,1t4lB00,AlphaFold
379,0.7121490142946801,1u0bB02,AlphaFold
379,0.5955543195434727,1b1yA00,AlphaFold
379,0.6720337286170183,1gakA00,AlphaFold
413,0.6543979365713182,1u0bB02,AlphaFold
413,0.5696136307824093,1b1yA00,AlphaFold
413,0.8479370566578905,1t4lB00,AlphaFold
413,0.5587273881552672,1gakA00,AlphaFold
413,0.7281705896652678,1e6vA03,AlphaFold
413,0.3835494601875728,1dkyB02,AlphaFold
413,0.9166343144095966,1tifA00,AlphaFold
413,0.7154932795965391,1hf2A02,AlphaFold
413,0.9586875285846638,1pytA00,AlphaFold
413,0.6982247385760127,1jeyA03,AlphaFold
450,0.9004626887161229,1tifA00,AlphaFold
450,0.6611833280005398,1pytA00,AlphaFold
450,0.6502925306245478,1hf2A02,AlphaFold
450,0.7789962203243168,1jeyA03,AlphaFold
450,0.017082059909414,1u0bB02,AlphaFold
450,0.5650999297956635,1b1yA00,AlphaFold
450,0.7186970073540409,1t4lB00,AlphaFold
450,0.6023600041257077,1gakA00,AlphaFold
450,0.6195304866395241,1e6vA03,AlphaFold
450,0.4584291301636241,1dkyB02,AlphaFold
320,0.735656949879744,1ft9A02,AlphaFold
320,0.7015772474281858,1tyjA00,AlphaFold
320,0.7613487203858595,1kx3G00,AlphaFold
320,0.6371918833247836,1fcdA03,AlphaFold
320,0.552389905792916,1i2nA00,AlphaFold
320,0.804233774258196,1neiA00,AlphaFold
320,0.861096568533024,1cz4A02,AlphaFold
320,0.7981296721199675,1i5gA00,AlphaFold
320,0.9107759377708334,1igqB00,AlphaFold
320,0.699210163160504,1uaiA00,AlphaFold
320,0.8718760737095204,1e9rA02,AlphaFold
348,0.9302805282645074,1i5gA00,AlphaFold
348,0.947603902180138,1igqB00,AlphaFold
348,0.8520709879515614,1e9rA02,AlphaFold
348,0.7544985038464656,1uaiA00,AlphaFold
348,0.3419110084250901,1ft9A02,AlphaFold
348,0.9363103527426871,1kx3G00,AlphaFold
348,0.6631596283205315,1tyjA00,AlphaFold
348,0.7194740210341171,1cz4A02,AlphaFold
348,0.5254542606367427,1c8jA00,AlphaFold
348,0.7503903519937382,1neiA00,AlphaFold
348,0.6524822181336963,1i2nA00,AlphaFold
348,0.5182897418834816,1fcdA03,AlphaFold
379,0.9567870645231904,1igqB00,AlphaFold
379,0.8868682931578961,1e9rA02,AlphaFold
379,0.895600645880857,1uaiA00,AlphaFold
379,0.3181529382963708,1i5gA00,AlphaFold
379,0.816674556634575,1kx3G00,AlphaFold
379,0.6904668933025855,1tyjA00,AlphaFold
379,0.7885588276505174,1cz4A02,AlphaFold
379,0.5721857331022121,1fcdA03,AlphaFold
379,0.7500111085341818,1i2nA00,AlphaFold
379,0.5218045147259811,1c8jA00,AlphaFold
379,0.8495070880186958,1neiA00,AlphaFold
379,0.5656955154781105,1ft9A02,AlphaFold
413,0.4823023684847603,1ft9A02,AlphaFold
413,0.577452611472162,1tyjA00,AlphaFold
413,0.7546703592432343,1kx3G00,AlphaFold
413,0.6546035056207589,1i2nA00,AlphaFold
413,0.8660452081227259,1fcdA03,AlphaFold
413,0.5932477212491736,1c8jA00,AlphaFold
413,0.097613544861648,1neiA00,AlphaFold
413,0.6557003458971227,1cz4A02,AlphaFold
413,0.5267542311673699,1i5gA00,AlphaFold
413,0.8700210478335118,1igqB00,AlphaFold
413,0.879602999718742,1uaiA00,AlphaFold
413,0.5898167729630301,1e9rA02,AlphaFold
450,0.7208570164549601,1i5gA00,AlphaFold
450,0.6544412462717972,1igqB00,AlphaFold
450,0.5975871887583817,1uaiA00,AlphaFold
450,0.5896486564370504,1e9rA02,AlphaFold
450,0.4486913446685443,1tyjA00,AlphaFold
450,0.8388113127878517,1kx3G00,AlphaFold
450,0.6726744016473979,1fcdA03,AlphaFold
450,0.3448776896768435,1i2nA00,AlphaFold
450,0.4772229269010845,1c8jA00,AlphaFold
450,0.4050993260387825,1neiA00,AlphaFold
450,0.541911599946018,1cz4A02,AlphaFold
320,0.7532876569820028,1h19A02,AlphaFold
320,0.9263797419696872,1ibcB00,AlphaFold
320,0.8944395593368759,1k8kD01,AlphaFold
320,0.885805877032996,1j7gA00,AlphaFold
320,0.7154527712806255,1mixA01,AlphaFold
320,0.8110921527893583,1a0hA01,AlphaFold
320,0.7687895456503462,1cukA01,AlphaFold
320,0.8418402000420274,1hn0A04,AlphaFold
320,0.6900762276030683,1cfbA02,AlphaFold
320,0.8636807280963228,1m55A00,AlphaFold
320,0.8759697026629534,1on2A02,AlphaFold
348,0.8558442480322529,1hn0A04,AlphaFold
348,0.8407870476711532,1cfbA02,AlphaFold
348,0.8867956232878014,1cukA01,AlphaFold
348,0.951340177153593,1a0hA01,AlphaFold
348,0.7851804637202041,1j7gA00,AlphaFold
348,0.737096222488634,1mixA01,AlphaFold
348,0.791780432692192,1m55A00,AlphaFold
348,0.8720742957963491,1on2A02,AlphaFold
348,0.740283865724089,1ibcB00,AlphaFold
348,0.8761552593062689,1h19A02,AlphaFold
348,0.8952759049536778,1k8kD01,AlphaFold
379,0.8980268372583148,1m55A00,AlphaFold
379,0.9238490045918116,1on2A02,AlphaFold
379,0.48405631180165,1mixA01,AlphaFold
379,0.7374401339420792,1j7gA00,AlphaFold
379,0.9005818188956279,1a0hA01,AlphaFold
379,0.7901781106516457,1hn0A04,AlphaFold
379,0.9103240873018984,1cfbA02,AlphaFold
379,0.9479240336198116,1cukA01,AlphaFold
379,0.9049053366744756,1k8kD01,AlphaFold
379,0.6892756606561754,1h19A02,AlphaFold
379,0.8746230395104446,1ibcB00,AlphaFold
413,0.8011644654035533,1ibcB00,AlphaFold
413,0.7349196345169932,1h19A02,AlphaFold
413,0.7645177578057328,1k8kD01,AlphaFold
413,0.7256787286735613,1a0hA01,AlphaFold
413,0.574660467465884,1j7gA00,AlphaFold
413,0.6302785322867431,1mixA01,AlphaFold
413,0.8574851106259423,1hn0A04,AlphaFold
413,0.9006457601715158,1cfbA02,AlphaFold
413,0.9191967363658632,1cukA01,AlphaFold
413,0.8473360742941816,1m55A00,AlphaFold
413,0.8044308367329946,1on2A02,AlphaFold
450,0.4792788520446767,1mixA01,AlphaFold
450,0.4852703186991177,1j7gA00,AlphaFold
450,0.6280532092751426,1a0hA01,AlphaFold
450,0.5573464048780175,1cfbA02,AlphaFold
450,0.8837222404713378,1hn0A04,AlphaFold
450,0.4033793162407106,1cukA01,AlphaFold
450,0.684865099025102,1m55A00,AlphaFold
450,0.8207729344661708,1on2A02,AlphaFold
450,0.6092357189830645,1h19A02,AlphaFold
450,0.6990159322529358,1ft9A02,AlphaFold
450,0.8136515383704601,1ibcB00,AlphaFold
450,0.7282265353536599,1k8kD01,AlphaFold
320,0.6771776829026234,1a0hA01,ANM
348,0.740083940100307,1a0hA01,ANM
379,0.5569757956435686,1a0hA01,ANM
413,0.5571295508007809,1a0hA01,ANM
450,0.4533183953447945,1a0hA01,ANM
320,0.6663599961632294,1a1zA00,ANM
348,0.6035364194152578,1a1zA00,ANM
379,0.5920523599199842,1a1zA00,ANM
413,0.4102913268041072,1a1zA00,ANM
450,0.1792626418399176,1a1zA00,ANM
320,0.7686691558204132,1a2nA02,ANM
348,0.7678749936468767,1a2nA02,ANM
379,0.7563795550303285,1a2nA02,ANM
413,0.6199700709624387,1a2nA02,ANM
450,0.3656441348235393,1a2nA02,ANM
320,0.694703200216848,1a39A00,ANM
348,0.6752263180179935,1a39A00,ANM
379,0.6015198731258855,1a39A00,ANM
413,0.5465991386921586,1a39A00,ANM
450,0.4650208066644509,1a39A00,ANM
320,0.3935487454490009,1a3dA00,ANM
348,0.4826689605445273,1a3dA00,ANM
379,0.3885587934684001,1a3dA00,ANM
413,0.5142553187963607,1a3dA00,ANM
450,0.2764277393311529,1a3dA00,ANM
320,0.7238424812144014,1a48A01,ANM
348,0.4797503715719872,1a48A01,ANM
379,0.4240503363420169,1a48A01,ANM
413,0.4469620165683808,1a48A01,ANM
450,0.3134941295244105,1a48A01,ANM
320,0.894331176965338,1a7gE00,ANM
348,0.7619351343393106,1a7gE00,ANM
379,0.8200752067838132,1a7gE00,ANM
413,0.67806767683927,1a7gE00,ANM
450,0.1007796507834805,1a7gE00,ANM
320,0.4468300278238516,1a9vA00,ANM
348,0.5315815144022268,1a9vA00,ANM
379,0.464330024938496,1a9vA00,ANM
413,0.4565436569838711,1a9vA00,ANM
450,0.5535366329240579,1a9vA00,ANM
320,0.8597144866230707,1adnA00,ANM
348,0.8634247170602004,1adnA00,ANM
379,0.8008503381209836,1adnA00,ANM
413,0.7262350613336023,1adnA00,ANM
450,0.8079207810306986,1adnA00,ANM
320,0.7074975145400094,1ak2A00,ANM
348,0.7314841445345573,1ak2A00,ANM
379,0.6913144724369704,1ak2A00,ANM
413,0.6761791370491176,1ak2A00,ANM
450,0.5779041459886712,1ak2A00,ANM
320,0.7344838547441828,1aocA00,ANM
348,0.7524159270983648,1aocA00,ANM
379,0.7390163474308108,1aocA00,ANM
413,0.6448842733888149,1aocA00,ANM
450,0.5312530568021604,1aocA00,ANM
320,0.7401844603204262,1b06A01,ANM
348,0.674255935815748,1b06A01,ANM
379,0.6629670053306846,1b06A01,ANM
413,0.6667413333376888,1b06A01,ANM
450,0.5198736556327294,1b06A01,ANM
320,0.5472615608731758,1b1yA00,ANM
348,0.5640250404885606,1b1yA00,ANM
379,0.5829007294062833,1b1yA00,ANM
413,0.6209719274191902,1b1yA00,ANM
450,0.5960713639558637,1b1yA00,ANM
320,0.7568462830493136,1b2rA02,ANM
348,0.801033309163687,1b2rA02,ANM
379,0.7959538275105981,1b2rA02,ANM
413,0.8521898123266907,1b2rA02,ANM
450,0.6243378012517774,1b2rA02,ANM
320,0.5038268670252232,1b4aA01,ANM
348,0.3659176564058429,1b4aA01,ANM
379,0.4514625791207043,1b4aA01,ANM
413,0.0294242687270192,1b4aA01,ANM
450,-0.2247690248791232,1b4aA01,ANM
320,0.6279537853355688,1b4rA00,ANM
348,0.6367856854762042,1b4rA00,ANM
379,0.6406112751833899,1b4rA00,ANM
413,0.6275564714413763,1b4rA00,ANM
450,0.3599690286780225,1b4rA00,ANM
320,0.7658879975439021,1b5fB00,ANM
348,0.5052037075998201,1b5fB00,ANM
379,0.3975286018918634,1b5fB00,ANM
413,0.0632555330957709,1b5fB00,ANM
450,-0.028326212811071,1b5fB00,ANM
320,0.7783368485843358,1b97A00,ANM
348,0.7420793617865814,1b97A00,ANM
379,0.6505754068926418,1b97A00,ANM
413,0.5230510332387432,1b97A00,ANM
450,0.4209015091719644,1b97A00,ANM
320,0.5789061520774893,1b9nA03,ANM
348,0.4620067309412629,1b9nA03,ANM
379,0.436811666687275,1b9nA03,ANM
413,0.2667344746251502,1b9nA03,ANM
450,0.0189445619449995,1b9nA03,ANM
320,0.6156422064268844,1bagA01,ANM
348,0.5304829672180209,1bagA01,ANM
379,0.5286082734241838,1bagA01,ANM
413,0.5979235076240039,1bagA01,ANM
450,0.5176044045882887,1bagA01,ANM
320,0.6766984301135663,1beoA00,ANM
348,0.6877109884275708,1beoA00,ANM
379,0.7335849032487881,1beoA00,ANM
413,0.4982581243900317,1beoA00,ANM
450,0.2927020834671968,1beoA00,ANM
320,0.5406254268902807,1bf6A00,ANM
348,0.6072097494319234,1bf6A00,ANM
379,0.6649907438001093,1bf6A00,ANM
413,0.6713090604153357,1bf6A00,ANM
450,0.551474545349732,1bf6A00,ANM
320,0.8003441118331788,1bgqA00,ANM
348,0.6338596127122548,1bgqA00,ANM
379,0.3911323894708877,1bgqA00,ANM
413,0.4183998532397824,1bgqA00,ANM
450,0.2752208286952118,1bgqA00,ANM
320,0.6376994897823844,1bh3A00,ANM
348,0.6844740579527817,1bh3A00,ANM
379,0.6394369328448386,1bh3A00,ANM
413,0.3976060612044053,1bh3A00,ANM
450,0.2778859824546131,1bh3A00,ANM
320,0.6634583389376271,1bkcE00,ANM
348,0.7212780326540362,1bkcE00,ANM
379,0.59945528494227,1bkcE00,ANM
413,0.4564804171848963,1bkcE00,ANM
450,0.2805799306409345,1bkcE00,ANM
320,0.4956885834003735,1bo7A00,ANM
348,0.4815539727492914,1bo7A00,ANM
379,0.5648511506746055,1bo7A00,ANM
413,0.5048002310615546,1bo7A00,ANM
450,0.5166038061292626,1bo7A00,ANM
320,0.5658600788665439,1c01A00,ANM
348,0.6445468856130481,1c01A00,ANM
379,0.5857114399071909,1c01A00,ANM
413,0.6923627069852449,1c01A00,ANM
450,0.1578872049742341,1c01A00,ANM
320,0.6121069207196348,1c16A01,ANM
348,0.6823233085388282,1c16A01,ANM
379,0.6684288057207511,1c16A01,ANM
413,0.586962538219371,1c16A01,ANM
450,0.4384814936651514,1c16A01,ANM
320,0.891656408306086,1c30A08,ANM
348,0.8467796912769036,1c30A08,ANM
379,0.7763427184214299,1c30A08,ANM
413,0.7405300083486632,1c30A08,ANM
450,0.5966665367108851,1c30A08,ANM
320,0.9056253727300626,1c3gA01,ANM
348,0.8690147643236263,1c3gA01,ANM
379,0.8781255845900858,1c3gA01,ANM
413,0.819170136686736,1c3gA01,ANM
450,0.2805666772987334,1c3gA01,ANM
320,0.8661586362335038,1c5eA00,ANM
348,0.8731353316638404,1c5eA00,ANM
379,0.7674484138823314,1c5eA00,ANM
413,0.7339147584797343,1c5eA00,ANM
450,0.4698822227518375,1c5eA00,ANM
320,0.8019987313238365,1c5kA02,ANM
348,0.7713508112238232,1c5kA02,ANM
379,0.7677288558020553,1c5kA02,ANM
413,0.7259530087224817,1c5kA02,ANM
450,0.333332099919265,1c5kA02,ANM
320,0.7526674413903873,1c7sA02,ANM
348,0.726011758874728,1c7sA02,ANM
379,0.7123626782094167,1c7sA02,ANM
413,0.5944869559376317,1c7sA02,ANM
450,0.2965528645289369,1c7sA02,ANM
320,0.530156629476145,1c7sA04,ANM
348,0.6353565622956538,1c7sA04,ANM
379,0.4009981191946399,1c7sA04,ANM
413,0.079177712335618,1c7sA04,ANM
450,-0.0498078785534769,1c7sA04,ANM
320,0.4884993405906739,1c8jA00,ANM
348,0.3614763464640268,1c8jA00,ANM
379,0.4453616076780732,1c8jA00,ANM
413,0.4045345297829912,1c8jA00,ANM
450,0.3478612024218834,1c8jA00,ANM
320,0.530728079476271,1c8uA01,ANM
348,0.6884779099987038,1c8uA01,ANM
379,0.5485390058106079,1c8uA01,ANM
413,0.3379651844094202,1c8uA01,ANM
450,0.2369437578820161,1c8uA01,ANM
320,0.4628218489620104,1c9bA02,ANM
348,0.3730871481770036,1c9bA02,ANM
379,0.5303011294190746,1c9bA02,ANM
413,0.5621315414284446,1c9bA02,ANM
450,0.49929556427044,1c9bA02,ANM
320,0.5820917127005235,1ca1A01,ANM
348,0.5400684290686152,1ca1A01,ANM
379,0.5550130567641474,1ca1A01,ANM
413,0.4528340333366573,1ca1A01,ANM
450,0.3223341373023101,1ca1A01,ANM
320,0.788864633644599,1cb5A01,ANM
348,0.79642867227911,1cb5A01,ANM
379,0.7088330745910241,1cb5A01,ANM
413,0.5051706898328167,1cb5A01,ANM
450,0.5879560346817839,1cb5A01,ANM
320,0.6105003950401527,1ceeB00,ANM
348,0.4895119388943044,1ceeB00,ANM
379,0.404753116997478,1ceeB00,ANM
413,0.3232085028916955,1ceeB00,ANM
450,0.4479290339926097,1ceeB00,ANM
320,0.7759231019570854,1ceuA00,ANM
348,0.5349253293849572,1ceuA00,ANM
379,0.4942718333745749,1ceuA00,ANM
413,0.5561004053273997,1ceuA00,ANM
450,0.3762132150486663,1ceuA00,ANM
320,0.5167976941211025,1cfbA02,ANM
348,0.4757401333421038,1cfbA02,ANM
379,0.255644518509902,1cfbA02,ANM
413,0.2768111239305381,1cfbA02,ANM
450,0.1558715165096279,1cfbA02,ANM
320,0.7262568825648505,1chzA00,ANM
348,0.5672933824973423,1chzA00,ANM
379,0.6555824168983783,1chzA00,ANM
413,0.6466754079390977,1chzA00,ANM
450,0.5915835404136404,1chzA00,ANM
320,0.6432956930309817,1cukA01,ANM
348,0.6588819270731266,1cukA01,ANM
379,0.5462018779688919,1cukA01,ANM
413,0.4503028872237056,1cukA01,ANM
450,0.1812980207574095,1cukA01,ANM
320,0.6109247897188552,1cywA00,ANM
348,0.6701710041535099,1cywA00,ANM
379,0.5958734859539914,1cywA00,ANM
413,0.6232337772872203,1cywA00,ANM
450,0.4823120184029292,1cywA00,ANM
320,0.6721007296190922,1cz4A02,ANM
348,0.5695014670830839,1cz4A02,ANM
379,0.6131881797787088,1cz4A02,ANM
413,0.435163265840127,1cz4A02,ANM
450,-0.0574092097949597,1cz4A02,ANM
320,0.5370706841176361,1d0bA00,ANM
348,0.6560982071350286,1d0bA00,ANM
379,0.6799081191162785,1d0bA00,ANM
413,0.6350299001443807,1d0bA00,ANM
450,0.6631077962984261,1d0bA00,ANM
320,0.601700974772207,1d2nA02,ANM
348,0.5097637409280629,1d2nA02,ANM
379,0.5485390991571704,1d2nA02,ANM
413,0.538714718732999,1d2nA02,ANM
450,0.1092003017631597,1d2nA02,ANM
320,0.760942055278264,1dh3A00,ANM
348,0.8954654144493416,1dh3A00,ANM
379,0.903789275429194,1dh3A00,ANM
413,0.9095060267595488,1dh3A00,ANM
450,0.8763478079744239,1dh3A00,ANM
320,0.609889811701783,1dkiA02,ANM
348,0.6910053370321955,1dkiA02,ANM
379,0.6693317788910208,1dkiA02,ANM
413,0.5676176704954721,1dkiA02,ANM
450,0.0434282770152135,1dkiA02,ANM
320,0.8427124481970933,1dkyB02,ANM
348,0.8470463473995463,1dkyB02,ANM
379,0.7231445428218778,1dkyB02,ANM
413,0.1054088210795586,1dkyB02,ANM
450,-0.0372891912481123,1dkyB02,ANM
320,0.8907703274697282,1dl5A01,ANM
348,0.7195018664008693,1dl5A01,ANM
379,0.7049385228356315,1dl5A01,ANM
413,0.5043243905763043,1dl5A01,ANM
450,0.4625239796929494,1dl5A01,ANM
320,0.7447592880901468,1dpgA02,ANM
348,0.6397269127686804,1dpgA02,ANM
379,0.6132772410728254,1dpgA02,ANM
413,0.7002283843291587,1dpgA02,ANM
450,0.197002434377909,1dpgA02,ANM
320,0.5613752240185544,1dy2A00,ANM
348,0.4214359165153465,1dy2A00,ANM
379,0.3413826237891324,1dy2A00,ANM
413,0.306234891176448,1dy2A00,ANM
450,0.2360464260175949,1dy2A00,ANM
320,0.7739043669238607,1e0bA00,ANM
348,0.7448815447159283,1e0bA00,ANM
379,0.7462313762306024,1e0bA00,ANM
413,0.4610704551874506,1e0bA00,ANM
450,0.2500752517363884,1e0bA00,ANM
320,0.8228992787191608,1e1gA00,ANM
348,0.8490900868860426,1e1gA00,ANM
379,0.821190797853488,1e1gA00,ANM
413,0.8624275426307361,1e1gA00,ANM
450,0.5199485515012018,1e1gA00,ANM
320,0.7085144048199191,1e6vA03,ANM
348,0.6446908215436371,1e6vA03,ANM
379,0.644848201061149,1e6vA03,ANM
413,0.6176325384251977,1e6vA03,ANM
450,0.5987902484604993,1e6vA03,ANM
320,0.6379465334782387,1e9rA02,ANM
348,0.673677594274966,1e9rA02,ANM
379,0.5961916899412779,1e9rA02,ANM
413,0.4902069037246758,1e9rA02,ANM
450,0.4032669294172115,1e9rA02,ANM
320,0.4823921581526,1eakA01,ANM
348,0.52514073304873,1eakA01,ANM
379,0.4776554851558535,1eakA01,ANM
413,0.4163227960757375,1eakA01,ANM
450,0.3638530074474123,1eakA01,ANM
320,0.4145019751212654,1eb6A00,ANM
348,0.3699042376030232,1eb6A00,ANM
379,0.3247037815467956,1eb6A00,ANM
413,0.3632201901215871,1eb6A00,ANM
450,-0.1256785651281396,1eb6A00,ANM
320,0.8227314049002717,1ebfA02,ANM
348,0.7519077529993378,1ebfA02,ANM
379,0.6699723706772802,1ebfA02,ANM
413,0.3882736372335928,1ebfA02,ANM
450,0.4908448969899541,1ebfA02,ANM
320,0.7231201806215624,1eerA00,ANM
348,0.7396926015295775,1eerA00,ANM
379,0.7332673234348361,1eerA00,ANM
413,0.6863279287004038,1eerA00,ANM
450,0.5979127410393034,1eerA00,ANM
320,0.6527357652296585,1eovA02,ANM
348,0.5727255320469936,1eovA02,ANM
379,0.5530589469827029,1eovA02,ANM
413,0.5875816502283054,1eovA02,ANM
450,0.5301237426323032,1eovA02,ANM
320,0.7420496711730413,1epwA01,ANM
348,0.6733439181030401,1epwA01,ANM
379,0.5517364453333001,1epwA01,ANM
413,0.5088489446876734,1epwA01,ANM
450,0.4542889956455003,1epwA01,ANM
320,0.6863785293193223,1eq6A00,ANM
348,0.6877544984580287,1eq6A00,ANM
379,0.6875898550892967,1eq6A00,ANM
413,0.6965588419748004,1eq6A00,ANM
450,0.5552324751671619,1eq6A00,ANM
320,0.6120271620191802,1escA00,ANM
348,0.6379280112650875,1escA00,ANM
379,0.5632196815487855,1escA00,ANM
413,0.5538127151592314,1escA00,ANM
450,0.4068756958353665,1escA00,ANM
320,0.6607548482876204,1ex0A03,ANM
348,0.4075453214510122,1ex0A03,ANM
379,0.4460044759963413,1ex0A03,ANM
413,0.4716230282590543,1ex0A03,ANM
450,0.4719874265902101,1ex0A03,ANM
320,0.7123567098798972,1eysL01,ANM
348,0.6521174701456706,1eysL01,ANM
379,0.6740275550029033,1eysL01,ANM
413,0.5946141277040683,1eysL01,ANM
450,0.5800017886963985,1eysL01,ANM
320,0.5224325246407188,1eysL02,ANM
348,0.4909461160489804,1eysL02,ANM
379,0.3923585684223556,1eysL02,ANM
413,0.3404825423319721,1eysL02,ANM
450,0.0079215963037022,1eysL02,ANM
320,0.9777540936106144,1eyuA00,ANM
348,0.959471631632576,1eyuA00,ANM
379,0.898119041539516,1eyuA00,ANM
413,0.7756543261283881,1eyuA00,ANM
450,0.645155661394309,1eyuA00,ANM
320,0.7265121271206786,1ezjA02,ANM
348,0.8242799109129946,1ezjA02,ANM
379,0.7221557175647174,1ezjA02,ANM
413,0.8928644173349368,1ezjA02,ANM
450,0.8211281447035018,1ezjA02,ANM
320,0.6408806243448031,1ezvC00,ANM
348,0.5910868729538276,1ezvC00,ANM
379,0.6110317478346691,1ezvC00,ANM
413,0.4428847993301515,1ezvC00,ANM
450,0.4964797704350269,1ezvC00,ANM
320,0.9222150342259277,1f3vA00,ANM
348,0.909003357850623,1f3vA00,ANM
379,0.9013565641055262,1f3vA00,ANM
413,0.8982790258478451,1f3vA00,ANM
450,0.8297555010544171,1f3vA00,ANM
320,0.7859788955418305,1fb1A01,ANM
348,0.820014951793452,1fb1A01,ANM
379,0.6001946978088815,1fb1A01,ANM
413,0.3186413174741994,1fb1A01,ANM
450,0.1974055383071272,1fb1A01,ANM
320,0.7782413397573503,1fcdA03,ANM
348,0.667215716889062,1fcdA03,ANM
379,0.6988152267727743,1fcdA03,ANM
413,0.6885194752889408,1fcdA03,ANM
450,0.4944462647637655,1fcdA03,ANM
320,0.6739457643901715,1ffsB00,ANM
348,0.6788366298431734,1ffsB00,ANM
379,0.7753051968401145,1ffsB00,ANM
413,0.7954137656000312,1ffsB00,ANM
450,0.2409297696238677,1ffsB00,ANM
320,0.4296241642055177,1ffvC03,ANM
348,0.3563092209267863,1ffvC03,ANM
379,0.2734618636839559,1ffvC03,ANM
413,0.1428900941384738,1ffvC03,ANM
450,0.0139281434905432,1ffvC03,ANM
320,0.7290444788430522,1fgxA00,ANM
348,0.7197099650533321,1fgxA00,ANM
379,0.7138542134329234,1fgxA00,ANM
413,0.6874091146467005,1fgxA00,ANM
450,0.5696217757974107,1fgxA00,ANM
320,0.7424680682749846,1fjkA00,ANM
348,0.496799765295357,1fjkA00,ANM
379,0.3983930401060094,1fjkA00,ANM
413,0.5474294970003661,1fjkA00,ANM
450,0.6573237532451034,1fjkA00,ANM
320,0.7257620769375007,1fohA03,ANM
348,0.6644245021941632,1fohA03,ANM
379,0.6643777494588773,1fohA03,ANM
413,0.658881620151948,1fohA03,ANM
450,0.6314293734645974,1fohA03,ANM
320,0.8260361742267606,1ft9A02,ANM
348,0.802269272891825,1ft9A02,ANM
379,0.7616582939169086,1ft9A02,ANM
413,0.4587108734521767,1ft9A02,ANM
450,-0.0731618123506234,1ft9A02,ANM
320,0.7388842782812535,1fwxA01,ANM
348,0.7125536630393035,1fwxA01,ANM
379,0.6664146911934382,1fwxA01,ANM
413,0.6508729275499159,1fwxA01,ANM
450,0.6137018845072381,1fwxA01,ANM
320,0.8900253509928616,1g2rA00,ANM
348,0.8335733689849275,1g2rA00,ANM
379,0.8077710709208915,1g2rA00,ANM
413,0.7375076276706009,1g2rA00,ANM
450,0.7523637058965282,1g2rA00,ANM
320,0.1680615744464166,1g5aA03,ANM
348,0.0836900699622544,1g5aA03,ANM
379,0.031426361728191,1g5aA03,ANM
413,-0.0990337272117249,1g5aA03,ANM
450,-0.3369264676372677,1g5aA03,ANM
320,0.839229715327889,1g7uA00,ANM
348,0.8198064117892331,1g7uA00,ANM
379,0.770098459713934,1g7uA00,ANM
413,0.7694261827596353,1g7uA00,ANM
450,0.6775085963613754,1g7uA00,ANM
320,0.676072351917012,1g86A00,ANM
348,0.7346751263903493,1g86A00,ANM
379,0.7722202837821525,1g86A00,ANM
413,0.7962880365229391,1g86A00,ANM
450,0.7139154436014544,1g86A00,ANM
320,0.6251210873066989,1gakA00,ANM
348,0.7039911169568459,1gakA00,ANM
379,0.6726214521195141,1gakA00,ANM
413,0.6853300395404394,1gakA00,ANM
450,0.4544719530768121,1gakA00,ANM
320,0.4841766873004895,1gccA00,ANM
348,0.4881572124867009,1gccA00,ANM
379,0.4453916847753837,1gccA00,ANM
413,0.4464299394210811,1gccA00,ANM
450,0.2683432464988778,1gccA00,ANM
320,0.4303081834495433,1gcyA02,ANM
348,0.321191672716972,1gcyA02,ANM
379,0.1899764747938266,1gcyA02,ANM
413,0.1027628281760025,1gcyA02,ANM
450,0.0508034966285781,1gcyA02,ANM
320,0.7470064975092241,1ghsA00,ANM
348,0.7117146773616032,1ghsA00,ANM
379,0.6871500848407466,1ghsA00,ANM
413,0.6573979394678052,1ghsA00,ANM
450,0.4705660864446816,1ghsA00,ANM
320,0.9212604696356976,1gjsA00,ANM
348,0.8972532003843651,1gjsA00,ANM
379,0.6230020607241721,1gjsA00,ANM
413,0.5542953139610307,1gjsA00,ANM
450,0.5237342974951779,1gjsA00,ANM
320,0.9348610089709324,1gntA02,ANM
348,0.9203866461701894,1gntA02,ANM
379,0.8820465935877951,1gntA02,ANM
413,0.8586310097988971,1gntA02,ANM
450,0.7609387341335427,1gntA02,ANM
320,0.6642846380441201,1gqoB00,ANM
348,0.6368949027861882,1gqoB00,ANM
379,0.6197081795270231,1gqoB00,ANM
413,0.6122256651291478,1gqoB00,ANM
450,0.5207099696842485,1gqoB00,ANM
320,0.7753342163677206,1gtvA00,ANM
348,0.7016445124806857,1gtvA00,ANM
379,0.6756250841914799,1gtvA00,ANM
413,0.6238324835974361,1gtvA00,ANM
450,0.4165149635281177,1gtvA00,ANM
320,0.8767099973909049,1gvhA01,ANM
348,0.8201242010432199,1gvhA01,ANM
379,0.829511435364275,1gvhA01,ANM
413,0.7493820726387808,1gvhA01,ANM
450,0.5725614677213559,1gvhA01,ANM
320,0.667872170651288,1gwcA02,ANM
348,0.6486141333626052,1gwcA02,ANM
379,0.6733114488840192,1gwcA02,ANM
413,0.6549311587790341,1gwcA02,ANM
450,0.6089590247474475,1gwcA02,ANM
320,0.8360042581854296,1gwyA00,ANM
348,0.8304905205582218,1gwyA00,ANM
379,0.7651277899562439,1gwyA00,ANM
413,0.6734107339626486,1gwyA00,ANM
450,0.2207116248026056,1gwyA00,ANM
320,0.6870720761276036,1gxcA00,ANM
348,0.6809137169831864,1gxcA00,ANM
379,0.4637229616605378,1gxcA00,ANM
413,0.3190897230269454,1gxcA00,ANM
450,0.256111432138753,1gxcA00,ANM
320,0.9019453349589158,1gxeA00,ANM
348,0.8558882801698603,1gxeA00,ANM
379,0.6804437010514645,1gxeA00,ANM
413,0.5745089791877799,1gxeA00,ANM
450,0.341439349844836,1gxeA00,ANM
320,0.7936602775134611,1gxmB00,ANM
348,0.7878817371890264,1gxmB00,ANM
379,0.7748615896009192,1gxmB00,ANM
413,0.7357809672918784,1gxmB00,ANM
450,0.6188781706402794,1gxmB00,ANM
320,0.8174972512683069,1gyxA01,ANM
348,0.326634063264088,1gyxA01,ANM
379,0.5584651161553496,1gyxA01,ANM
413,0.1153228908682692,1gyxA01,ANM
450,0.1362525349561316,1gyxA01,ANM
320,0.5105119364868621,1gz1A00,ANM
348,0.4256877239507928,1gz1A00,ANM
379,0.4540730480228755,1gz1A00,ANM
413,0.4412736510656616,1gz1A00,ANM
450,0.4026318268748217,1gz1A00,ANM
320,0.3521953896198516,1h19A02,ANM
348,0.2987884387190109,1h19A02,ANM
379,0.2847344703717306,1h19A02,ANM
413,0.2464353220827493,1h19A02,ANM
450,0.2481568011602093,1h19A02,ANM
320,0.651572087048431,1h67A00,ANM
348,0.7702924050663676,1h67A00,ANM
379,0.7747148148156855,1h67A00,ANM
413,0.7326584520768036,1h67A00,ANM
450,0.3354668460263628,1h67A00,ANM
320,0.7747653988865562,1h7zA00,ANM
348,0.8082601629431407,1h7zA00,ANM
379,0.7111825383146585,1h7zA00,ANM
413,0.7689711522561907,1h7zA00,ANM
450,0.4870481462898561,1h7zA00,ANM
320,0.9342077415120136,1hcnA00,ANM
348,0.9063276233113308,1hcnA00,ANM
379,0.8535039262453208,1hcnA00,ANM
413,0.8623015001842608,1hcnA00,ANM
450,0.7232432040783859,1hcnA00,ANM
320,0.6289981515595859,1hf2A02,ANM
348,0.6457950068518332,1hf2A02,ANM
379,0.6493658350007779,1hf2A02,ANM
413,0.6581187510230876,1hf2A02,ANM
450,0.6746466210222822,1hf2A02,ANM
320,0.6262771825076296,1hk5A03,ANM
348,0.7274846116659689,1hk5A03,ANM
379,0.7178569014437619,1hk5A03,ANM
413,0.4214936988451107,1hk5A03,ANM
450,0.4188640320323048,1hk5A03,ANM
320,0.871850489714847,1hn0A04,ANM
348,0.8723409853132862,1hn0A04,ANM
379,0.8669798304025876,1hn0A04,ANM
413,0.6796891277104748,1hn0A04,ANM
450,0.5513966887154169,1hn0A04,ANM
320,0.50200337234796,1hpgA02,ANM
348,0.4124406506487589,1hpgA02,ANM
379,0.2652821711975792,1hpgA02,ANM
413,-0.102460406165955,1hpgA02,ANM
450,-0.1467330305894581,1hpgA02,ANM
320,0.6771570922024169,1hsjB03,ANM
348,0.6119468229878093,1hsjB03,ANM
379,0.6629423896354869,1hsjB03,ANM
413,0.442911624756102,1hsjB03,ANM
450,0.217540495801929,1hsjB03,ANM
320,0.6500938739371609,1hufA00,ANM
348,0.4801827731411305,1hufA00,ANM
379,0.4728320932288551,1hufA00,ANM
413,0.3445886262850827,1hufA00,ANM
450,-0.0616490617633459,1hufA00,ANM
320,0.7121058267662874,1hxnA00,ANM
348,0.6880961794343579,1hxnA00,ANM
379,0.6341986213831052,1hxnA00,ANM
413,0.630969659023805,1hxnA00,ANM
450,0.4746567176284443,1hxnA00,ANM
320,0.6298661025839496,1hyoA01,ANM
348,0.5375849583977826,1hyoA01,ANM
379,0.5346559162139749,1hyoA01,ANM
413,0.3802975217737787,1hyoA01,ANM
450,0.2182254551097452,1hyoA01,ANM
320,0.6464702249592802,1i2nA00,ANM
348,0.7009970837572477,1i2nA00,ANM
379,0.6930476987164196,1i2nA00,ANM
413,0.658730201079182,1i2nA00,ANM
450,0.6030915634059921,1i2nA00,ANM
320,0.4337568745543698,1i5gA00,ANM
348,0.3819031710213776,1i5gA00,ANM
379,0.3458789977826954,1i5gA00,ANM
413,0.4462228039937794,1i5gA00,ANM
450,0.4931670939454718,1i5gA00,ANM
320,0.726751736440374,1i7xB00,ANM
348,0.5220330599896179,1i7xB00,ANM
379,0.3554938823961039,1i7xB00,ANM
413,0.3710364210066045,1i7xB00,ANM
450,0.3236760776460664,1i7xB00,ANM
320,0.7677795785981599,1ibcB00,ANM
348,0.6456180643593867,1ibcB00,ANM
379,0.6387683397673017,1ibcB00,ANM
413,0.638670817888374,1ibcB00,ANM
450,0.4022323361522803,1ibcB00,ANM
320,0.6391135531272467,1ig0A01,ANM
348,0.5528474379987474,1ig0A01,ANM
379,0.5841047264956815,1ig0A01,ANM
413,0.4450743314446301,1ig0A01,ANM
450,0.3838135081894141,1ig0A01,ANM
320,0.9049249517656875,1igqB00,ANM
348,0.8166551325629113,1igqB00,ANM
379,0.7097977928992898,1igqB00,ANM
413,0.7143920115664575,1igqB00,ANM
450,0.6072487589006621,1igqB00,ANM
320,0.7707226583722891,1ihvA00,ANM
348,0.7784975530667955,1ihvA00,ANM
379,0.798351386448302,1ihvA00,ANM
413,0.7585165562968361,1ihvA00,ANM
450,0.2650604692072886,1ihvA00,ANM
320,0.9238600608507148,1inlC02,ANM
348,0.9221059118822588,1inlC02,ANM
379,0.7468764904972769,1inlC02,ANM
413,0.2030192503344008,1inlC02,ANM
450,0.1414107562063132,1inlC02,ANM
320,0.4034432822988096,1iq8A02,ANM
348,0.2545112969349749,1iq8A02,ANM
379,0.2546751515604184,1iq8A02,ANM
413,0.1620500775874191,1iq8A02,ANM
450,0.1851476739274005,1iq8A02,ANM
320,0.8089957286400773,1irzA00,ANM
348,0.8013554547532783,1irzA00,ANM
379,0.7634913891018339,1irzA00,ANM
413,0.6946153191066702,1irzA00,ANM
450,0.6514855697481162,1irzA00,ANM
320,0.9691492296411685,1iyuA00,ANM
348,0.9528194457671924,1iyuA00,ANM
379,0.9653361978618143,1iyuA00,ANM
413,0.9296039609323116,1iyuA00,ANM
450,0.8213335059174268,1iyuA00,ANM
320,0.5408518687647793,1j0tA00,ANM
348,0.5480912933469317,1j0tA00,ANM
379,0.5335577891077415,1j0tA00,ANM
413,0.5941921916140522,1j0tA00,ANM
450,0.4462847019702192,1j0tA00,ANM
320,0.7580133221026789,1j2rA00,ANM
348,0.7715748018430773,1j2rA00,ANM
379,0.7656743687618831,1j2rA00,ANM
413,0.7623390782562799,1j2rA00,ANM
450,0.5468387016823351,1j2rA00,ANM
320,0.6803344329413485,1j5sA02,ANM
348,0.6799027074438433,1j5sA02,ANM
379,0.6673788151738681,1j5sA02,ANM
413,0.5234974729968287,1j5sA02,ANM
450,0.4408394005660704,1j5sA02,ANM
320,0.6718865738752703,1j78A05,ANM
348,0.6769283657595193,1j78A05,ANM
379,0.5445857585158181,1j78A05,ANM
413,0.5015278794958913,1j78A05,ANM
450,0.2936129181387469,1j78A05,ANM
320,0.7873049821142075,1j7gA00,ANM
348,0.76400157330146,1j7gA00,ANM
379,0.7410845871521504,1j7gA00,ANM
413,0.7109143530386562,1j7gA00,ANM
450,0.3956585616289486,1j7gA00,ANM
320,0.4693016901023256,1j7mA00,ANM
348,0.4967507564180926,1j7mA00,ANM
379,0.3131357224081198,1j7mA00,ANM
413,0.284386697641655,1j7mA00,ANM
450,0.4243900827713643,1j7mA00,ANM
320,0.9124235451938022,1j8mF01,ANM
348,0.8917841897765895,1j8mF01,ANM
379,0.801149357294824,1j8mF01,ANM
413,0.8087868374460633,1j8mF01,ANM
450,0.4785432746570868,1j8mF01,ANM
320,0.6688181522487078,1jbiA00,ANM
348,0.7102683782748527,1jbiA00,ANM
379,0.7237940578561467,1jbiA00,ANM
413,0.5961544746821856,1jbiA00,ANM
450,0.3490386541269538,1jbiA00,ANM
320,0.7276081973749624,1jbjA02,ANM
348,0.6281242513058072,1jbjA02,ANM
379,0.525323115956798,1jbjA02,ANM
413,0.3496886580476535,1jbjA02,ANM
450,0.366218183689332,1jbjA02,ANM
320,0.90542325819431,1jeyA03,ANM
348,0.8483244812743672,1jeyA03,ANM
379,0.8867810228508625,1jeyA03,ANM
413,0.7687084402968092,1jeyA03,ANM
450,0.7680551522624284,1jeyA03,ANM
320,0.6152773298948864,1ji3A00,ANM
348,0.6410641570151181,1ji3A00,ANM
379,0.6212276083190582,1ji3A00,ANM
413,0.5665889782370993,1ji3A00,ANM
450,0.3962405427068718,1ji3A00,ANM
320,0.7694191086034201,1jj2A03,ANM
348,0.785620052648909,1jj2A03,ANM
379,0.7996385994708746,1jj2A03,ANM
413,0.7825543757638527,1jj2A03,ANM
450,0.7411191446239311,1jj2A03,ANM
320,0.9022412041519732,1jl5A00,ANM
348,0.8902164436460568,1jl5A00,ANM
379,0.8520101621698657,1jl5A00,ANM
413,0.8980313556396431,1jl5A00,ANM
450,0.6656848102440098,1jl5A00,ANM
320,0.9015030320229748,1jqpA01,ANM
348,0.9337612274853015,1jqpA01,ANM
379,0.9066166751611836,1jqpA01,ANM
413,0.8689887351865244,1jqpA01,ANM
450,0.736763166632419,1jqpA01,ANM
320,0.6291827148947475,1js2A00,ANM
348,0.768266885221925,1js2A00,ANM
379,0.7750107537744114,1js2A00,ANM
413,0.5714721933582488,1js2A00,ANM
450,0.3351430219882493,1js2A00,ANM
320,0.6649934356769773,1jswA02,ANM
348,0.7230534940922322,1jswA02,ANM
379,0.702874299164558,1jswA02,ANM
413,0.5914375601457579,1jswA02,ANM
450,0.5750386654202901,1jswA02,ANM
320,0.6612447273857651,1jw3A00,ANM
348,0.686497766659481,1jw3A00,ANM
379,0.7255492724794022,1jw3A00,ANM
413,0.5313013777921207,1jw3A00,ANM
450,0.4452308712136543,1jw3A00,ANM
320,0.6079927317551644,1k32A01,ANM
348,0.6113941041540227,1k32A01,ANM
379,0.5398297754440158,1k32A01,ANM
413,0.5479334224680534,1k32A01,ANM
450,0.5464260582002126,1k32A01,ANM
320,0.6711174284142861,1k70A02,ANM
348,0.6777646440901258,1k70A02,ANM
379,0.4835279770307513,1k70A02,ANM
413,0.3143288883366152,1k70A02,ANM
450,0.2937132237519966,1k70A02,ANM
320,0.7127925324434121,1k8iB01,ANM
348,0.6709952741047364,1k8iB01,ANM
379,0.6860171805144227,1k8iB01,ANM
413,0.6165531481782748,1k8iB01,ANM
450,0.7428440805947316,1k8iB01,ANM
320,0.8653054193621279,1k8kD01,ANM
348,0.8738865613584587,1k8kD01,ANM
379,0.8708315529536598,1k8kD01,ANM
413,0.8017274592226168,1k8kD01,ANM
450,0.6511962878886542,1k8kD01,ANM
320,0.873593671541907,1k8kF00,ANM
348,0.7664806566811823,1k8kF00,ANM
379,0.6919894754547575,1k8kF00,ANM
413,0.6855172205511697,1k8kF00,ANM
450,0.7235251539817493,1k8kF00,ANM
320,0.5488737108008506,1kfwA02,ANM
348,0.3768411297539292,1kfwA02,ANM
379,-0.1052608755503023,1kfwA02,ANM
413,-0.338246518130017,1kfwA02,ANM
450,-0.3906429685603755,1kfwA02,ANM
320,0.8000777484759628,1khcA01,ANM
348,0.8230737895912306,1khcA01,ANM
379,0.7561019187037555,1khcA01,ANM
413,0.47282327209607,1khcA01,ANM
450,0.113929468974261,1khcA01,ANM
320,0.5420671362723439,1koyA00,ANM
348,0.6031461178625543,1koyA00,ANM
379,0.6994489481067492,1koyA00,ANM
413,0.5730131317874487,1koyA00,ANM
450,0.5806066006154811,1koyA00,ANM
320,0.7774532671141089,1kplA00,ANM
348,0.7911847712316584,1kplA00,ANM
379,0.8099326410907954,1kplA00,ANM
413,0.8138905388254191,1kplA00,ANM
450,0.6830483621872824,1kplA00,ANM
320,0.8766217953786154,1ks9A02,ANM
348,0.851466652445147,1ks9A02,ANM
379,0.6002719459075024,1ks9A02,ANM
413,0.4885946107945746,1ks9A02,ANM
450,0.3981466100556058,1ks9A02,ANM
320,0.8218469784679658,1kx3D00,ANM
348,0.7564650663874203,1kx3D00,ANM
379,0.6209305437180493,1kx3D00,ANM
413,0.6823922120057204,1kx3D00,ANM
450,0.6244147148393441,1kx3D00,ANM
320,0.7374662480605592,1kx3G00,ANM
348,0.7738224416685916,1kx3G00,ANM
379,0.7934541205617012,1kx3G00,ANM
413,0.6426832590963159,1kx3G00,ANM
450,0.7934522272399689,1kx3G00,ANM
320,0.7765678506901801,1l3gA00,ANM
348,0.7799137440076127,1l3gA00,ANM
379,0.6862229721232024,1l3gA00,ANM
413,0.6283493198541799,1l3gA00,ANM
450,0.356131655654318,1l3gA00,ANM
320,0.6381356444724694,1l3wA03,ANM
348,0.5814339245535334,1l3wA03,ANM
379,0.5604097629290701,1l3wA03,ANM
413,0.3032048458644028,1l3wA03,ANM
450,0.4737905755935955,1l3wA03,ANM
320,0.8220120136601486,1l5jA04,ANM
348,0.7786941226056062,1l5jA04,ANM
379,0.686450736619398,1l5jA04,ANM
413,0.4126855918147882,1l5jA04,ANM
450,0.2260603116128982,1l5jA04,ANM
320,0.4972016990405009,1l5oA02,ANM
348,0.4613259105161584,1l5oA02,ANM
379,0.358551677335519,1l5oA02,ANM
413,0.3480758065552523,1l5oA02,ANM
450,0.3428310448232727,1l5oA02,ANM
320,0.8276809572191975,1l7yA00,ANM
348,0.87652643460056,1l7yA00,ANM
379,0.8735087753969735,1l7yA00,ANM
413,0.8587749563851761,1l7yA00,ANM
450,0.7555779957450768,1l7yA00,ANM
320,0.8882629610812959,1lcsA00,ANM
348,0.899338782676722,1lcsA00,ANM
379,0.860964930307267,1lcsA00,ANM
413,0.7044739515611469,1lcsA00,ANM
450,0.7983235023523813,1lcsA00,ANM
320,0.6453996121834729,1lf6A02,ANM
348,0.6426240913658547,1lf6A02,ANM
379,0.6411916882669512,1lf6A02,ANM
413,0.5505204789809471,1lf6A02,ANM
450,0.4374086211557355,1lf6A02,ANM
320,0.8489542559636467,1lfwA03,ANM
348,0.8411417315309796,1lfwA03,ANM
379,0.7519872120784276,1lfwA03,ANM
413,0.6932014921633923,1lfwA03,ANM
450,0.0170345216232018,1lfwA03,ANM
320,0.8105884188103101,1lkoA01,ANM
348,0.8295178170651999,1lkoA01,ANM
379,0.8331431503130474,1lkoA01,ANM
413,0.569185172220213,1lkoA01,ANM
450,0.383261636284333,1lkoA01,ANM
320,0.6306678114017112,1ll8A00,ANM
348,0.728285357230368,1ll8A00,ANM
379,0.7274835485700175,1ll8A00,ANM
413,0.7222846247787353,1ll8A00,ANM
450,0.7099658023096023,1ll8A00,ANM
320,0.8526170593019685,1lm8V01,ANM
348,0.7000842614902886,1lm8V01,ANM
379,0.6625049383296584,1lm8V01,ANM
413,0.6259999180015908,1lm8V01,ANM
450,0.6769228128741809,1lm8V01,ANM
320,0.5251627698349891,1lucB00,ANM
348,0.5907060601498151,1lucB00,ANM
379,0.6643391057780866,1lucB00,ANM
413,0.6378625544722241,1lucB00,ANM
450,0.4933681880957308,1lucB00,ANM
320,0.2497670393413964,1lujB01,ANM
348,0.1843229992528789,1lujB01,ANM
379,0.2120064881431135,1lujB01,ANM
413,0.0325695344676767,1lujB01,ANM
450,-0.1142473312639638,1lujB01,ANM
320,0.7231878928925662,1m2dA00,ANM
348,0.7154673469499283,1m2dA00,ANM
379,0.6611445742734489,1m2dA00,ANM
413,0.6395121137229277,1m2dA00,ANM
450,0.6130316551564917,1m2dA00,ANM
320,0.7974547485163699,1m55A00,ANM
348,0.8209527767056259,1m55A00,ANM
379,0.8679177043061506,1m55A00,ANM
413,0.7680552138424228,1m55A00,ANM
450,0.658494883981322,1m55A00,ANM
320,0.5452970655359984,1mabB01,ANM
348,0.5838736037889303,1mabB01,ANM
379,0.5651717685338421,1mabB01,ANM
413,0.5887642262428477,1mabB01,ANM
450,0.3269354704404135,1mabB01,ANM
320,0.7911100715842606,1mixA01,ANM
348,0.7407365031042774,1mixA01,ANM
379,0.7788251178982001,1mixA01,ANM
413,0.7557849368891076,1mixA01,ANM
450,0.4884832367224488,1mixA01,ANM
320,0.3462277333410756,1mkfA01,ANM
348,0.381632464643273,1mkfA01,ANM
379,0.4185155486453764,1mkfA01,ANM
413,0.4551389513445081,1mkfA01,ANM
450,0.474157177875308,1mkfA01,ANM
320,0.7581952637464404,1mnmC00,ANM
348,0.6180872699133493,1mnmC00,ANM
379,0.5800503241840882,1mnmC00,ANM
413,0.4214959160933147,1mnmC00,ANM
450,0.2682031959846387,1mnmC00,ANM
320,0.7268061223817561,1mtyG02,ANM
348,0.7581839601401839,1mtyG02,ANM
379,0.751984090097067,1mtyG02,ANM
413,0.7987498156616742,1mtyG02,ANM
450,0.6935023856712005,1mtyG02,ANM
320,0.724362183365884,1mu5A02,ANM
348,0.5090178675418001,1mu5A02,ANM
379,0.5310270786343531,1mu5A02,ANM
413,0.5386310949176122,1mu5A02,ANM
450,0.3844690805088629,1mu5A02,ANM
320,0.6272772103774361,1mzbA02,ANM
348,0.6957963388414244,1mzbA02,ANM
379,0.5701774307084877,1mzbA02,ANM
413,0.4328247944531834,1mzbA02,ANM
450,0.3912825637311225,1mzbA02,ANM
320,0.7954764971622391,1mzvA00,ANM
348,0.7099415821515291,1mzvA00,ANM
379,0.7326549616339458,1mzvA00,ANM
413,0.6527646643544944,1mzvA00,ANM
450,0.6592652590194269,1mzvA00,ANM
320,0.8546584433013286,1n3kA00,ANM
348,0.8192238310491883,1n3kA00,ANM
379,0.7588705234632434,1n3kA00,ANM
413,0.7548220694086182,1n3kA00,ANM
450,0.1499165993154441,1n3kA00,ANM
320,0.3649432591929978,1neiA00,ANM
348,0.4783011506081039,1neiA00,ANM
379,0.6495748326056155,1neiA00,ANM
413,0.4732170575643823,1neiA00,ANM
450,0.6020342473848586,1neiA00,ANM
320,0.8904495069347376,1ng6A02,ANM
348,0.835150204573729,1ng6A02,ANM
379,0.7097110636762446,1ng6A02,ANM
413,0.5041515924425436,1ng6A02,ANM
450,0.3669749257499468,1ng6A02,ANM
320,0.4700498321673759,1nijA02,ANM
348,0.3365949789719375,1nijA02,ANM
379,0.3450692594003019,1nijA02,ANM
413,0.3439018151162787,1nijA02,ANM
450,0.3428383760541731,1nijA02,ANM
320,0.5732377520834112,1nktA02,ANM
348,0.6649116658822686,1nktA02,ANM
379,0.5849735184730869,1nktA02,ANM
413,0.6177817425482799,1nktA02,ANM
450,0.0409363264880058,1nktA02,ANM
320,0.9218957247981312,1nycA00,ANM
348,0.9130701301331604,1nycA00,ANM
379,0.9167518269592944,1nycA00,ANM
413,0.9082840873811456,1nycA00,ANM
450,0.8217282271232113,1nycA00,ANM
320,0.4136683530030277,1o0sA02,ANM
348,0.5619397339317763,1o0sA02,ANM
379,0.4029539393458107,1o0sA02,ANM
413,0.3421466470912532,1o0sA02,ANM
450,0.1796633174189786,1o0sA02,ANM
320,0.7553181149329231,1o0uA02,ANM
348,0.7370631489227698,1o0uA02,ANM
379,0.6545109723366634,1o0uA02,ANM
413,0.6330588606190326,1o0uA02,ANM
450,0.5182923014385307,1o0uA02,ANM
320,0.702673319465261,1o75A03,ANM
348,0.6890921247069165,1o75A03,ANM
379,0.7152459950539505,1o75A03,ANM
413,0.6411068530672237,1o75A03,ANM
450,0.4238347903936671,1o75A03,ANM
320,0.3677914631244346,1o82A00,ANM
348,0.3015672013963227,1o82A00,ANM
379,0.3031797934535054,1o82A00,ANM
413,0.0266905383131572,1o82A00,ANM
450,0.0043191210346916,1o82A00,ANM
320,0.7365566612326021,1o9iA02,ANM
348,0.6874853427981875,1o9iA02,ANM
379,0.4494302191495151,1o9iA02,ANM
413,0.2146316616889902,1o9iA02,ANM
450,0.1726745404731337,1o9iA02,ANM
320,0.8107600433896488,1on2A02,ANM
348,0.7540861114939101,1on2A02,ANM
379,0.6759467682685972,1on2A02,ANM
413,0.4695367558493989,1on2A02,ANM
450,0.2073803949935727,1on2A02,ANM
320,0.719782908943199,1otvA00,ANM
348,0.6996694043142854,1otvA00,ANM
379,0.7299487951481232,1otvA00,ANM
413,0.6454745108013761,1otvA00,ANM
450,0.5873961188404486,1otvA00,ANM
320,0.4972837263619873,1ow4A00,ANM
348,0.5216658222818864,1ow4A00,ANM
379,0.4818843800437158,1ow4A00,ANM
413,0.4970171988362982,1ow4A00,ANM
450,0.4472713308627716,1ow4A00,ANM
320,0.6331532664090985,1oygA01,ANM
348,0.656085716952919,1oygA01,ANM
379,0.5163766316857495,1oygA01,ANM
413,0.5037513692096505,1oygA01,ANM
450,0.3525314745675131,1oygA01,ANM
320,0.2340760411742745,1pe4A00,ANM
348,0.2169085597056628,1pe4A00,ANM
379,0.2552377330579346,1pe4A00,ANM
413,0.2394837319402933,1pe4A00,ANM
450,0.3162830662549988,1pe4A00,ANM
320,0.707660369477922,1pf5A00,ANM
348,0.6414421878704077,1pf5A00,ANM
379,0.6860897398120814,1pf5A00,ANM
413,0.5837769637627815,1pf5A00,ANM
450,0.5934799450002312,1pf5A00,ANM
320,0.7308126146057395,1pgjA02,ANM
348,0.7402288678874859,1pgjA02,ANM
379,0.7608614994925876,1pgjA02,ANM
413,0.7036098239895966,1pgjA02,ANM
450,0.6103116323942837,1pgjA02,ANM
320,0.62748808525445,1pi2A00,ANM
348,0.5742989529344775,1pi2A00,ANM
379,0.5818148359866313,1pi2A00,ANM
413,0.6731431835607538,1pi2A00,ANM
450,0.6269945971478499,1pi2A00,ANM
320,0.6502345021727233,1pjqA03,ANM
348,0.7044706134939409,1pjqA03,ANM
379,0.5849239266116135,1pjqA03,ANM
413,0.3112323488468733,1pjqA03,ANM
450,0.2846421739939466,1pjqA03,ANM
320,0.756243505023568,1pqwA00,ANM
348,0.7684506517170161,1pqwA00,ANM
379,0.8108350346005253,1pqwA00,ANM
413,0.7561059921781665,1pqwA00,ANM
450,0.6210287455313318,1pqwA00,ANM
320,0.3479004830760399,1pv4B01,ANM
348,0.384416711890452,1pv4B01,ANM
379,0.3452444749943638,1pv4B01,ANM
413,0.3203733794873103,1pv4B01,ANM
450,-0.0066390371321861,1pv4B01,ANM
320,0.7990824015480721,1pytA00,ANM
348,0.8679812084083244,1pytA00,ANM
379,0.8404511852679112,1pytA00,ANM
413,0.8534043352153673,1pytA00,ANM
450,0.7452463315334089,1pytA00,ANM
320,0.7664439009041835,1q2zA00,ANM
348,0.7164588246084136,1q2zA00,ANM
379,0.7347265939167494,1q2zA00,ANM
413,0.6260836539020241,1q2zA00,ANM
450,0.5047485302807021,1q2zA00,ANM
320,0.479494041863729,1q5zA00,ANM
348,0.5168171585646762,1q5zA00,ANM
379,0.536465936490352,1q5zA00,ANM
413,0.5616198152411859,1q5zA00,ANM
450,0.4144397443951087,1q5zA00,ANM
320,0.5807407538767693,1qexA03,ANM
348,0.6131724747887887,1qexA03,ANM
379,0.6151848894491271,1qexA03,ANM
413,0.5935789039844918,1qexA03,ANM
450,0.2474638140179748,1qexA03,ANM
320,0.6811375912676264,1qhhA00,ANM
348,0.8077980010008764,1qhhA00,ANM
379,0.7465199222701223,1qhhA00,ANM
413,0.6734803802029182,1qhhA00,ANM
450,0.4818703150959018,1qhhA00,ANM
320,0.5939225430884414,1qrjA01,ANM
348,0.5998388860493102,1qrjA01,ANM
379,0.6201850388443311,1qrjA01,ANM
413,0.559373646780101,1qrjA01,ANM
450,0.1113754088053061,1qrjA01,ANM
320,0.8739283562812247,1qwjB00,ANM
348,0.8383597764931683,1qwjB00,ANM
379,0.70737831210665,1qwjB00,ANM
413,0.7191768712657822,1qwjB00,ANM
450,0.5764980447947644,1qwjB00,ANM
320,0.7437165167237384,1qwzA00,ANM
348,0.7258969560761322,1qwzA00,ANM
379,0.7145342582758113,1qwzA00,ANM
413,0.6676422895417892,1qwzA00,ANM
450,0.6685354735723424,1qwzA00,ANM
320,0.8769030840587756,1r3fA02,ANM
348,0.8942191204050148,1r3fA02,ANM
379,0.8592248567883437,1r3fA02,ANM
413,0.8392549854481361,1r3fA02,ANM
450,0.8619115112541532,1r3fA02,ANM
320,0.5851749350786296,1reoA03,ANM
348,0.6681222234234351,1reoA03,ANM
379,0.499668412998857,1reoA03,ANM
413,0.4816601006205883,1reoA03,ANM
450,0.3857451665686353,1reoA03,ANM
320,0.7476605644521419,1rjlC00,ANM
348,0.5808744611494913,1rjlC00,ANM
379,0.5384665520029018,1rjlC00,ANM
413,0.1414906894522022,1rjlC00,ANM
450,-0.0226674744285886,1rjlC00,ANM
320,0.7723846714874871,1rq2B02,ANM
348,0.770323287095614,1rq2B02,ANM
379,0.7810026431547258,1rq2B02,ANM
413,0.6385488879970069,1rq2B02,ANM
450,0.4157070869988808,1rq2B02,ANM
320,0.6233344138381953,1ruyH02,ANM
348,0.630459933049561,1ruyH02,ANM
379,0.6947251827972024,1ruyH02,ANM
413,0.5847925862811221,1ruyH02,ANM
450,0.5588375087203419,1ruyH02,ANM
320,0.5953143656057975,1rv9A00,ANM
348,0.6487406453951109,1rv9A00,ANM
379,0.6423277198564896,1rv9A00,ANM
413,0.5191850018558051,1rv9A00,ANM
450,0.4608471510568172,1rv9A00,ANM
320,0.5875274257885718,1rwrA00,ANM
348,0.6539852418835911,1rwrA00,ANM
379,0.6392129782869117,1rwrA00,ANM
413,0.5667023326058127,1rwrA00,ANM
450,0.5599656241535105,1rwrA00,ANM
320,0.7375836536778095,1ry9A00,ANM
348,0.7933888537542504,1ry9A00,ANM
379,0.7545534749226831,1ry9A00,ANM
413,0.7173572279175919,1ry9A00,ANM
450,0.4825842202280974,1ry9A00,ANM
320,0.3639076432447561,1ryuA00,ANM
348,0.6317078755639712,1ryuA00,ANM
379,0.2939221709222881,1ryuA00,ANM
413,0.4825296658373391,1ryuA00,ANM
450,0.3064101535709553,1ryuA00,ANM
320,0.6519993102617374,1rzmA01,ANM
348,0.5871784161483995,1rzmA01,ANM
379,0.628183952869242,1rzmA01,ANM
413,0.6214481583298301,1rzmA01,ANM
450,0.605273848088861,1rzmA01,ANM
320,0.4511531113950893,1rzuA02,ANM
348,0.3850113068036537,1rzuA02,ANM
379,0.4246058332390761,1rzuA02,ANM
413,0.4746225366571692,1rzuA02,ANM
450,0.4777648907992913,1rzuA02,ANM
320,0.6740804132162199,1s0pA01,ANM
348,0.6974410316286883,1s0pA01,ANM
379,0.6577913091212205,1s0pA01,ANM
413,0.6465478609798068,1s0pA01,ANM
450,0.372267199904903,1s0pA01,ANM
320,0.3884058931834926,1s5lB02,ANM
348,0.3974255433502109,1s5lB02,ANM
379,0.4379097274953828,1s5lB02,ANM
413,0.3480759586457059,1s5lB02,ANM
450,0.1808422873053378,1s5lB02,ANM
320,0.6946831112179248,1s5lH00,ANM
348,0.7324576646562053,1s5lH00,ANM
379,0.3963010968116439,1s5lH00,ANM
413,0.4243133645363688,1s5lH00,ANM
450,0.5646660587065225,1s5lH00,ANM
320,0.5023183263557718,1sk7A00,ANM
348,0.5615907471068285,1sk7A00,ANM
379,0.4269405920875206,1sk7A00,ANM
413,0.4205622270681367,1sk7A00,ANM
450,0.2844985039298229,1sk7A00,ANM
320,0.8577758741704223,1sknP00,ANM
348,0.8416582340716208,1sknP00,ANM
379,0.755950455084983,1sknP00,ANM
413,0.6322496303480465,1sknP00,ANM
450,0.4436485552923664,1sknP00,ANM
320,0.94903551437373,1sqpF00,ANM
348,0.9482363503693984,1sqpF00,ANM
379,0.9552947351175236,1sqpF00,ANM
413,0.5327874623926596,1sqpF00,ANM
450,0.6364820285972225,1sqpF00,ANM
320,0.7824204970594908,1sr8A02,ANM
348,0.677887969287057,1sr8A02,ANM
379,0.6057499186869937,1sr8A02,ANM
413,0.4148272330792293,1sr8A02,ANM
450,0.4242638435757737,1sr8A02,ANM
320,0.6422616907309315,1st0A02,ANM
348,0.6435340480457163,1st0A02,ANM
379,0.6708967743647389,1st0A02,ANM
413,0.669485055882273,1st0A02,ANM
450,0.5449479014330945,1st0A02,ANM
320,0.7970054829315781,1st6A03,ANM
348,0.7726328959092872,1st6A03,ANM
379,0.7531894486881386,1st6A03,ANM
413,0.6390242909952204,1st6A03,ANM
450,0.2256519805445579,1st6A03,ANM
320,0.7717139123386104,1sumB02,ANM
348,0.8352745583402773,1sumB02,ANM
379,0.7848965377168852,1sumB02,ANM
413,0.7342560140837755,1sumB02,ANM
450,0.5464593293160691,1sumB02,ANM
320,0.5112714523718255,1svpA01,ANM
348,0.5196784199595662,1svpA01,ANM
379,0.4918396130844306,1svpA01,ANM
413,0.26250633142498,1svpA01,ANM
450,-0.0365834261635139,1svpA01,ANM
320,0.6343549534079617,1sxjE02,ANM
348,0.4936907503889923,1sxjE02,ANM
379,0.5197074994655932,1sxjE02,ANM
413,0.508745676244545,1sxjE02,ANM
450,0.4546354716863605,1sxjE02,ANM
320,0.8426142947763008,1sxrA00,ANM
348,0.786919254873212,1sxrA00,ANM
379,0.7789885020967977,1sxrA00,ANM
413,0.5653556008300024,1sxrA00,ANM
450,0.6036606085823343,1sxrA00,ANM
320,0.7991460863822208,1sznA02,ANM
348,0.8455073155731798,1sznA02,ANM
379,0.6762888731000833,1sznA02,ANM
413,0.5857073006000038,1sznA02,ANM
450,0.4854462987983418,1sznA02,ANM
320,0.7282164903523418,1t0iA00,ANM
348,0.6760575178056247,1t0iA00,ANM
379,0.6017141141796486,1t0iA00,ANM
413,0.5741361948085745,1t0iA00,ANM
450,0.6769110228949407,1t0iA00,ANM
320,0.4320991963587842,1t4lB00,ANM
348,0.3535704920544808,1t4lB00,ANM
379,0.375550100406662,1t4lB00,ANM
413,0.4999398344937786,1t4lB00,ANM
450,0.0212483916568484,1t4lB00,ANM
320,0.6509288652279963,1tdpA00,ANM
348,0.5903400347023063,1tdpA00,ANM
379,0.6155334379303347,1tdpA00,ANM
413,0.3421756594348393,1tdpA00,ANM
450,-0.114455266844175,1tdpA00,ANM
320,0.7831844324405955,1tezA01,ANM
348,0.7836721066538406,1tezA01,ANM
379,0.8108470753575086,1tezA01,ANM
413,0.7571402068862458,1tezA01,ANM
450,0.6500794957113831,1tezA01,ANM
320,0.5526525276371085,1tg0A00,ANM
348,0.6007806286775558,1tg0A00,ANM
379,0.674642857992826,1tg0A00,ANM
413,0.6179396565473176,1tg0A00,ANM
450,0.0970104982767193,1tg0A00,ANM
320,0.7055225542003802,1ti2A01,ANM
348,0.401500729095343,1ti2A01,ANM
379,0.2856658703086802,1ti2A01,ANM
413,0.1781799576765285,1ti2A01,ANM
450,-0.1697925285254689,1ti2A01,ANM
320,0.9846899004146252,1tifA00,ANM
348,0.9774299910968396,1tifA00,ANM
379,0.971897000975908,1tifA00,ANM
413,0.9572842360839122,1tifA00,ANM
450,0.8814645355304912,1tifA00,ANM
320,0.7938579944326365,1tltA02,ANM
348,0.756470936910713,1tltA02,ANM
379,0.7643513187550471,1tltA02,ANM
413,0.7015516805942471,1tltA02,ANM
450,0.1651912146396466,1tltA02,ANM
320,0.8200664369033059,1tuaA01,ANM
348,0.8052746435482441,1tuaA01,ANM
379,0.8030389223422834,1tuaA01,ANM
413,0.4904391458626776,1tuaA01,ANM
450,0.2661704858591208,1tuaA01,ANM
320,0.6587192870909371,1tujA00,ANM
348,0.6400589261842993,1tujA00,ANM
379,0.6213221550944693,1tujA00,ANM
413,0.5528534161753251,1tujA00,ANM
450,0.4712273873254617,1tujA00,ANM
320,0.7583351270400237,1tvfA02,ANM
348,0.6912345265402959,1tvfA02,ANM
379,0.5426535781838163,1tvfA02,ANM
413,0.0142771574051564,1tvfA02,ANM
450,-0.0496890281451014,1tvfA02,ANM
320,0.9028240400436685,1tvjA00,ANM
348,0.8877720636885368,1tvjA00,ANM
379,0.8798013277701571,1tvjA00,ANM
413,0.6225590959292144,1tvjA00,ANM
450,0.4990757330874365,1tvjA00,ANM
320,0.4171186262946185,1twfA04,ANM
348,0.3482439773353907,1twfA04,ANM
379,0.3297416340151606,1twfA04,ANM
413,0.3485489504965932,1twfA04,ANM
450,0.015179298706132,1twfA04,ANM
320,0.5051592879168364,1txlA00,ANM
348,0.4987324102738092,1txlA00,ANM
379,0.4164560763232429,1txlA00,ANM
413,0.4568140159529489,1txlA00,ANM
450,0.5188478652987244,1txlA00,ANM
320,0.6787617067691283,1tyeA00,ANM
348,0.6744008924429117,1tyeA00,ANM
379,0.6374625488427186,1tyeA00,ANM
413,0.5779742211517572,1tyeA00,ANM
450,0.5261993328747294,1tyeA00,ANM
320,0.521201735825027,1tyjA00,ANM
348,0.5433744313794365,1tyjA00,ANM
379,0.4943812483670187,1tyjA00,ANM
413,0.4425314844595367,1tyjA00,ANM
450,0.2058812283767654,1tyjA00,ANM
320,0.6580002583220671,1u0bB02,ANM
348,0.63967324486467,1u0bB02,ANM
379,0.4850320574443579,1u0bB02,ANM
413,0.4408605990408246,1u0bB02,ANM
450,0.3134783944483979,1u0bB02,ANM
320,0.765487750619546,1u0mA01,ANM
348,0.7008407957404392,1u0mA01,ANM
379,0.6668376793702748,1u0mA01,ANM
413,0.6637207384837978,1u0mA01,ANM
450,0.5773448047543464,1u0mA01,ANM
320,0.6876855222484021,1u0vB01,ANM
348,0.7045065302508666,1u0vB01,ANM
379,0.6735857476529877,1u0vB01,ANM
413,0.6718905174003519,1u0vB01,ANM
450,0.5570146045804945,1u0vB01,ANM
320,0.6018153369699712,1u60A00,ANM
348,0.6292201051214916,1u60A00,ANM
379,0.539488118466782,1u60A00,ANM
413,0.5512237297608087,1u60A00,ANM
450,0.5740655980954459,1u60A00,ANM
320,0.6831905859659251,1uaiA00,ANM
348,0.6723514040191195,1uaiA00,ANM
379,0.6916138096422224,1uaiA00,ANM
413,0.6278837257208415,1uaiA00,ANM
450,0.4862802247834935,1uaiA00,ANM
320,0.5361074473758723,1uapA00,ANM
348,0.554042427726039,1uapA00,ANM
379,0.5518174054556312,1uapA00,ANM
413,0.5259625814255625,1uapA00,ANM
450,0.4817159599935707,1uapA00,ANM
320,0.5360219955767634,1uh4A02,ANM
348,0.4692516403089066,1uh4A02,ANM
379,0.501934587723868,1uh4A02,ANM
413,0.5690760690106783,1uh4A02,ANM
450,0.5614378676398079,1uh4A02,ANM
320,0.4274764430755415,1ulvA04,ANM
348,0.5401319624352554,1ulvA04,ANM
379,0.5854735225604667,1ulvA04,ANM
413,0.4711133122263995,1ulvA04,ANM
450,0.2934170660463056,1ulvA04,ANM
320,0.6839337521902342,1um8A02,ANM
348,0.7139726728659708,1um8A02,ANM
379,0.6275622309052442,1um8A02,ANM
413,0.6436429296327628,1um8A02,ANM
450,0.4306185926844625,1um8A02,ANM
320,0.4417030097282829,1uoyA01,ANM
348,0.4374137600424099,1uoyA01,ANM
379,0.4295535603270761,1uoyA01,ANM
413,0.2241635236881051,1uoyA01,ANM
450,0.0452834328794971,1uoyA01,ANM
